entry,entry_id
C2orf42,C2orf42
CCT2,CCT2
UGT2B15,UGT2B15
VPS37D,VPS37D
MAP2K4,MAP2K4
PPCDC,PPCDC
KLK9,KLK9
PPM1D,PPM1D
APOC4,APOC4
RINL,RINL
TRBV10-1,TRBV10-1
SNX3,SNX3
CTNNA2,CTNNA2
KCNJ6,KCNJ6
FOXN2,FOXN2
KRT24,KRT24
FBXO2,FBXO2
SGTA,SGTA
SEPT10,SEPT10
LRRC2,LRRC2
TRDV1,TRDV1
GJD3,GJD3
RNF222,RNF222
VSTM2B,VSTM2B
CXorf21,CXorf21
XPNPEP2,XPNPEP2
CLCA4,CLCA4
HGNC:22364,HGNC:22364
HGNC:48332,HGNC:48332
TAP1,TAP1
DPP10,DPP10
MLF1,MLF1
C4orf46,C4orf46
CWF19L1,CWF19L1
MSMO1,MSMO1
DDX19A,DDX19A
DAP3,DAP3
TRIM44,TRIM44
MMD,MMD
KANSL1,KANSL1
PRDM15,PRDM15
ODF2,ODF2
SRSF1,SRSF1
CDC27,CDC27
ADGRF4,ADGRF4
CDC5L,CDC5L
GNAQ,GNAQ
PCSK9,PCSK9
ACSL1,ACSL1
SERPINH1,SERPINH1
CSGALNACT1,CSGALNACT1
NHLRC4,NHLRC4
CT47B1,CT47B1
POLD2,POLD2
DHFR2,DHFR2
VPS35,VPS35
CEP57L1,CEP57L1
PGA3,PGA3
GRM6,GRM6
FCHSD1,FCHSD1
ADORA1,ADORA1
GRAMD2A,GRAMD2A
ENSG00000266086,ENSG00000266086
CRX,CRX
PNPLA4,PNPLA4
AKT3,AKT3
ALDH1L2,ALDH1L2
PARP9,PARP9
LRFN3,LRFN3
MAU2,MAU2
BTBD6,BTBD6
ARHGEF7,ARHGEF7
NTNG2,NTNG2
IGHV3OR16-13,IGHV3OR16-13
ERBIN,ERBIN
CHST15,CHST15
PPP1R1C,PPP1R1C
TYW1,TYW1
ROMO1,ROMO1
MSTN,MSTN
SIX2,SIX2
MGA,MGA
ALX3,ALX3
TP53,TP53
XKR4,XKR4
CD300LF,CD300LF
TMEM249,TMEM249
HGNC:24660,HGNC:24660
IGKV6-21,IGKV6-21
RSG1,RSG1
BZW1,BZW1
LRMDA,LRMDA
SBK2,SBK2
CDON,CDON
ATXN2L,ATXN2L
MYO1C,MYO1C
PRKAG1,PRKAG1
CD163,CD163
RPL26L1,RPL26L1
MAP3K4,MAP3K4
ZNF580,ZNF580
HAP1,HAP1
LAMA3,LAMA3
GADL1,GADL1
LIPT1,LIPT1
POLE3,POLE3
C12orf74,C12orf74
TPPP3,TPPP3
NFYB,NFYB
EDC4,EDC4
GTF2H2,GTF2H2
SLC22A7,SLC22A7
RILPL1,RILPL1
CPA3,CPA3
GGNBP2,GGNBP2
HSPA5,HSPA5
SERTAD4,SERTAD4
UMODL1,UMODL1
ORC3,ORC3
NFATC2,NFATC2
EFCAB11,EFCAB11
ARPIN,ARPIN
PIGV,PIGV
MAGEF1,MAGEF1
PSG2,PSG2
NFKBIE,NFKBIE
GMPR,GMPR
SLC9A7,SLC9A7
ASB11,ASB11
HNRNPU,HNRNPU
RCN3,RCN3
TAZ,TAZ
ACACB,ACACB
SEPT11,SEPT11
CIPC,CIPC
USP9Y,USP9Y
IDO2,IDO2
ONECUT2,ONECUT2
CHRNB4,CHRNB4
TMEM171,TMEM171
CAPN7,CAPN7
LIMK2,LIMK2
RGS20,RGS20
FOPNL,FOPNL
GCN1,GCN1
EDEM2,EDEM2
CATSPER4,CATSPER4
SLC22A10,SLC22A10
RAB13,RAB13
BTBD7,BTBD7
EHF,EHF
MRPS18B,MRPS18B
TIMM17A,TIMM17A
ELP6,ELP6
SLIT2,SLIT2
ADRA2C,ADRA2C
ANK2,ANK2
ZNF30,ZNF30
EMC3,EMC3
SNRPB,SNRPB
ABCF1,ABCF1
TLK1,TLK1
TIMP3,TIMP3
FTO,FTO
R3HDM4,R3HDM4
OAF,OAF
NAPRT,NAPRT
APTX,APTX
HGNC:1277,HGNC:1277
SLC15A4,SLC15A4
BCKDHA,BCKDHA
KIAA1211L,KIAA1211L
HGNC:26744,HGNC:26744
HSPE1-MOB4,HSPE1-MOB4
DUSP13,DUSP13
NUBP2,NUBP2
DUSP14,DUSP14
ZNF146,ZNF146
CHMP4B,CHMP4B
HGNC:23821,HGNC:23821
GBX2,GBX2
ALOX5,ALOX5
AP2B1,AP2B1
GIPC3,GIPC3
RNF182,RNF182
PHF8,PHF8
PNRC2,PNRC2
OSBPL11,OSBPL11
RPSA,RPSA
EMC10,EMC10
UTP18,UTP18
ARHGEF40,ARHGEF40
RXRA,RXRA
MRPS26,MRPS26
AFG1L,AFG1L
RPL34,RPL34
KRT222,KRT222
SF3A1,SF3A1
TSACC,TSACC
HELLS,HELLS
FFAR4,FFAR4
NPIPB13,NPIPB13
DTD1,DTD1
CDAN1,CDAN1
CYGB,CYGB
LAIR2,LAIR2
TYW3,TYW3
LDOC1,LDOC1
SENP2,SENP2
RNASEK,RNASEK
EEF1E1-BLOC1S5,EEF1E1-BLOC1S5
C19orf71,C19orf71
NXPE2,NXPE2
ESYT1,ESYT1
PRDM8,PRDM8
RBM11,RBM11
OR6N1,OR6N1
CAMK1D,CAMK1D
ZNF121,ZNF121
TMEM239,TMEM239
ILF3,ILF3
HNF4A,HNF4A
WHAMM,WHAMM
SFMBT2,SFMBT2
CMTM1,CMTM1
CLGN,CLGN
RAPGEF1,RAPGEF1
GNL3,GNL3
CCL4,CCL4
TMEM131L,TMEM131L
RASD1,RASD1
TEDC1,TEDC1
TACR2,TACR2
RSPRY1,RSPRY1
RPL13A,RPL13A
KMT2E,KMT2E
PDZD4,PDZD4
RUVBL2,RUVBL2
PLD4,PLD4
IGFBP3,IGFBP3
KCNJ9,KCNJ9
ACBD7,ACBD7
IFITM5,IFITM5
ADRM1,ADRM1
FAHD1,FAHD1
EMILIN2,EMILIN2
A2M,A2M
LEXM,LEXM
BPIFB3,BPIFB3
NPHP3,NPHP3
POLR2M,POLR2M
HEY1,HEY1
DEFB4A,DEFB4A
INMT-MINDY4,INMT-MINDY4
UQCRH,UQCRH
ZMIZ2,ZMIZ2
ATXN7L3B,ATXN7L3B
ENSG00000267618,ENSG00000267618
CXXC5,CXXC5
SLC35F6,SLC35F6
STK24,STK24
TOR1AIP2,TOR1AIP2
CNTROB,CNTROB
PAPPA,PAPPA
FEM1A,FEM1A
KIF2B,KIF2B
BBOX1,BBOX1
ADGRF1,ADGRF1
ATP6V1E2,ATP6V1E2
LIPK,LIPK
ZNF705A,ZNF705A
PCDHGB1,PCDHGB1
MARK4,MARK4
SUGP2,SUGP2
LRFN1,LRFN1
PABPN1L,PABPN1L
ZNF219,ZNF219
SPINK2,SPINK2
XPA,XPA
TNFRSF17,TNFRSF17
UBP1,UBP1
NCALD,NCALD
IER5,IER5
SPAM1,SPAM1
RECK,RECK
SUSD2,SUSD2
MPC2,MPC2
SLC39A7,SLC39A7
DUSP15,DUSP15
CDPF1,CDPF1
UBE3C,UBE3C
LMAN2,LMAN2
HGS,HGS
RAPGEF2,RAPGEF2
CDH9,CDH9
ZSWIM6,ZSWIM6
F13B,F13B
UBN1,UBN1
EIF3CL,EIF3CL
KRTAP4-1,KRTAP4-1
MEN1,MEN1
SMIM12,SMIM12
DDX3Y,DDX3Y
ZNF641,ZNF641
CAND2,CAND2
FAM84B,FAM84B
PAM,PAM
IFT140,IFT140
MAPKAPK2,MAPKAPK2
CWF19L2,CWF19L2
KCNN2,KCNN2
FGF7,FGF7
CEBPA,CEBPA
ATF7IP2,ATF7IP2
SBNO1,SBNO1
YPEL1,YPEL1
UBD,UBD
CCDC91,CCDC91
LMF2,LMF2
CEACAM16,CEACAM16
ESPL1,ESPL1
LRAT,LRAT
RTFDC1,RTFDC1
RNF217,RNF217
RNASEK-C17orf49,RNASEK-C17orf49
QRSL1,QRSL1
SPIRE1,SPIRE1
GOLGA4,GOLGA4
IFNA5,IFNA5
IGF2,IGF2
IGKV1-16,IGKV1-16
TBRG4,TBRG4
SLC1A1,SLC1A1
C1orf127,C1orf127
ZNF582,ZNF582
ZIC1,ZIC1
BAP1,BAP1
CCDC129,CCDC129
ENSG00000248751,ENSG00000248751
MRPL22,MRPL22
OR6B2,OR6B2
SGCG,SGCG
GOLGA6D,GOLGA6D
RHBG,RHBG
KRT25,KRT25
GLYATL3,GLYATL3
MRGPRX3,MRGPRX3
NUFIP2,NUFIP2
ALDH3B2,ALDH3B2
TMPRSS15,TMPRSS15
CLDND1,CLDND1
ENSG00000282804,ENSG00000282804
HELB,HELB
NBL1,NBL1
AQP12A,AQP12A
ACYP1,ACYP1
CNOT3,CNOT3
BAMBI,BAMBI
FGF11,FGF11
TAB3,TAB3
NUDCD2,NUDCD2
GRIN2C,GRIN2C
EFCAB3,EFCAB3
GGPS1,GGPS1
UBE2V1,UBE2V1
MMACHC,MMACHC
SETD7,SETD7
BTG3,BTG3
TMEM31,TMEM31
ZEB2,ZEB2
B4GALNT2,B4GALNT2
CLC,CLC
SCARA3,SCARA3
MMP14,MMP14
ATG9A,ATG9A
S100A16,S100A16
EIF3F,EIF3F
OLFM1,OLFM1
DTNA,DTNA
RHOXF1,RHOXF1
TWISTNB,TWISTNB
ATXN3L,ATXN3L
ENSG00000267001,ENSG00000267001
ASIC4,ASIC4
CD55,CD55
MED24,MED24
TTLL4,TTLL4
KRTAP1-1,KRTAP1-1
HLA-F,HLA-F
MAP6,MAP6
DDX21,DDX21
CA13,CA13
BCAS2,BCAS2
VPS18,VPS18
NLRP1,NLRP1
CSF2RA,CSF2RA
C1orf52,C1orf52
OR51M1,OR51M1
MBL2,MBL2
MRPS10,MRPS10
CEP192,CEP192
PRRC2B,PRRC2B
SMG6,SMG6
HGNC:26660,HGNC:26660
KCNH4,KCNH4
CERKL,CERKL
SYNE4,SYNE4
CSN1S1,CSN1S1
DDTL,DDTL
PTP4A1,PTP4A1
SLTM,SLTM
PHYHIPL,PHYHIPL
USP31,USP31
WAS,WAS
WDPCP,WDPCP
GNGT1,GNGT1
C10orf90,C10orf90
ONECUT1,ONECUT1
CD300C,CD300C
RUNDC3B,RUNDC3B
SDK2,SDK2
PIK3C2G,PIK3C2G
HGNC:21911,HGNC:21911
TOX2,TOX2
PPP1R9B,PPP1R9B
PRRG2,PRRG2
BMPR1B,BMPR1B
CUBN,CUBN
TNFRSF21,TNFRSF21
CHMP1A,CHMP1A
CCT5,CCT5
POC5,POC5
PPRC1,PPRC1
PSTPIP2,PSTPIP2
ZNF709,ZNF709
LMLN,LMLN
PQLC2L,PQLC2L
BORA,BORA
RBMX2,RBMX2
ANKUB1,ANKUB1
EXOC4,EXOC4
EPHB3,EPHB3
IL19,IL19
KRT72,KRT72
UBALD2,UBALD2
CPLX1,CPLX1
FABP12,FABP12
CDO1,CDO1
MAFG,MAFG
ZNF512B,ZNF512B
FGF21,FGF21
SKIL,SKIL
TAF1B,TAF1B
ZNF469,ZNF469
PFKFB4,PFKFB4
CCL17,CCL17
AZIN2,AZIN2
GPR55,GPR55
GZMM,GZMM
OR2B3,OR2B3
SPART,SPART
WNK1,WNK1
THOC1,THOC1
GPD2,GPD2
SLC7A14,SLC7A14
ARID4B,ARID4B
FFAR1,FFAR1
FUK,FUK
NRBF2,NRBF2
ADGRL4,ADGRL4
NECTIN3,NECTIN3
CFAP58,CFAP58
DCP1B,DCP1B
ZNF384,ZNF384
NGDN,NGDN
HKR1,HKR1
GCNA,GCNA
MAMDC2,MAMDC2
NSMAF,NSMAF
ARHGAP20,ARHGAP20
TP53RK,TP53RK
SIRT2,SIRT2
SLC27A6,SLC27A6
ENDOG,ENDOG
RBM17,RBM17
RAD51C,RAD51C
LDLR,LDLR
ZFYVE28,ZFYVE28
TRAV1-2,TRAV1-2
PACRG,PACRG
SLAMF9,SLAMF9
SPANXN4,SPANXN4
COMP,COMP
SLC9A2,SLC9A2
PIPOX,PIPOX
MRAP,MRAP
GPR39,GPR39
GULP1,GULP1
CRYGS,CRYGS
MAST2,MAST2
SPRR1B,SPRR1B
NUPL2,NUPL2
COMMD3,COMMD3
KAT5,KAT5
AMPD3,AMPD3
RTN4RL2,RTN4RL2
ODF3,ODF3
AKAP3,AKAP3
REG4,REG4
TIMM50,TIMM50
TMEM91,TMEM91
TIFAB,TIFAB
KLF16,KLF16
AQP1,AQP1
KRTAP5-1,KRTAP5-1
SEC24D,SEC24D
LINGO1,LINGO1
ZSWIM5,ZSWIM5
TK2,TK2
SHISA6,SHISA6
SMAGP,SMAGP
TRAV29DV5,TRAV29DV5
HMCN1,HMCN1
VTCN1,VTCN1
LAMTOR3,LAMTOR3
NPM1,NPM1
DHH,DHH
SIT1,SIT1
PPP1R27,PPP1R27
MTMR14,MTMR14
ZBP1,ZBP1
TANK,TANK
ISOC2,ISOC2
ADGRF5,ADGRF5
C19orf44,C19orf44
MAP4K3,MAP4K3
NAP1L5,NAP1L5
TMEM176A,TMEM176A
OR4F17,OR4F17
P2RX1,P2RX1
GUCA1B,GUCA1B
IGLV3-1,IGLV3-1
KBTBD8,KBTBD8
PAF1,PAF1
PCP2,PCP2
MAP3K11,MAP3K11
MXRA5,MXRA5
TBL1X,TBL1X
PEX13,PEX13
YBX1,YBX1
PRTG,PRTG
CCDC12,CCDC12
NIT1,NIT1
GPA33,GPA33
TGDS,TGDS
DRAM1,DRAM1
ALDH16A1,ALDH16A1
TRAJ1,TRAJ1
BNC2,BNC2
C9orf131,C9orf131
NWD2,NWD2
UGT1A3,UGT1A3
USP9X,USP9X
EFHC1,EFHC1
KIR3DX1,KIR3DX1
FAM221A,FAM221A
SLC22A12,SLC22A12
TAX1BP1,TAX1BP1
NUPR2,NUPR2
ANKS6,ANKS6
SYNDIG1,SYNDIG1
MTRNR2L10,MTRNR2L10
PCID2,PCID2
GRPEL2,GRPEL2
PLXNB1,PLXNB1
TRAJ23,TRAJ23
ZNF616,ZNF616
HCFC1,HCFC1
IGLJ2,IGLJ2
CEP76,CEP76
HRH1,HRH1
TAS2R13,TAS2R13
SUV39H1,SUV39H1
N4BP3,N4BP3
BET1,BET1
MED26,MED26
MIXL1,MIXL1
SLC25A3,SLC25A3
GREB1,GREB1
WDR74,WDR74
CCDC83,CCDC83
GLYCTK,GLYCTK
VASN,VASN
MED1,MED1
OR2T35,OR2T35
CRYBG2,CRYBG2
TIPIN,TIPIN
CEP70,CEP70
GHITM,GHITM
PDGFD,PDGFD
RGS9,RGS9
TMEM41A,TMEM41A
HGNC:34412,HGNC:34412
FBXO21,FBXO21
GATD1,GATD1
FABP9,FABP9
CCDC174,CCDC174
FANCL,FANCL
BCL9L,BCL9L
RNASE8,RNASE8
SERPINB5,SERPINB5
FAM213A,FAM213A
EIF3K,EIF3K
RAP1A,RAP1A
FAT1,FAT1
MFAP1,MFAP1
C17orf67,C17orf67
AGAP1,AGAP1
RAB3IL1,RAB3IL1
SSX7,SSX7
LSR,LSR
DDX31,DDX31
TAS2R31,TAS2R31
OR4F5,OR4F5
ETV7,ETV7
BCL7C,BCL7C
RHAG,RHAG
ZBTB12,ZBTB12
MTPAP,MTPAP
RNF11,RNF11
CORO1B,CORO1B
NANOS2,NANOS2
RTL10,RTL10
LSM7,LSM7
RBM27,RBM27
IPO13,IPO13
CXCL5,CXCL5
EPS15,EPS15
IPO7,IPO7
ELP5,ELP5
PLD6,PLD6
ENSG00000142539,ENSG00000142539
HMBS,HMBS
NME3,NME3
KLHL13,KLHL13
CD58,CD58
HIST1H1A,HIST1H1A
MB21D1,MB21D1
PTPRO,PTPRO
SLC29A3,SLC29A3
SERF1A,SERF1A
SLC3A1,SLC3A1
GJA1,GJA1
RAB42,RAB42
USP34,USP34
EPB41L4B,EPB41L4B
NTRK1,NTRK1
OR2AG1,OR2AG1
DDX47,DDX47
IGDCC4,IGDCC4
LRRC47,LRRC47
GPRIN2,GPRIN2
DIRAS2,DIRAS2
ZBTB24,ZBTB24
COX15,COX15
ESRP2,ESRP2
FETUB,FETUB
TUBB,TUBB
GNAS,GNAS
RNF215,RNF215
PRRT3,PRRT3
SHANK2,SHANK2
ENSG00000278139,ENSG00000278139
ENSG00000273398,ENSG00000273398
ADAMTS9,ADAMTS9
FCER1A,FCER1A
OR5H14,OR5H14
ROBO3,ROBO3
PPIL6,PPIL6
UBQLNL,UBQLNL
PDF,PDF
TGFB2,TGFB2
CHML,CHML
VSTM1,VSTM1
WDR82,WDR82
ACAT1,ACAT1
FAR2,FAR2
NEU2,NEU2
SPINK9,SPINK9
HSPA12A,HSPA12A
PTN,PTN
NSD3,NSD3
RARA,RARA
CASQ1,CASQ1
FHL5,FHL5
DIEXF,DIEXF
ZNF592,ZNF592
CLNS1A,CLNS1A
BPIFB6,BPIFB6
LCTL,LCTL
TPCN2,TPCN2
SRI,SRI
IQSEC2,IQSEC2
PEX11A,PEX11A
ATP6V1H,ATP6V1H
IQCD,IQCD
PXDNL,PXDNL
UBE2E2,UBE2E2
CSNK2A3,CSNK2A3
FIBCD1,FIBCD1
ENSG00000243440,ENSG00000243440
LRRC9,LRRC9
ENSG00000259522,ENSG00000259522
HBQ1,HBQ1
NAIF1,NAIF1
U2AF1L4,U2AF1L4
DNA2,DNA2
IGHV1OR15-9,IGHV1OR15-9
UTP11,UTP11
STH,STH
GLIS2,GLIS2
TNFRSF10A,TNFRSF10A
WFDC12,WFDC12
SPRED3,SPRED3
ZNF527,ZNF527
MZF1,MZF1
GPX4,GPX4
GAGE2A,GAGE2A
SCN8A,SCN8A
LMBR1L,LMBR1L
SCTR,SCTR
PURA,PURA
CRYBB3,CRYBB3
EVA1A,EVA1A
FAM133A,FAM133A
ZNF84,ZNF84
METAP1D,METAP1D
SLC23A3,SLC23A3
ARL15,ARL15
RECQL,RECQL
TRIM14,TRIM14
ENSG00000268133,ENSG00000268133
GNS,GNS
HIST1H1C,HIST1H1C
RAET1E,RAET1E
GDF6,GDF6
B4GALT3,B4GALT3
C1GALT1,C1GALT1
RPUSD1,RPUSD1
P2RY10,P2RY10
KRTAP9-6,KRTAP9-6
CTNNA1,CTNNA1
TUBGCP2,TUBGCP2
MID2,MID2
RPS27,RPS27
RFT1,RFT1
CLPB,CLPB
NAB2,NAB2
DCT,DCT
GNG12,GNG12
KRTAP15-1,KRTAP15-1
TAF2,TAF2
SSSCA1,SSSCA1
P4HTM,P4HTM
FAM114A1,FAM114A1
PCNX4,PCNX4
ZSWIM9,ZSWIM9
TGIF2LY,TGIF2LY
TMEM243,TMEM243
CNR2,CNR2
ITGB2,ITGB2
ABCC6,ABCC6
PCNP,PCNP
TMEM97,TMEM97
CA12,CA12
PRR27,PRR27
PF4,PF4
SELE,SELE
TRAV20,TRAV20
CDH1,CDH1
TNFAIP3,TNFAIP3
TRBV6-1,TRBV6-1
THRB,THRB
KCNQ1,KCNQ1
CELF1,CELF1
MAPK4,MAPK4
HHAT,HHAT
MCEMP1,MCEMP1
UPK3A,UPK3A
ENPP6,ENPP6
RPUSD3,RPUSD3
PLA2G6,PLA2G6
XPO7,XPO7
THSD7A,THSD7A
THNSL1,THNSL1
CISD1,CISD1
EMP3,EMP3
NR2C2AP,NR2C2AP
C5AR2,C5AR2
KDM3B,KDM3B
DSC2,DSC2
KDR,KDR
SCIN,SCIN
CDH24,CDH24
ITGB1BP2,ITGB1BP2
GPR20,GPR20
DNAJC28,DNAJC28
GRIPAP1,GRIPAP1
ATP2B2,ATP2B2
ERVV-2,ERVV-2
AFAP1,AFAP1
ENSG00000269590,ENSG00000269590
KRTAP5-2,KRTAP5-2
ATP12A,ATP12A
CCDC85C,CCDC85C
ZNF664,ZNF664
MAPRE1,MAPRE1
RABL3,RABL3
HYDIN,HYDIN
EFEMP1,EFEMP1
DPPA4,DPPA4
SETX,SETX
SPINK4,SPINK4
PPT2,PPT2
SMARCA4,SMARCA4
SPATA2,SPATA2
COQ8A,COQ8A
KRT6B,KRT6B
OR2T27,OR2T27
TACC3,TACC3
PALM,PALM
CDH8,CDH8
FMO4,FMO4
C16orf58,C16orf58
TUBA4A,TUBA4A
MYOM2,MYOM2
HRASLS5,HRASLS5
ZNF248,ZNF248
NPR3,NPR3
NUCB1,NUCB1
DPP3,DPP3
DNAJB5,DNAJB5
SCN2B,SCN2B
UGT1A4,UGT1A4
ANKRD11,ANKRD11
CHST1,CHST1
ZNF841,ZNF841
VILL,VILL
MRPS17,MRPS17
LSM1,LSM1
TSC1,TSC1
OR51E2,OR51E2
EPCAM,EPCAM
ITGB8,ITGB8
TRAJ61,TRAJ61
SPATA17,SPATA17
PSMD4,PSMD4
LY75,LY75
TNRC18,TNRC18
MAGIX,MAGIX
PDLIM5,PDLIM5
BAIAP3,BAIAP3
SLC5A9,SLC5A9
ACADSB,ACADSB
CWC25,CWC25
FRMD3,FRMD3
ERCC5,ERCC5
IGHV3-20,IGHV3-20
HPCAL4,HPCAL4
MIGA2,MIGA2
ORAOV1,ORAOV1
RUFY1,RUFY1
PRDM14,PRDM14
KARS,KARS
IGSF22,IGSF22
CXorf57,CXorf57
KCNQ2,KCNQ2
CCDC28B,CCDC28B
GOLGA8T,GOLGA8T
PIP,PIP
OLFM3,OLFM3
GPATCH2L,GPATCH2L
RBMY1A1,RBMY1A1
YIPF1,YIPF1
HSPB8,HSPB8
MAZ,MAZ
CMTM6,CMTM6
RSRC2,RSRC2
BRIX1,BRIX1
FAM117A,FAM117A
CTPS1,CTPS1
RPL13,RPL13
SLC10A2,SLC10A2
CSF3R,CSF3R
LMOD3,LMOD3
RBL2,RBL2
FOXD2,FOXD2
DLD,DLD
TMEM135,TMEM135
CALCA,CALCA
ZNF66,ZNF66
TRIM51,TRIM51
GPAA1,GPAA1
SAP130,SAP130
PPL,PPL
MUM1L1,MUM1L1
ELK1,ELK1
SRCAP,SRCAP
WTIP,WTIP
TMC4,TMC4
ALOX12,ALOX12
ROPN1B,ROPN1B
DSPP,DSPP
SPACA3,SPACA3
AARD,AARD
MAGEA1,MAGEA1
OR4F15,OR4F15
ABCD4,ABCD4
TUBA1C,TUBA1C
CDCA5,CDCA5
FUT7,FUT7
PLEKHA3,PLEKHA3
ASZ1,ASZ1
ENTPD5,ENTPD5
HSPA4,HSPA4
MBOAT1,MBOAT1
RNASE4,RNASE4
GDF15,GDF15
RUBCNL,RUBCNL
SIRT5,SIRT5
IER3IP1,IER3IP1
IPO11,IPO11
TOMM40L,TOMM40L
DHRS7B,DHRS7B
COX4I1,COX4I1
KIF1A,KIF1A
TRAJ5,TRAJ5
MMP3,MMP3
C19orf25,C19orf25
DLK2,DLK2
ENSG00000255639,ENSG00000255639
KIF26B,KIF26B
VWC2L,VWC2L
ZSCAN31,ZSCAN31
C2,C2
NKAIN3,NKAIN3
CRTAC1,CRTAC1
RAD21L1,RAD21L1
RGS3,RGS3
FAM163A,FAM163A
C11orf65,C11orf65
TRAJ59,TRAJ59
ENSG00000261732,ENSG00000261732
EMB,EMB
OR51J1,OR51J1
RAP1GAP,RAP1GAP
CENPS,CENPS
PPM1L,PPM1L
OR51D1,OR51D1
UPK2,UPK2
IGHG4,IGHG4
IQCF2,IQCF2
C10orf71,C10orf71
VPS45,VPS45
IL18,IL18
SERTAD3,SERTAD3
TCP11,TCP11
ACTL7A,ACTL7A
NKX2-3,NKX2-3
CARD18,CARD18
GAP43,GAP43
NECTIN2,NECTIN2
LRRN1,LRRN1
UBQLN1,UBQLN1
IGHV3-38,IGHV3-38
RPS6KB1,RPS6KB1
FBXW5,FBXW5
LCLAT1,LCLAT1
OR4C16,OR4C16
CHEK2,CHEK2
FAM3C,FAM3C
KCNH2,KCNH2
RAI2,RAI2
SLU7,SLU7
FGF12,FGF12
NEU4,NEU4
UBXN2A,UBXN2A
PIH1D3,PIH1D3
RNF128,RNF128
ARL8B,ARL8B
KLHL4,KLHL4
CCDC50,CCDC50
MPHOSPH6,MPHOSPH6
IL32,IL32
KNL1,KNL1
ZNF438,ZNF438
UBE2Q2L,UBE2Q2L
MGAT4B,MGAT4B
CNOT8,CNOT8
TBC1D5,TBC1D5
KPNA7,KPNA7
RPP25L,RPP25L
CT62,CT62
SLC39A12,SLC39A12
GNGT2,GNGT2
NDUFA11,NDUFA11
MOB3B,MOB3B
ENSG00000269741,ENSG00000269741
NDUFA13,NDUFA13
ITGAL,ITGAL
TRIB2,TRIB2
PHLPP2,PHLPP2
OR51A4,OR51A4
BIN3,BIN3
MYLK,MYLK
C1orf210,C1orf210
E2F2,E2F2
MEAF6,MEAF6
ELF2,ELF2
CLCC1,CLCC1
CD48,CD48
KIF20A,KIF20A
RPL11,RPL11
NPPB,NPPB
DCLRE1B,DCLRE1B
MRPL23,MRPL23
KRTAP19-5,KRTAP19-5
TPPP,TPPP
NHLRC1,NHLRC1
FLT3LG,FLT3LG
MZT2A,MZT2A
WNT11,WNT11
EIF3A,EIF3A
RPL5,RPL5
DTL,DTL
BMP8B,BMP8B
IRGM,IRGM
KCNK1,KCNK1
PPIL4,PPIL4
ANAPC15,ANAPC15
UTP23,UTP23
AMER3,AMER3
TSPAN14,TSPAN14
SH3GL3,SH3GL3
TADA1,TADA1
DNAJB9,DNAJB9
AMZ2,AMZ2
USP37,USP37
PHF10,PHF10
MOCS1,MOCS1
RFPL4B,RFPL4B
IL17RE,IL17RE
PAPPA2,PAPPA2
FANCD2OS,FANCD2OS
CHPF2,CHPF2
ARL2,ARL2
DTX1,DTX1
DDX10,DDX10
ANKRD23,ANKRD23
CD163L1,CD163L1
MBNL2,MBNL2
ARL6IP1,ARL6IP1
WTAP,WTAP
SULT2B1,SULT2B1
ADK,ADK
NKX2-8,NKX2-8
FAM71A,FAM71A
XPO5,XPO5
METAP2,METAP2
PIGW,PIGW
XKR9,XKR9
VMA21,VMA21
DESI1,DESI1
ZNF730,ZNF730
ACTR3B,ACTR3B
PCP4L1,PCP4L1
CHCHD10,CHCHD10
POLL,POLL
CCDC62,CCDC62
STYX,STYX
SNTB1,SNTB1
HOMER2,HOMER2
OLFML2B,OLFML2B
TRPC6,TRPC6
IGLV5-52,IGLV5-52
ZNF492,ZNF492
SAMM50,SAMM50
OSTM1,OSTM1
ECHDC3,ECHDC3
RPL37A,RPL37A
ERCC2,ERCC2
EPHA10,EPHA10
RASL12,RASL12
MYL7,MYL7
PTAR1,PTAR1
PRTFDC1,PRTFDC1
PRELID3B,PRELID3B
ASB12,ASB12
CARS,CARS
SLFN14,SLFN14
OR4D2,OR4D2
LYSMD4,LYSMD4
GATA2,GATA2
STK38L,STK38L
PGLYRP2,PGLYRP2
MAPT,MAPT
PLBD2,PLBD2
EIF2B1,EIF2B1
CHCHD6,CHCHD6
PDHX,PDHX
IGFL2,IGFL2
CHMP6,CHMP6
HPSE,HPSE
CCM2L,CCM2L
VMO1,VMO1
SLC35D3,SLC35D3
FAM3B,FAM3B
P4HA3,P4HA3
BRINP2,BRINP2
TRIM77,TRIM77
FIGLA,FIGLA
WDR19,WDR19
SYT5,SYT5
GABRG3,GABRG3
PLCB2,PLCB2
TAS2R46,TAS2R46
VMAC,VMAC
MYO5A,MYO5A
FGFBP1,FGFBP1
RAD51,RAD51
CEP295NL,CEP295NL
FABP6,FABP6
ZNF284,ZNF284
TRAPPC4,TRAPPC4
CACNG3,CACNG3
DCAF7,DCAF7
ZNF93,ZNF93
FUBP3,FUBP3
OBP2A,OBP2A
APLN,APLN
BDKRB2,BDKRB2
NID1,NID1
OR5K2,OR5K2
PLEKHF2,PLEKHF2
HOXD1,HOXD1
LEAP2,LEAP2
ESX1,ESX1
MDFIC,MDFIC
VWCE,VWCE
NFIB,NFIB
MRVI1,MRVI1
ABCG8,ABCG8
ZG16B,ZG16B
ARL2BP,ARL2BP
MYOC,MYOC
PROX1,PROX1
ZHX1-C8orf76,ZHX1-C8orf76
PCDH11X,PCDH11X
ZSWIM4,ZSWIM4
ZWINT,ZWINT
SLCO1A2,SLCO1A2
COX5B,COX5B
ENSG00000258472,ENSG00000258472
KDM4A,KDM4A
NR1I3,NR1I3
GIPC1,GIPC1
PPM1F,PPM1F
MDFI,MDFI
PLIN2,PLIN2
KLHL8,KLHL8
EFCAB14,EFCAB14
AP4M1,AP4M1
KIF26A,KIF26A
DAZ2,DAZ2
HERC2,HERC2
PAPOLB,PAPOLB
FHAD1,FHAD1
TMC1,TMC1
C1orf54,C1orf54
SRF,SRF
INSC,INSC
MGRN1,MGRN1
ACTB,ACTB
SV2A,SV2A
KIAA0895L,KIAA0895L
PCDHGB2,PCDHGB2
TAF1L,TAF1L
OR6B3,OR6B3
USP30,USP30
PTHLH,PTHLH
OR4K15,OR4K15
NME2,NME2
ZNF584,ZNF584
LMCD1,LMCD1
ERVFRD-1,ERVFRD-1
LRCH4,LRCH4
NINL,NINL
WWOX,WWOX
SRPK2,SRPK2
IRF8,IRF8
MRAP2,MRAP2
MRPL20,MRPL20
DPPA5,DPPA5
RDH8,RDH8
CHMP2A,CHMP2A
RAPGEF6,RAPGEF6
DUSP6,DUSP6
FAM212B,FAM212B
TNS1,TNS1
CREBRF,CREBRF
ENSG00000271793,ENSG00000271793
CCDC146,CCDC146
AEN,AEN
KNOP1,KNOP1
UQCRC2,UQCRC2
HDLBP,HDLBP
NAA11,NAA11
ZNF280B,ZNF280B
DDI1,DDI1
ZKSCAN3,ZKSCAN3
SQSTM1,SQSTM1
CARF,CARF
NRSN1,NRSN1
NSMCE2,NSMCE2
TAC1,TAC1
LCE1F,LCE1F
EFEMP2,EFEMP2
ZNF544,ZNF544
CYP4B1,CYP4B1
P2RX5,P2RX5
RBM28,RBM28
SELENOK,SELENOK
ATG16L1,ATG16L1
COG8,COG8
KRT26,KRT26
CLEC11A,CLEC11A
SEMA4A,SEMA4A
RNF138,RNF138
POLR3B,POLR3B
CSN2,CSN2
RNF122,RNF122
MARCH1,MARCH1
OXGR1,OXGR1
CSNK2A1,CSNK2A1
TDRP,TDRP
ADAMTS2,ADAMTS2
CRYL1,CRYL1
RCAN2,RCAN2
IL18RAP,IL18RAP
HMX1,HMX1
MCM9,MCM9
KRT83,KRT83
GANC,GANC
KCNE2,KCNE2
CNOT4,CNOT4
THOC3,THOC3
DEFB106A,DEFB106A
PPP1R13B,PPP1R13B
HGNC:31957,HGNC:31957
LY6E,LY6E
ALDH4A1,ALDH4A1
DUXA,DUXA
SLC33A1,SLC33A1
DNAJC5,DNAJC5
ETAA1,ETAA1
TRIM72,TRIM72
HHLA2,HHLA2
BOLA3,BOLA3
C16orf52,C16orf52
ZNF333,ZNF333
MYCN,MYCN
KIAA1841,KIAA1841
C12orf29,C12orf29
NDUFC1,NDUFC1
ENSG00000249967,ENSG00000249967
GSTA1,GSTA1
FUNDC1,FUNDC1
OR51G2,OR51G2
OGDHL,OGDHL
CEACAM4,CEACAM4
HERC1,HERC1
JPH1,JPH1
EDARADD,EDARADD
ARG2,ARG2
PRMT2,PRMT2
EFNA4,EFNA4
GJA10,GJA10
SPATA6,SPATA6
NADK2,NADK2
KRTAP4-16,KRTAP4-16
ZBTB43,ZBTB43
TBK1,TBK1
TCN2,TCN2
USH2A,USH2A
C11orf58,C11orf58
PHF19,PHF19
NCAPG2,NCAPG2
B4GALNT3,B4GALNT3
NANOG,NANOG
PIGH,PIGH
TMEM127,TMEM127
BOD1L1,BOD1L1
KCTD14,KCTD14
TSNAX-DISC1,TSNAX-DISC1
SAP18,SAP18
KAT2B,KAT2B
RAB35,RAB35
ENSG00000257355,ENSG00000257355
RGL1,RGL1
EBAG9,EBAG9
TBC1D20,TBC1D20
RNF144A,RNF144A
AQP5,AQP5
DDX58,DDX58
GTF2H3,GTF2H3
ADCY8,ADCY8
TRABD,TRABD
ANO6,ANO6
NDUFC2,NDUFC2
LGALS8,LGALS8
GYPB,GYPB
HLA-B,HLA-B
ADPRM,ADPRM
TMEM144,TMEM144
FRYL,FRYL
ADD3,ADD3
TULP4,TULP4
PSMB8,PSMB8
TCF4,TCF4
ANGPTL6,ANGPTL6
PDZD7,PDZD7
RWDD1,RWDD1
APH1A,APH1A
CABYR,CABYR
TES,TES
LEF1,LEF1
RPS15,RPS15
GABRD,GABRD
USP1,USP1
TAS2R3,TAS2R3
CLDN8,CLDN8
CREG1,CREG1
SRRM4,SRRM4
COMMD10,COMMD10
VPS54,VPS54
LGSN,LGSN
CLIP3,CLIP3
LZTS1,LZTS1
PPWD1,PPWD1
MEA1,MEA1
DDX19B,DDX19B
C22orf15,C22orf15
ATP6V1B2,ATP6V1B2
GOLGA6B,GOLGA6B
TUFT1,TUFT1
SPATS2,SPATS2
HGNC:28581,HGNC:28581
ZNF532,ZNF532
KIAA1683,KIAA1683
OAZ1,OAZ1
EVC,EVC
NUP153,NUP153
CABIN1,CABIN1
PLPPR5,PLPPR5
OR13D1,OR13D1
GNRH2,GNRH2
IL13RA2,IL13RA2
RIC8A,RIC8A
ASNSD1,ASNSD1
ZNF639,ZNF639
SKA1,SKA1
RPL18,RPL18
BAG2,BAG2
ACOD1,ACOD1
ENSG00000272442,ENSG00000272442
TNFAIP8,TNFAIP8
TNFSF12,TNFSF12
EFCAB9,EFCAB9
U2AF2,U2AF2
RTEL1-TNFRSF6B,RTEL1-TNFRSF6B
STPG2,STPG2
PRKG1,PRKG1
STAT1,STAT1
CATSPERG,CATSPERG
NDRG3,NDRG3
STK40,STK40
FNDC11,FNDC11
RAB9B,RAB9B
ENSG00000267140,ENSG00000267140
PILRB,PILRB
COQ3,COQ3
MBP,MBP
HGNC:16424,HGNC:16424
ZFP36L2,ZFP36L2
NPIPB7,NPIPB7
HGNC:27275,HGNC:27275
LYRM9,LYRM9
PTRHD1,PTRHD1
TDG,TDG
PEX10,PEX10
CATIP,CATIP
SBNO2,SBNO2
OXCT2,OXCT2
HGNC:53619,HGNC:53619
CCDC74B,CCDC74B
AKAP2,AKAP2
FBXO44,FBXO44
LAX1,LAX1
TJP2,TJP2
ARRDC3,ARRDC3
TSPAN2,TSPAN2
VN1R2,VN1R2
HGNC:23418,HGNC:23418
MRPL45,MRPL45
SPINT4,SPINT4
ABCB1,ABCB1
MMD2,MMD2
APOL3,APOL3
FCRL6,FCRL6
TSHZ2,TSHZ2
SOHLH2,SOHLH2
CNKSR1,CNKSR1
DPAGT1,DPAGT1
TMEM27,TMEM27
C8orf74,C8orf74
ZCWPW1,ZCWPW1
SALL2,SALL2
FBXL20,FBXL20
FAM182B,FAM182B
FAM177B,FAM177B
MARF1,MARF1
FKBP14,FKBP14
C5orf51,C5orf51
ASCL5,ASCL5
PRKAG3,PRKAG3
PRKAG2,PRKAG2
TAS2R4,TAS2R4
GNA14,GNA14
ANKRD24,ANKRD24
ENSG00000269242,ENSG00000269242
POLK,POLK
ST6GALNAC1,ST6GALNAC1
CEBPG,CEBPG
USP48,USP48
DFFA,DFFA
GPR137C,GPR137C
OPA1,OPA1
DDX25,DDX25
PLBD1,PLBD1
SUSD3,SUSD3
COA5,COA5
HCAR1,HCAR1
POLH,POLH
RNASEL,RNASEL
GID4,GID4
DCTN2,DCTN2
ELOF1,ELOF1
TNF,TNF
SVEP1,SVEP1
DCDC1,DCDC1
B3GNT3,B3GNT3
TET3,TET3
KRTAP19-8,KRTAP19-8
ECD,ECD
TEKT4,TEKT4
KLF11,KLF11
DDOST,DDOST
MRPL50,MRPL50
CHTOP,CHTOP
CEP162,CEP162
MRPS34,MRPS34
CA1,CA1
VCP,VCP
CASK,CASK
ECT2,ECT2
FHIT,FHIT
ACAT2,ACAT2
HS3ST2,HS3ST2
RAD52,RAD52
ENSG00000259164,ENSG00000259164
CYB5D1,CYB5D1
SNU13,SNU13
IQCF3,IQCF3
PEX11G,PEX11G
ZNF696,ZNF696
KCNK3,KCNK3
GPX5,GPX5
SKIV2L,SKIV2L
TAF7L,TAF7L
RHBDD3,RHBDD3
NDUFB11,NDUFB11
NASP,NASP
MAK,MAK
TCEAL2,TCEAL2
SLC26A7,SLC26A7
FGGY,FGGY
MSRB1,MSRB1
KCTD10,KCTD10
TEKT2,TEKT2
HCLS1,HCLS1
DEFB107A,DEFB107A
ASTN2,ASTN2
PCNX2,PCNX2
KLRC3,KLRC3
NETO1,NETO1
DYRK2,DYRK2
TLX1,TLX1
FZD4,FZD4
MKS1,MKS1
PORCN,PORCN
SGK2,SGK2
RGPD8,RGPD8
ALOX5AP,ALOX5AP
OR52H1,OR52H1
CEP63,CEP63
ENSG00000260234,ENSG00000260234
COL25A1,COL25A1
MYH7,MYH7
CD300LG,CD300LG
ARHGAP33,ARHGAP33
STX12,STX12
CNIH1,CNIH1
KDELC1,KDELC1
SMC5,SMC5
PPM1A,PPM1A
OR4X1,OR4X1
LPAR5,LPAR5
DEDD,DEDD
RLF,RLF
OCIAD2,OCIAD2
DEF8,DEF8
HAUS7,HAUS7
NHLRC3,NHLRC3
TINF2,TINF2
OR5K3,OR5K3
STON2,STON2
HGD,HGD
PBX3,PBX3
C16orf96,C16orf96
SYNPR,SYNPR
CDC14B,CDC14B
PEX6,PEX6
TNKS1BP1,TNKS1BP1
CEP112,CEP112
VSIR,VSIR
SF3B6,SF3B6
STRADB,STRADB
COL13A1,COL13A1
GTF2A2,GTF2A2
KIR3DL1,KIR3DL1
SLFNL1,SLFNL1
UGT1A6,UGT1A6
MCCD1,MCCD1
ACP4,ACP4
TIMMDC1,TIMMDC1
WFIKKN2,WFIKKN2
MAP1LC3A,MAP1LC3A
FAM57A,FAM57A
NTM,NTM
NACC1,NACC1
NAXE,NAXE
WWC1,WWC1
UCP2,UCP2
FANCA,FANCA
SPAG16,SPAG16
MBD6,MBD6
LAMA5,LAMA5
LYPD6B,LYPD6B
SNX5,SNX5
HOOK3,HOOK3
INPP5B,INPP5B
KLC2,KLC2
CCDC15,CCDC15
EIF2S3L,EIF2S3L
PSMB7,PSMB7
UCHL1,UCHL1
HOXD3,HOXD3
RNASE13,RNASE13
NOTUM,NOTUM
DPY19L3,DPY19L3
QSOX1,QSOX1
PNPLA8,PNPLA8
DUSP26,DUSP26
DCK,DCK
ELOA2,ELOA2
SMTN,SMTN
LIX1L,LIX1L
MBD4,MBD4
MORN1,MORN1
SLC6A14,SLC6A14
TDO2,TDO2
RTN4IP1,RTN4IP1
PPP1CA,PPP1CA
TRIAP1,TRIAP1
CETN1,CETN1
ADAM11,ADAM11
RIOK1,RIOK1
DUSP19,DUSP19
FKBP5,FKBP5
IGLON5,IGLON5
ASRGL1,ASRGL1
ZNF362,ZNF362
P2RY1,P2RY1
GPR179,GPR179
CENPK,CENPK
SYT17,SYT17
ZNF134,ZNF134
USP21,USP21
AKR1A1,AKR1A1
TSPAN8,TSPAN8
DLG1,DLG1
RIC1,RIC1
PSG8,PSG8
ATE1,ATE1
B4GALT2,B4GALT2
MTSS1,MTSS1
LIFR,LIFR
ENSG00000257065,ENSG00000257065
CLCA2,CLCA2
CELSR2,CELSR2
SESN1,SESN1
ABCC9,ABCC9
MFSD4B,MFSD4B
NKD1,NKD1
OTOR,OTOR
SOX30,SOX30
POLI,POLI
LIN52,LIN52
DAD1,DAD1
NBEAL1,NBEAL1
ZC3H12A,ZC3H12A
MAP3K7,MAP3K7
ITLN2,ITLN2
LRRC61,LRRC61
RAPSN,RAPSN
TRIP12,TRIP12
CTNNBL1,CTNNBL1
PCMTD2,PCMTD2
MCM7,MCM7
IRS4,IRS4
GAS1,GAS1
SNX14,SNX14
ENSG00000258311,ENSG00000258311
TMEM163,TMEM163
CYP7B1,CYP7B1
CCDC181,CCDC181
PPP1R12B,PPP1R12B
CARD17,CARD17
IFT22,IFT22
GSTT1,GSTT1
EMC1,EMC1
CLEC14A,CLEC14A
MYOZ1,MYOZ1
TMEM25,TMEM25
PIR,PIR
MRPL28,MRPL28
SERPINI1,SERPINI1
CCDC27,CCDC27
SLX1A,SLX1A
CPXM1,CPXM1
IPO8,IPO8
ME3,ME3
ALKBH6,ALKBH6
FAM8A1,FAM8A1
WDCP,WDCP
SLC44A3,SLC44A3
LPXN,LPXN
KRT31,KRT31
KRTAP10-8,KRTAP10-8
PCDHAC2,PCDHAC2
ITCH,ITCH
PNP,PNP
AP3S1,AP3S1
BRAT1,BRAT1
SLITRK6,SLITRK6
HIC1,HIC1
E2F1,E2F1
NMS,NMS
HAUS3,HAUS3
MAPKAP1,MAPKAP1
RBX1,RBX1
ENSG00000213240,ENSG00000213240
CKB,CKB
SIX3,SIX3
CD59,CD59
TMCC1,TMCC1
ZFP64,ZFP64
CNGA3,CNGA3
PCK2,PCK2
GPC2,GPC2
PSD4,PSD4
RPH3A,RPH3A
ITIH2,ITIH2
PDE3A,PDE3A
CHI3L2,CHI3L2
MAP4K2,MAP4K2
TXLNB,TXLNB
CIP2A,CIP2A
ABL1,ABL1
PCDHAC1,PCDHAC1
ZC3H11A,ZC3H11A
IQGAP1,IQGAP1
CES4A,CES4A
HEXIM1,HEXIM1
RCC1,RCC1
SVBP,SVBP
CDKN2C,CDKN2C
RHEB,RHEB
MYL5,MYL5
ZNF548,ZNF548
RNASEH2B,RNASEH2B
RRP1B,RRP1B
ZCRB1,ZCRB1
TMEM200B,TMEM200B
DDX3X,DDX3X
DUSP9,DUSP9
LDB3,LDB3
GPANK1,GPANK1
PRSS33,PRSS33
SRFBP1,SRFBP1
LASP1,LASP1
WDR49,WDR49
CDH19,CDH19
KTI12,KTI12
CEBPZ,CEBPZ
MFSD9,MFSD9
ACKR3,ACKR3
SLC38A10,SLC38A10
CENPI,CENPI
NEK2,NEK2
OPN4,OPN4
ATXN1L,ATXN1L
C5AR1,C5AR1
ERVMER34-1,ERVMER34-1
LIPA,LIPA
POU3F3,POU3F3
TANGO6,TANGO6
PPP1R36,PPP1R36
GAGE2E,GAGE2E
DDIT4L,DDIT4L
BPIFA1,BPIFA1
ATP1B1,ATP1B1
HTR2A,HTR2A
LYSMD1,LYSMD1
WDR66,WDR66
KRBOX4,KRBOX4
OR10R2,OR10R2
PKNOX2,PKNOX2
EIF2A,EIF2A
SSTR4,SSTR4
HGNC:25175,HGNC:25175
ATIC,ATIC
CEP41,CEP41
PLTP,PLTP
FAM19A3,FAM19A3
FOXD4L5,FOXD4L5
CD40LG,CD40LG
FAM161A,FAM161A
UNG,UNG
IGKJ3,IGKJ3
ATAD1,ATAD1
MDM1,MDM1
HSPA9,HSPA9
PRMT7,PRMT7
CLHC1,CLHC1
MFSD6,MFSD6
ATP6V1G1,ATP6V1G1
OR5B17,OR5B17
ENSG00000254469,ENSG00000254469
SPATA5L1,SPATA5L1
SYNGR2,SYNGR2
PREX1,PREX1
CYP4F11,CYP4F11
ALK,ALK
NEK1,NEK1
TRPV3,TRPV3
SNX4,SNX4
CHD6,CHD6
POU6F1,POU6F1
ARFIP1,ARFIP1
HGNC:37259,HGNC:37259
SEPT3,SEPT3
PELO,PELO
OCEL1,OCEL1
SETDB1,SETDB1
SMIM30,SMIM30
SHB,SHB
SMIM20,SMIM20
DENND5A,DENND5A
NAA30,NAA30
GPATCH8,GPATCH8
ENSG00000267168,ENSG00000267168
C9orf152,C9orf152
RNF111,RNF111
IREB2,IREB2
PEAK3,PEAK3
MAPKBP1,MAPKBP1
PLEKHA5,PLEKHA5
FAM46D,FAM46D
RNF180,RNF180
SMLR1,SMLR1
TFDP1,TFDP1
HOXB7,HOXB7
S100A10,S100A10
TPMT,TPMT
MPV17,MPV17
BHMT,BHMT
FAM86C1,FAM86C1
ID3,ID3
VWDE,VWDE
ZNF334,ZNF334
LAP3,LAP3
CRYBB2,CRYBB2
F8A2,F8A2
CDHR3,CDHR3
EDEM3,EDEM3
C5orf63,C5orf63
CLINT1,CLINT1
CHM,CHM
ADAMTS5,ADAMTS5
NKX3-1,NKX3-1
FHL3,FHL3
MRGPRD,MRGPRD
BBS5,BBS5
ACSL6,ACSL6
ANO7,ANO7
NEXMIF,NEXMIF
OR4K1,OR4K1
KLHDC9,KLHDC9
OR52J3,OR52J3
SLC4A1,SLC4A1
ZNF324,ZNF324
KCNC4,KCNC4
OR10K2,OR10K2
TOR4A,TOR4A
CDCA7L,CDCA7L
NELFA,NELFA
TCF7L1,TCF7L1
SOWAHC,SOWAHC
HTR3E,HTR3E
UHMK1,UHMK1
NKX2-2,NKX2-2
HK3,HK3
OR52D1,OR52D1
SNX31,SNX31
SOD1,SOD1
PRDM13,PRDM13
CEP131,CEP131
OR51Q1,OR51Q1
BSDC1,BSDC1
ST8SIA2,ST8SIA2
HHATL,HHATL
UFSP1,UFSP1
OCA2,OCA2
KRT13,KRT13
MIF4GD,MIF4GD
REXO4,REXO4
TCEAL8,TCEAL8
IRF2BPL,IRF2BPL
SUPT20H,SUPT20H
KPNA2,KPNA2
NPRL2,NPRL2
OR7D4,OR7D4
SYTL3,SYTL3
PHPT1,PHPT1
LZTR1,LZTR1
KIF6,KIF6
TGIF1,TGIF1
POLR2E,POLR2E
PRKACA,PRKACA
AAR2,AAR2
CLEC5A,CLEC5A
STC1,STC1
CTNNA3,CTNNA3
KIAA1671,KIAA1671
GTPBP4,GTPBP4
TXN2,TXN2
HIST1H3A,HIST1H3A
NPY4R,NPY4R
NOMO2,NOMO2
SSH2,SSH2
BCL2L11,BCL2L11
SEMA3E,SEMA3E
RRS1,RRS1
RIC3,RIC3
ZNF391,ZNF391
KCTD4,KCTD4
BPIFC,BPIFC
HIPK2,HIPK2
DTX3,DTX3
PDRG1,PDRG1
HGNC:19400,HGNC:19400
SHMT2,SHMT2
HGNC:26364,HGNC:26364
TBC1D15,TBC1D15
C2CD4A,C2CD4A
NTN5,NTN5
RNF7,RNF7
MSI1,MSI1
MBD2,MBD2
KIAA1217,KIAA1217
ENDOV,ENDOV
ARL14EP,ARL14EP
FOXI1,FOXI1
DACH2,DACH2
FBXO34,FBXO34
HIST1H2BL,HIST1H2BL
BIRC2,BIRC2
HAUS2,HAUS2
PAK4,PAK4
EFCAB7,EFCAB7
CITED1,CITED1
ZNF556,ZNF556
IFI27,IFI27
FCHO1,FCHO1
RFTN2,RFTN2
ABI1,ABI1
SERPINA10,SERPINA10
ZBTB26,ZBTB26
NXNL2,NXNL2
SLC41A2,SLC41A2
GFRA3,GFRA3
ENSG00000263809,ENSG00000263809
CMTR1,CMTR1
INS,INS
SLITRK3,SLITRK3
NUF2,NUF2
FAM111A,FAM111A
CRLF1,CRLF1
TMX1,TMX1
OR5D18,OR5D18
GDPD2,GDPD2
CDKN1B,CDKN1B
FAHD2A,FAHD2A
AMELY,AMELY
HGSNAT,HGSNAT
ERLEC1,ERLEC1
TAF3,TAF3
GPRC6A,GPRC6A
PRKAA1,PRKAA1
TBC1D9,TBC1D9
TAF4B,TAF4B
BTF3L4,BTF3L4
RCOR1,RCOR1
RNF167,RNF167
RNF181,RNF181
PRR14,PRR14
ACTL8,ACTL8
SRM,SRM
DTYMK,DTYMK
CARD14,CARD14
SPSB2,SPSB2
ADM2,ADM2
FDXR,FDXR
SPDYA,SPDYA
KCNG1,KCNG1
RARB,RARB
CMC1,CMC1
MAP3K6,MAP3K6
PLEKHN1,PLEKHN1
GPR137B,GPR137B
AP5S1,AP5S1
EIPR1,EIPR1
EPB41L3,EPB41L3
MGAT3,MGAT3
CAMK2N1,CAMK2N1
USP17L23,USP17L23
ANKRD31,ANKRD31
TIGAR,TIGAR
RTL1,RTL1
MOK,MOK
ESRRB,ESRRB
CLEC18B,CLEC18B
JAM3,JAM3
HGNC:21600,HGNC:21600
KCNK13,KCNK13
RPP25,RPP25
LYNX1,LYNX1
WDR83,WDR83
TMEM106A,TMEM106A
NDUFS2,NDUFS2
RDH12,RDH12
GP5,GP5
PRKN,PRKN
EGR2,EGR2
ZNF382,ZNF382
DDA1,DDA1
GGT7,GGT7
MFSD14A,MFSD14A
HSPE1,HSPE1
ECEL1,ECEL1
MED13,MED13
C1orf105,C1orf105
JAM2,JAM2
NEDD8,NEDD8
PEAK1,PEAK1
ANXA10,ANXA10
FABP5,FABP5
SLCO3A1,SLCO3A1
TMSB4Y,TMSB4Y
SUSD6,SUSD6
SERPINB10,SERPINB10
VAMP7,VAMP7
TEP1,TEP1
FILIP1,FILIP1
CHPT1,CHPT1
WNK4,WNK4
RTCA,RTCA
C20orf144,C20orf144
CSF2RB,CSF2RB
EYA1,EYA1
TNFAIP1,TNFAIP1
ROPN1L,ROPN1L
SRSF9,SRSF9
POC1B-GALNT4,POC1B-GALNT4
SLC12A2,SLC12A2
SOX4,SOX4
MBTD1,MBTD1
RIPOR3,RIPOR3
C18orf63,C18orf63
NUP50,NUP50
ARL5B,ARL5B
CYP4F22,CYP4F22
COMMD2,COMMD2
NPL,NPL
LRRFIP2,LRRFIP2
LCN10,LCN10
TTYH2,TTYH2
TMEM40,TMEM40
STAT5A,STAT5A
SETD5,SETD5
TRIO,TRIO
TMEM11,TMEM11
CYP4F2,CYP4F2
TRMT11,TRMT11
MT2A,MT2A
KRTAP5-10,KRTAP5-10
CWC27,CWC27
BPGM,BPGM
SNX1,SNX1
FAM241B,FAM241B
CLLU1,CLLU1
SLC12A3,SLC12A3
SCIMP,SCIMP
TSPY1,TSPY1
CCDC92,CCDC92
OR4M1,OR4M1
CEP350,CEP350
PURG,PURG
NPIPB15,NPIPB15
ARL17A,ARL17A
ZNF547,ZNF547
MICU3,MICU3
NUP85,NUP85
TOGARAM1,TOGARAM1
ADAMTSL4,ADAMTSL4
ZFYVE27,ZFYVE27
OR56A3,OR56A3
TMTC1,TMTC1
ADGRG3,ADGRG3
POU3F4,POU3F4
LGI2,LGI2
RSPH10B2,RSPH10B2
PTBP3,PTBP3
PNPLA2,PNPLA2
PIK3C2A,PIK3C2A
LCE5A,LCE5A
SAE1,SAE1
CD4,CD4
FAM104B,FAM104B
ITM2A,ITM2A
DLX5,DLX5
ZFYVE1,ZFYVE1
PDIK1L,PDIK1L
DENND5B,DENND5B
C10orf88,C10orf88
DCTN4,DCTN4
SLC38A7,SLC38A7
COLQ,COLQ
CAMSAP2,CAMSAP2
RBKS,RBKS
LY6G6D,LY6G6D
EHD3,EHD3
ZNF205,ZNF205
IGHV6-1,IGHV6-1
CDKN2D,CDKN2D
HIST3H2BB,HIST3H2BB
ALG5,ALG5
RTN4RL1,RTN4RL1
NOMO1,NOMO1
PPP5D1,PPP5D1
INSM2,INSM2
TMEM255B,TMEM255B
DNAJC4,DNAJC4
BIVM,BIVM
CASP9,CASP9
WARS,WARS
CARD8,CARD8
TTLL9,TTLL9
CDKN2B,CDKN2B
BEGAIN,BEGAIN
RNPEP,RNPEP
FAM206A,FAM206A
TMEM26,TMEM26
SP4,SP4
GOLIM4,GOLIM4
SPACA5B,SPACA5B
GPM6A,GPM6A
SPATA7,SPATA7
DCUN1D1,DCUN1D1
FAM205A,FAM205A
DBX2,DBX2
MOGAT2,MOGAT2
REM1,REM1
STK3,STK3
LRRC8A,LRRC8A
TMEM200C,TMEM200C
KAT2A,KAT2A
ADAM33,ADAM33
NDUFB6,NDUFB6
LINGO4,LINGO4
CCDC81,CCDC81
GPRASP2,GPRASP2
TMEM187,TMEM187
IFRD2,IFRD2
CD302,CD302
SLC26A8,SLC26A8
LINC01556,LINC01556
GLE1,GLE1
TMEM220,TMEM220
CRCT1,CRCT1
TMPRSS12,TMPRSS12
NSUN5,NSUN5
SYT15,SYT15
CTSW,CTSW
STEAP1,STEAP1
ZNF148,ZNF148
BMPER,BMPER
NLRP8,NLRP8
IKBKE,IKBKE
SLC9A4,SLC9A4
PLAGL1,PLAGL1
ARHGAP42,ARHGAP42
RER1,RER1
RELN,RELN
PTPRCAP,PTPRCAP
TRAF7,TRAF7
HSPB1,HSPB1
PDE10A,PDE10A
ABCA1,ABCA1
C10orf76,C10orf76
TACO1,TACO1
HGNC:10631,HGNC:10631
CUL4B,CUL4B
S100A7,S100A7
ICAM4,ICAM4
NPFFR2,NPFFR2
NFIX,NFIX
ABCF3,ABCF3
RAB11FIP2,RAB11FIP2
FZR1,FZR1
STARD4,STARD4
ZNF721,ZNF721
TUBE1,TUBE1
ENSG00000266953,ENSG00000266953
TRPM4,TRPM4
NUBPL,NUBPL
UBE2B,UBE2B
RLN3,RLN3
TAS2R5,TAS2R5
PCDHGC4,PCDHGC4
ZFP41,ZFP41
ENSG00000254536,ENSG00000254536
MMADHC,MMADHC
ERGIC2,ERGIC2
PCDH9,PCDH9
HAX1,HAX1
ZNF778,ZNF778
AKAP1,AKAP1
GTF3C4,GTF3C4
TNFRSF13B,TNFRSF13B
YPEL5,YPEL5
TAX1BP3,TAX1BP3
H2AFJ,H2AFJ
FAM83B,FAM83B
C9orf50,C9orf50
LONRF3,LONRF3
DEFB135,DEFB135
GORASP1,GORASP1
KLK13,KLK13
OR1L6,OR1L6
TXN,TXN
KRT81,KRT81
CFHR1,CFHR1
MAPK10,MAPK10
SAT2,SAT2
ENSG00000268083,ENSG00000268083
KLK7,KLK7
BLOC1S1,BLOC1S1
IQCG,IQCG
FLG2,FLG2
TRPV4,TRPV4
YWHAG,YWHAG
MED15,MED15
PLEKHG4B,PLEKHG4B
NKAIN1,NKAIN1
DOLK,DOLK
MRPL55,MRPL55
MTX2,MTX2
FCGRT,FCGRT
UPF3B,UPF3B
ONECUT3,ONECUT3
SLC13A5,SLC13A5
ADAM28,ADAM28
ATAD3C,ATAD3C
NDUFS1,NDUFS1
CCDC186,CCDC186
GOLGA8H,GOLGA8H
PROZ,PROZ
NDC80,NDC80
ATP5D,ATP5D
EDDM3B,EDDM3B
SLC10A4,SLC10A4
NUDCD3,NUDCD3
NUTM2E,NUTM2E
PAQR8,PAQR8
RRP1,RRP1
C20orf27,C20orf27
MPP7,MPP7
DBF4,DBF4
AGBL1,AGBL1
GRIK4,GRIK4
PACSIN1,PACSIN1
ABCB6,ABCB6
GTPBP10,GTPBP10
B9D1,B9D1
WBP1,WBP1
BSG,BSG
MRPS5,MRPS5
CDX1,CDX1
SURF1,SURF1
ZSCAN1,ZSCAN1
KIAA1456,KIAA1456
OR2A7,OR2A7
TSSC4,TSSC4
PAK2,PAK2
RFPL2,RFPL2
CYP2C8,CYP2C8
C5orf52,C5orf52
HGNC:37166,HGNC:37166
VPS4A,VPS4A
NFKB1,NFKB1
PLGLB1,PLGLB1
ENSG00000264187,ENSG00000264187
FAM107A,FAM107A
POMK,POMK
MCC,MCC
RBPMS,RBPMS
XKR6,XKR6
FAM86B1,FAM86B1
KLF5,KLF5
SVOPL,SVOPL
NOCT,NOCT
SORBS3,SORBS3
DLX1,DLX1
CIC,CIC
NCCRP1,NCCRP1
CELF3,CELF3
HJURP,HJURP
DEFB108B,DEFB108B
KRTAP29-1,KRTAP29-1
TNK2,TNK2
FAM168B,FAM168B
TLR2,TLR2
CPSF7,CPSF7
LAMTOR5,LAMTOR5
HNF4G,HNF4G
OR8I2,OR8I2
GPR65,GPR65
PLEK,PLEK
AAMDC,AAMDC
ZFP90,ZFP90
RPRD1A,RPRD1A
LIN7B,LIN7B
BLOC1S4,BLOC1S4
RREB1,RREB1
ERC1,ERC1
MEPCE,MEPCE
RIMBP3,RIMBP3
IHH,IHH
TMEM222,TMEM222
IGKV1-12,IGKV1-12
PLA2G12A,PLA2G12A
PRRT1,PRRT1
LURAP1,LURAP1
FAM217A,FAM217A
DDB1,DDB1
MFAP2,MFAP2
AFAP1L1,AFAP1L1
OR4Q3,OR4Q3
IGLV3-9,IGLV3-9
THAP11,THAP11
RBMS1,RBMS1
THEM4,THEM4
ARHGAP12,ARHGAP12
MBD1,MBD1
RSPH6A,RSPH6A
RFPL3,RFPL3
WIPF1,WIPF1
ZNF738,ZNF738
ATP5F1,ATP5F1
RGS11,RGS11
C4orf22,C4orf22
FBXW8,FBXW8
RNF6,RNF6
WFDC10A,WFDC10A
GJC3,GJC3
TRIM42,TRIM42
CD151,CD151
MYH11,MYH11
GPSM2,GPSM2
AZU1,AZU1
WDR90,WDR90
HORMAD2,HORMAD2
MC2R,MC2R
UBASH3A,UBASH3A
SRRD,SRRD
HDGF,HDGF
CIART,CIART
PACS1,PACS1
NELL1,NELL1
PANX3,PANX3
WDR60,WDR60
UGT1A10,UGT1A10
CHRNA6,CHRNA6
CCDC105,CCDC105
RNF216,RNF216
APOC4-APOC2,APOC4-APOC2
NTPCR,NTPCR
ZSCAN23,ZSCAN23
CKAP2L,CKAP2L
MRPL49,MRPL49
FAM160A1,FAM160A1
HCN3,HCN3
PCDHB6,PCDHB6
CBLB,CBLB
TMEM200A,TMEM200A
ZNF213,ZNF213
UBQLN2,UBQLN2
RENBP,RENBP
FAM213B,FAM213B
FKRP,FKRP
SEZ6L,SEZ6L
AHCYL1,AHCYL1
S1PR4,S1PR4
SSX5,SSX5
GIT1,GIT1
PNKP,PNKP
ZNF546,ZNF546
OPRPN,OPRPN
NIM1K,NIM1K
CASP8,CASP8
SH3BP2,SH3BP2
SLC6A13,SLC6A13
ALKBH2,ALKBH2
LAMP3,LAMP3
BACH1,BACH1
ARHGEF10L,ARHGEF10L
PLXNB2,PLXNB2
EIF4H,EIF4H
LCP2,LCP2
BTN1A1,BTN1A1
LBR,LBR
INPP5E,INPP5E
FAM204A,FAM204A
MTRNR2L7,MTRNR2L7
OSBPL5,OSBPL5
FAM168A,FAM168A
FNDC7,FNDC7
ENSG00000267426,ENSG00000267426
FAM32A,FAM32A
MATN4,MATN4
F11,F11
GRIN2D,GRIN2D
SCOC,SCOC
GZMH,GZMH
LSM8,LSM8
CDH11,CDH11
FBXO38,FBXO38
NUDT7,NUDT7
FZD2,FZD2
SLC9A8,SLC9A8
TPTE,TPTE
OR1J1,OR1J1
DNAI2,DNAI2
RNF130,RNF130
ADM,ADM
RSU1,RSU1
HGNC:23667,HGNC:23667
IGHV3-74,IGHV3-74
CES1,CES1
HGNC:1290,HGNC:1290
TEX13A,TEX13A
MAS1,MAS1
MYOZ3,MYOZ3
NAPEPLD,NAPEPLD
TOR1A,TOR1A
CBL,CBL
TMEM256,TMEM256
VPS41,VPS41
EDA2R,EDA2R
RASL11A,RASL11A
MTMR7,MTMR7
ATP2C2,ATP2C2
TXNL4A,TXNL4A
ENSG00000269711,ENSG00000269711
STK31,STK31
ENSG00000267699,ENSG00000267699
PTBP1,PTBP1
GOT1,GOT1
AKAP8L,AKAP8L
FCRL2,FCRL2
TRAJ53,TRAJ53
WDR92,WDR92
LSM6,LSM6
OPRL1,OPRL1
TMEFF2,TMEFF2
EIF4G1,EIF4G1
C11orf88,C11orf88
MYO5B,MYO5B
TSPAN9,TSPAN9
MPG,MPG
RHBDD1,RHBDD1
KCNIP4,KCNIP4
ZNF585A,ZNF585A
SPOCD1,SPOCD1
CCDC138,CCDC138
GPS2,GPS2
CEACAM5,CEACAM5
EPHB6,EPHB6
IGHE,IGHE
PIP4K2A,PIP4K2A
CSPG5,CSPG5
OR10J1,OR10J1
FAM222A,FAM222A
CRYBB1,CRYBB1
UCN3,UCN3
PLCG1,PLCG1
WDR97,WDR97
TCP10L,TCP10L
IGSF21,IGSF21
HCN4,HCN4
CHRNA5,CHRNA5
C1orf112,C1orf112
CDKN2A,CDKN2A
CCDC190,CCDC190
TACSTD2,TACSTD2
TTN,TTN
TTC23L,TTC23L
AURKC,AURKC
ZSCAN29,ZSCAN29
SMC6,SMC6
CDK8,CDK8
DSG1,DSG1
PRSS53,PRSS53
RCOR3,RCOR3
ZNF343,ZNF343
BASP1,BASP1
C15orf39,C15orf39
CERS2,CERS2
ITM2C,ITM2C
ZC3H15,ZC3H15
LMX1B,LMX1B
GPAM,GPAM
LRRTM3,LRRTM3
FOXN4,FOXN4
PCDHB8,PCDHB8
NCAPD2,NCAPD2
SUMO2,SUMO2
KCTD11,KCTD11
TXNL1,TXNL1
ZNF576,ZNF576
WDR75,WDR75
ZNF575,ZNF575
TRIML1,TRIML1
METTL17,METTL17
ACSS2,ACSS2
LVRN,LVRN
ODF3L1,ODF3L1
ADHFE1,ADHFE1
OR11H1,OR11H1
MAGEB5,MAGEB5
EHHADH,EHHADH
UHRF1BP1,UHRF1BP1
MIP,MIP
ZNF720,ZNF720
KCTD12,KCTD12
COPS8,COPS8
C12orf50,C12orf50
SPIN1,SPIN1
GFRA2,GFRA2
GYS2,GYS2
FLII,FLII
THNSL2,THNSL2
NR2F6,NR2F6
THTPA,THTPA
CCL11,CCL11
TRAJ39,TRAJ39
INTS7,INTS7
APCDD1,APCDD1
LYPD4,LYPD4
PRR26,PRR26
FBXO22,FBXO22
PEX26,PEX26
ZMYND10,ZMYND10
ANKS1A,ANKS1A
OR12D3,OR12D3
TRAJ22,TRAJ22
PTRH2,PTRH2
INHBC,INHBC
SCFD1,SCFD1
FBXO33,FBXO33
NDUFAF1,NDUFAF1
USMG5,USMG5
TEX14,TEX14
AMN1,AMN1
MESP1,MESP1
CCPG1,CCPG1
PNMA8B,PNMA8B
SNX16,SNX16
NEIL2,NEIL2
MCTP1,MCTP1
ISM2,ISM2
HMGN5,HMGN5
LPCAT2,LPCAT2
KDM2B,KDM2B
FRS2,FRS2
DEFB127,DEFB127
HNRNPH2,HNRNPH2
CDKN1A,CDKN1A
SPATA46,SPATA46
CEP85L,CEP85L
MICU1,MICU1
ZNF346,ZNF346
ATL1,ATL1
CHP1,CHP1
C16orf70,C16orf70
ATPAF2,ATPAF2
REPS2,REPS2
SLC9A5,SLC9A5
PLCB4,PLCB4
MOXD1,MOXD1
RABAC1,RABAC1
ANKAR,ANKAR
SLC25A28,SLC25A28
ANKRD20A3,ANKRD20A3
CCL28,CCL28
G3BP2,G3BP2
FRG2B,FRG2B
AMOTL1,AMOTL1
ATP5A1,ATP5A1
TSPAN6,TSPAN6
DNAJC10,DNAJC10
G2E3,G2E3
IGHD6-19,IGHD6-19
OR52I1,OR52I1
EPHX3,EPHX3
TTC32,TTC32
TNFSF10,TNFSF10
TMTC4,TMTC4
ZNF236,ZNF236
COASY,COASY
COPB2,COPB2
GUCY2F,GUCY2F
RASL11B,RASL11B
ACADS,ACADS
XKR7,XKR7
MROH2A,MROH2A
RPL24,RPL24
POLRMT,POLRMT
GADD45A,GADD45A
TRPC5,TRPC5
SNHG28,SNHG28
CLCNKA,CLCNKA
AXIN1,AXIN1
ESCO2,ESCO2
FMN1,FMN1
DNAJC7,DNAJC7
BICRA,BICRA
CYTIP,CYTIP
ATXN7L1,ATXN7L1
ATAD2,ATAD2
GLA,GLA
COG2,COG2
NENF,NENF
CHRNA1,CHRNA1
WDR46,WDR46
OR52I2,OR52I2
IL3RA,IL3RA
EIF3J,EIF3J
ATP6V0A1,ATP6V0A1
OR5M3,OR5M3
SYTL4,SYTL4
LRRC52,LRRC52
BTLA,BTLA
IFNL1,IFNL1
ENSG00000267740,ENSG00000267740
NALCN,NALCN
HGNC:17986,HGNC:17986
TMEM78,TMEM78
NDUFS8,NDUFS8
ST8SIA4,ST8SIA4
UPK1B,UPK1B
PDE6B,PDE6B
PSPC1,PSPC1
MPDU1,MPDU1
FAM20B,FAM20B
TXNRD3NB,TXNRD3NB
DIRC2,DIRC2
S100PBP,S100PBP
FAAH,FAAH
VIP,VIP
ZNF425,ZNF425
MLIP,MLIP
RPP40,RPP40
MPP3,MPP3
IRF2,IRF2
MLLT6,MLLT6
SLC32A1,SLC32A1
SP9,SP9
CEP97,CEP97
SSNA1,SSNA1
LMX1A,LMX1A
IFNW1,IFNW1
CTIF,CTIF
OTUD5,OTUD5
KHDRBS2,KHDRBS2
CD300A,CD300A
CDK3,CDK3
PEAR1,PEAR1
CRB1,CRB1
IGHD5-12,IGHD5-12
RNF212,RNF212
RLBP1,RLBP1
FUZ,FUZ
DNPH1,DNPH1
OLFM2,OLFM2
NUP210,NUP210
IBA57,IBA57
PRG2,PRG2
FXYD5,FXYD5
RBM20,RBM20
CA11,CA11
GXYLT2,GXYLT2
ANKRD27,ANKRD27
ARSF,ARSF
LAMP2,LAMP2
FAM110D,FAM110D
ENSG00000258864,ENSG00000258864
ZNF662,ZNF662
ENSG00000180574,ENSG00000180574
HAO1,HAO1
NCOA6,NCOA6
LGALS1,LGALS1
ACTG1,ACTG1
HGNC:29111,HGNC:29111
NGEF,NGEF
TIMM10B,TIMM10B
RRAS2,RRAS2
BEST1,BEST1
RHNO1,RHNO1
CHD1L,CHD1L
ERICH2,ERICH2
PCDH15,PCDH15
SLCO1B3,SLCO1B3
ZNF577,ZNF577
TEF,TEF
SCGB1C1,SCGB1C1
TMEM211,TMEM211
AGXT,AGXT
CLIC5,CLIC5
GATAD1,GATAD1
GATAD2A,GATAD2A
RBM4,RBM4
C6orf48,C6orf48
CASD1,CASD1
TEX26,TEX26
SMIM17,SMIM17
BRD9,BRD9
OR10G7,OR10G7
EXOC2,EXOC2
FLVCR2,FLVCR2
TPT1,TPT1
SCAP,SCAP
SUGCT,SUGCT
PARK7,PARK7
ACTRT3,ACTRT3
GNPTG,GNPTG
POLN,POLN
SMAD6,SMAD6
CDCA2,CDCA2
ACSM2A,ACSM2A
HOXA9,HOXA9
PRDX5,PRDX5
MAGEE2,MAGEE2
STAT5B,STAT5B
SLC35G2,SLC35G2
MPHOSPH10,MPHOSPH10
FFAR3,FFAR3
FSD2,FSD2
CRTAM,CRTAM
LZTFL1,LZTFL1
ANAPC13,ANAPC13
SASH1,SASH1
PTCH2,PTCH2
XYLB,XYLB
GTF2I,GTF2I
SLC35D1,SLC35D1
ZSCAN5B,ZSCAN5B
TRBV5-6,TRBV5-6
METAP1,METAP1
DPH2,DPH2
TAS2R39,TAS2R39
ENSG00000265590,ENSG00000265590
ZNF460,ZNF460
ATP6V1A,ATP6V1A
LSM14A,LSM14A
RAB14,RAB14
STAG2,STAG2
FDFT1,FDFT1
EIF2B3,EIF2B3
RLIM,RLIM
MRPL39,MRPL39
RAB4A,RAB4A
PAIP1,PAIP1
PRKCG,PRKCG
ACE,ACE
NR3C1,NR3C1
SV2B,SV2B
SLC26A11,SLC26A11
TMEM126B,TMEM126B
FNIP1,FNIP1
BIK,BIK
EPHA5,EPHA5
BNIP1,BNIP1
MGARP,MGARP
HIST1H2BB,HIST1H2BB
OR4C6,OR4C6
USP8,USP8
MTMR3,MTMR3
RPF1,RPF1
BUD31,BUD31
TMEM236,TMEM236
PKD1,PKD1
RGPD1,RGPD1
PRRX2,PRRX2
SERPINE2,SERPINE2
OR2AT4,OR2AT4
TMEM219,TMEM219
ANKRD40,ANKRD40
HELQ,HELQ
TMIE,TMIE
HNRNPK,HNRNPK
NPIPB6,NPIPB6
GSTT2,GSTT2
MAP3K10,MAP3K10
PBX4,PBX4
SPACA4,SPACA4
LRFN2,LRFN2
GJA8,GJA8
SWSAP1,SWSAP1
IGHD3-9,IGHD3-9
PA2G4,PA2G4
KLHL29,KLHL29
RPP30,RPP30
HGNC:18147,HGNC:18147
NUTF2,NUTF2
ENSG00000272741,ENSG00000272741
ANAPC10,ANAPC10
SLC25A29,SLC25A29
C15orf65,C15orf65
HAMP,HAMP
PAPOLA,PAPOLA
IGFL1,IGFL1
C3orf84,C3orf84
PITX2,PITX2
SOCS5,SOCS5
RFPL4A,RFPL4A
MEP1A,MEP1A
RPS6KA5,RPS6KA5
VEGFA,VEGFA
ADAMTSL3,ADAMTSL3
FAM166A,FAM166A
VPS4B,VPS4B
LIAS,LIAS
SSPN,SSPN
SCAF1,SCAF1
SIGLEC1,SIGLEC1
RBBP8NL,RBBP8NL
PDCD1LG2,PDCD1LG2
ENO3,ENO3
PPP2R3C,PPP2R3C
SLC4A5,SLC4A5
JAG1,JAG1
ENSG00000281039,ENSG00000281039
SOGA3,SOGA3
RPS10,RPS10
TRAV39,TRAV39
SPEM2,SPEM2
TMEM101,TMEM101
WDR5B,WDR5B
MUC20,MUC20
BOK,BOK
GAGE12H,GAGE12H
NSD1,NSD1
S100A9,S100A9
CCDC144NL,CCDC144NL
PLGRKT,PLGRKT
MUC7,MUC7
VCX,VCX
VAPB,VAPB
DEFB121,DEFB121
AKNA,AKNA
GATA5,GATA5
REG3G,REG3G
PITX1,PITX1
ZNF70,ZNF70
RPL27A,RPL27A
FBXL15,FBXL15
EGLN2,EGLN2
ITGB3BP,ITGB3BP
ALAS2,ALAS2
BCL11A,BCL11A
UBE2G2,UBE2G2
RGS19,RGS19
PDS5A,PDS5A
SFSWAP,SFSWAP
SLC23A1,SLC23A1
GRP,GRP
TEX47,TEX47
DLGAP4,DLGAP4
ZFX,ZFX
PVALB,PVALB
C3orf36,C3orf36
GCSH,GCSH
EPGN,EPGN
TAS2R42,TAS2R42
DRICH1,DRICH1
ANP32E,ANP32E
BCL3,BCL3
NKAP,NKAP
KIF15,KIF15
LAMP1,LAMP1
RAD18,RAD18
CEMP1,CEMP1
SLC8A2,SLC8A2
FDXACB1,FDXACB1
MAGEA9B,MAGEA9B
IL3,IL3
ICA1,ICA1
WIF1,WIF1
MYL12B,MYL12B
LGR4,LGR4
C22orf42,C22orf42
MFSD10,MFSD10
UACA,UACA
OR4D10,OR4D10
MFAP3,MFAP3
ACTR2,ACTR2
MAPK14,MAPK14
PCGF6,PCGF6
KIAA1549L,KIAA1549L
GOLGA8M,GOLGA8M
MTMR4,MTMR4
DPF3,DPF3
TBC1D17,TBC1D17
CABP1,CABP1
MYMK,MYMK
ZNF79,ZNF79
ZNF706,ZNF706
RPEL1,RPEL1
MKKS,MKKS
CTNNBIP1,CTNNBIP1
PRSS55,PRSS55
FOXJ3,FOXJ3
MICU2,MICU2
WFDC6,WFDC6
ADA2,ADA2
B3GALNT1,B3GALNT1
PATJ,PATJ
C20orf24,C20orf24
DPY19L1,DPY19L1
DUSP3,DUSP3
LRRC28,LRRC28
B3GNT5,B3GNT5
SLC20A1,SLC20A1
BCL2L13,BCL2L13
NAA40,NAA40
SLC6A11,SLC6A11
PPP2R5C,PPP2R5C
PGPEP1L,PGPEP1L
MAST3,MAST3
UQCR10,UQCR10
HGNC:37156,HGNC:37156
CCDC40,CCDC40
GFY,GFY
HGNC:44658,HGNC:44658
CYC1,CYC1
PRPS2,PRPS2
CBX2,CBX2
PTPN5,PTPN5
FAH,FAH
FOXN1,FOXN1
VEZT,VEZT
PRKAB2,PRKAB2
BLCAP,BLCAP
IGBP1,IGBP1
RTL8B,RTL8B
CEP126,CEP126
SPATA33,SPATA33
FAM241A,FAM241A
HTR3A,HTR3A
LRRC57,LRRC57
ZNF280C,ZNF280C
CMC4,CMC4
ACTR8,ACTR8
FBN1,FBN1
OR1S1,OR1S1
TTBK2,TTBK2
KIF19,KIF19
GTF2IRD2,GTF2IRD2
NTF3,NTF3
MYO1A,MYO1A
KLHDC8A,KLHDC8A
PAX8,PAX8
MSRB3,MSRB3
OTOP3,OTOP3
KRT15,KRT15
GPR173,GPR173
RNF114,RNF114
NXF5,NXF5
DSP,DSP
FUCA2,FUCA2
HGNC:16428,HGNC:16428
SH3PXD2A,SH3PXD2A
WIPF2,WIPF2
HHIP,HHIP
OR2M4,OR2M4
AKR7A3,AKR7A3
CNKSR3,CNKSR3
KRTAP5-6,KRTAP5-6
LMOD1,LMOD1
TBATA,TBATA
ISG20L2,ISG20L2
CALB1,CALB1
OLFML3,OLFML3
VIT,VIT
TOMM7,TOMM7
NACA2,NACA2
PDIA6,PDIA6
C7orf49,C7orf49
TERF2IP,TERF2IP
PRSS22,PRSS22
LAT2,LAT2
ETHE1,ETHE1
ACTR5,ACTR5
BMP15,BMP15
KHK,KHK
CAB39,CAB39
ARL3,ARL3
SEMG1,SEMG1
DPPA3,DPPA3
SDAD1,SDAD1
CTSD,CTSD
BAIAP2,BAIAP2
ACAP2,ACAP2
ETFRF1,ETFRF1
UNC45B,UNC45B
C3orf58,C3orf58
POU5F1,POU5F1
TRIM16L,TRIM16L
TCHH,TCHH
RPS19BP1,RPS19BP1
TINAG,TINAG
TMEM87B,TMEM87B
CCL5,CCL5
ZNF879,ZNF879
PHLPP1,PHLPP1
WDR24,WDR24
SLC39A11,SLC39A11
TAAR2,TAAR2
ANKRD34A,ANKRD34A
MFSD2B,MFSD2B
TEX51,TEX51
UPK3B,UPK3B
SNTN,SNTN
SHE,SHE
KCNJ15,KCNJ15
PRPF38B,PRPF38B
TRIM56,TRIM56
MRPS33,MRPS33
STX4,STX4
NCLN,NCLN
HPS4,HPS4
AKR7A2,AKR7A2
FGFR1OP,FGFR1OP
FXYD7,FXYD7
ACTA1,ACTA1
PLIN3,PLIN3
SLC37A1,SLC37A1
CA9,CA9
TMEM209,TMEM209
MIPOL1,MIPOL1
GTF2A1,GTF2A1
C6orf15,C6orf15
D2HGDH,D2HGDH
SLC25A11,SLC25A11
GPR101,GPR101
C8G,C8G
C14orf93,C14orf93
FAM90A26,FAM90A26
ZNF195,ZNF195
NDUFA4L2,NDUFA4L2
ING2,ING2
C14orf178,C14orf178
MASP2,MASP2
SPATA18,SPATA18
GATA6,GATA6
NEUROG3,NEUROG3
PAK1,PAK1
ZNF468,ZNF468
PAFAH1B2,PAFAH1B2
NHLH2,NHLH2
MANEAL,MANEAL
TSSK1B,TSSK1B
ARF4,ARF4
KLK14,KLK14
SHISA2,SHISA2
HTR1B,HTR1B
PPFIA2,PPFIA2
CORO2B,CORO2B
CFTR,CFTR
PPME1,PPME1
PLD5,PLD5
ODF1,ODF1
GJA3,GJA3
NEDD4L,NEDD4L
CMPK2,CMPK2
ENSG00000255641,ENSG00000255641
IGLV3-19,IGLV3-19
PPP1R14A,PPP1R14A
ERI3,ERI3
ANAPC16,ANAPC16
PIGN,PIGN
NCOA1,NCOA1
CHODL,CHODL
ZNF695,ZNF695
WAC,WAC
CD44,CD44
ZNF644,ZNF644
HDAC3,HDAC3
TYR,TYR
C1orf109,C1orf109
TRIM46,TRIM46
OR4S1,OR4S1
TRAJ36,TRAJ36
PIN1,PIN1
HS1BP3,HS1BP3
SIRT6,SIRT6
CTU2,CTU2
KCNK17,KCNK17
MRPL36,MRPL36
LRRC10B,LRRC10B
ZNF264,ZNF264
PILRA,PILRA
MITD1,MITD1
COL9A3,COL9A3
DEAF1,DEAF1
NDUFAF2,NDUFAF2
SPRR2E,SPRR2E
CNDP2,CNDP2
ENSG00000269226,ENSG00000269226
CELF5,CELF5
MFSD14C,MFSD14C
ITGA5,ITGA5
DOCK10,DOCK10
TAS2R43,TAS2R43
KRTAP1-5,KRTAP1-5
CIAPIN1,CIAPIN1
TTYH3,TTYH3
EXTL1,EXTL1
COQ8B,COQ8B
SLC25A15,SLC25A15
SMIM18,SMIM18
ITSN1,ITSN1
OR5M8,OR5M8
CYP17A1,CYP17A1
SATB1,SATB1
EPAS1,EPAS1
PARP8,PARP8
CFAP97,CFAP97
PLPP4,PLPP4
RAB15,RAB15
MFN2,MFN2
KCNK6,KCNK6
POMGNT1,POMGNT1
ABCC5,ABCC5
TLE3,TLE3
ASGR1,ASGR1
TRIM64B,TRIM64B
ANKRD35,ANKRD35
C8A,C8A
C7orf50,C7orf50
OR5V1,OR5V1
PKP4,PKP4
TRNT1,TRNT1
ADRA1B,ADRA1B
MIOS,MIOS
HGF,HGF
ANKH,ANKH
GOLGA1,GOLGA1
ZSWIM8,ZSWIM8
GSTO1,GSTO1
ABCE1,ABCE1
SLC46A3,SLC46A3
ZNF557,ZNF557
IL10RB,IL10RB
POLR2F,POLR2F
CALB2,CALB2
MED14,MED14
AWAT1,AWAT1
RPL7A,RPL7A
GNPDA2,GNPDA2
ENSG00000273049,ENSG00000273049
DCLK1,DCLK1
RFC3,RFC3
HGNC:19828,HGNC:19828
TMEM116,TMEM116
AP3B2,AP3B2
ZFPM2,ZFPM2
MED11,MED11
DYM,DYM
NUFIP1,NUFIP1
DEFB119,DEFB119
VGLL1,VGLL1
EIF2B4,EIF2B4
POGK,POGK
GDPD4,GDPD4
PPP1R11,PPP1R11
ABCD1,ABCD1
WASHC2C,WASHC2C
PCDHGA12,PCDHGA12
GCSAML,GCSAML
CCDC65,CCDC65
ENSG00000272921,ENSG00000272921
PSEN1,PSEN1
FKBP1A,FKBP1A
GFRA1,GFRA1
ARHGEF38,ARHGEF38
SLC1A5,SLC1A5
RAB3GAP2,RAB3GAP2
SHCBP1,SHCBP1
CRYBA4,CRYBA4
TF,TF
LNPEP,LNPEP
PPP1R14B,PPP1R14B
AGT,AGT
PABPC1L,PABPC1L
PDGFRB,PDGFRB
C12orf45,C12orf45
PTPRN,PTPRN
ACTR3C,ACTR3C
VPS8,VPS8
RIPK3,RIPK3
CCNB1IP1,CCNB1IP1
C1GALT1C1,C1GALT1C1
DOK1,DOK1
RBM5,RBM5
SLC25A2,SLC25A2
IRF6,IRF6
ABHD14A-ACY1,ABHD14A-ACY1
C8orf86,C8orf86
RBM48,RBM48
DERA,DERA
ZNF383,ZNF383
CNIH4,CNIH4
L3MBTL3,L3MBTL3
DNAJC12,DNAJC12
SLC15A3,SLC15A3
SLCO2B1,SLCO2B1
ASB3,ASB3
PFKFB3,PFKFB3
SEC22C,SEC22C
UBLCP1,UBLCP1
KCNJ8,KCNJ8
STON1-GTF2A1L,STON1-GTF2A1L
ABCA12,ABCA12
STRC,STRC
EIF5,EIF5
KRTAP20-2,KRTAP20-2
PHIP,PHIP
FSD1L,FSD1L
YIPF6,YIPF6
FAM159B,FAM159B
AK4,AK4
ASB6,ASB6
SINHCAF,SINHCAF
EIF5A,EIF5A
NBEAL2,NBEAL2
NUBP1,NUBP1
ANKRD52,ANKRD52
NUP62CL,NUP62CL
DHRSX,DHRSX
LIN28A,LIN28A
SLC8A1,SLC8A1
NPIPA5,NPIPA5
ZFP14,ZFP14
DNASE1,DNASE1
DOK4,DOK4
THAP2,THAP2
LIG1,LIG1
ATP2C1,ATP2C1
WEE1,WEE1
ZNF799,ZNF799
KRTAP25-1,KRTAP25-1
EXD1,EXD1
CYBA,CYBA
MAPK3,MAPK3
FAM118B,FAM118B
ZMYM3,ZMYM3
KCNJ1,KCNJ1
NOG,NOG
IRAK3,IRAK3
GSN,GSN
ISOC1,ISOC1
ATP6V0E1,ATP6V0E1
FAM20C,FAM20C
SERINC5,SERINC5
C11orf96,C11orf96
TCTN1,TCTN1
TCTN2,TCTN2
ZNF862,ZNF862
MAGEB3,MAGEB3
ANGEL1,ANGEL1
TMEM5,TMEM5
DTWD2,DTWD2
LRRIQ3,LRRIQ3
AKAP6,AKAP6
MRGPRG,MRGPRG
ICAM3,ICAM3
TRBJ2-2P,TRBJ2-2P
GLB1L3,GLB1L3
ECM2,ECM2
UST,UST
UBASH3B,UBASH3B
OXR1,OXR1
DKC1,DKC1
ERVV-1,ERVV-1
ADGRG5,ADGRG5
CD96,CD96
SLC26A3,SLC26A3
TRGV2,TRGV2
GPSM1,GPSM1
TMEM67,TMEM67
HINFP,HINFP
CTRC,CTRC
PHF3,PHF3
MED27,MED27
KAT6B,KAT6B
CACNA2D4,CACNA2D4
TMEM235,TMEM235
PIGZ,PIGZ
RFTN1,RFTN1
FOXI2,FOXI2
OR5M11,OR5M11
PPOX,PPOX
RHEBL1,RHEBL1
HYI,HYI
CMTM8,CMTM8
SLC12A6,SLC12A6
GYG2,GYG2
ZNF615,ZNF615
SRXN1,SRXN1
PI4KA,PI4KA
TBC1D1,TBC1D1
CRTC3,CRTC3
TTC36,TTC36
SLC30A6,SLC30A6
SPIN2A,SPIN2A
RBM12B,RBM12B
PAPLN,PAPLN
FCER1G,FCER1G
BHLHE23,BHLHE23
ZBTB32,ZBTB32
POLR2B,POLR2B
SNAPC1,SNAPC1
SLC25A39,SLC25A39
ARHGEF26,ARHGEF26
SYT13,SYT13
EID2B,EID2B
DAB1,DAB1
LPP,LPP
WDR25,WDR25
TRAJ25,TRAJ25
HBM,HBM
SNRPG,SNRPG
ZSCAN4,ZSCAN4
TRAJ26,TRAJ26
PHF23,PHF23
HMGN1,HMGN1
TEPSIN,TEPSIN
OR2T1,OR2T1
NPM2,NPM2
HSD11B1,HSD11B1
SOCS6,SOCS6
CLDN15,CLDN15
DSG3,DSG3
TEX37,TEX37
HBG2,HBG2
LRP6,LRP6
GSC2,GSC2
PSMG3,PSMG3
BARHL1,BARHL1
PARS2,PARS2
DUT,DUT
IRAK1BP1,IRAK1BP1
C2orf73,C2orf73
MEGF10,MEGF10
OASL,OASL
C15orf38-AP3S2,C15orf38-AP3S2
TUBB3,TUBB3
FUT11,FUT11
FMO1,FMO1
HOXB3,HOXB3
IGLV7-43,IGLV7-43
ACBD5,ACBD5
CRTAP,CRTAP
VPS39,VPS39
NCOR1,NCOR1
ZBTB14,ZBTB14
TMEM53,TMEM53
CAMK4,CAMK4
POLR2D,POLR2D
TRGV9,TRGV9
PEX2,PEX2
RGPD4,RGPD4
MYCL,MYCL
MAS1L,MAS1L
MAPK15,MAPK15
C1QB,C1QB
TAS2R30,TAS2R30
INHA,INHA
ZFYVE19,ZFYVE19
CRLF3,CRLF3
AKAP8,AKAP8
CTNNB1,CTNNB1
C16orf54,C16orf54
SLAMF6,SLAMF6
MICALL1,MICALL1
FAXC,FAXC
CXCR4,CXCR4
SAFB,SAFB
MTA2,MTA2
NECTIN4,NECTIN4
TNC,TNC
DPP8,DPP8
C17orf53,C17orf53
RBMY1E,RBMY1E
MS4A6A,MS4A6A
MAFK,MAFK
OST4,OST4
FAM219A,FAM219A
INPP5F,INPP5F
COX16,COX16
GPT,GPT
CAPNS1,CAPNS1
CNTD2,CNTD2
ZNF692,ZNF692
NDUFB5,NDUFB5
PCDH1,PCDH1
CYSLTR2,CYSLTR2
TMEM35B,TMEM35B
GON7,GON7
ADCY3,ADCY3
WFDC3,WFDC3
SIMC1,SIMC1
DDX41,DDX41
KIAA0895,KIAA0895
FAM71F1,FAM71F1
SUGT1,SUGT1
PDLIM1,PDLIM1
GATC,GATC
LSG1,LSG1
ARHGEF2,ARHGEF2
SLC35B1,SLC35B1
FUT6,FUT6
ZNF653,ZNF653
TST,TST
IGFBP6,IGFBP6
ENSG00000281028,ENSG00000281028
LRRC24,LRRC24
TENM4,TENM4
CREB3L3,CREB3L3
ZC2HC1C,ZC2HC1C
NIPSNAP3A,NIPSNAP3A
CAPS2,CAPS2
SLC6A15,SLC6A15
SPRED1,SPRED1
ADCYAP1R1,ADCYAP1R1
MCAM,MCAM
RPL39,RPL39
SMTNL1,SMTNL1
METTL7A,METTL7A
TMEM182,TMEM182
GRAMD2B,GRAMD2B
MPND,MPND
PPM1G,PPM1G
DAO,DAO
ENSG00000249590,ENSG00000249590
CSF1,CSF1
BHMT2,BHMT2
TAL1,TAL1
ZNF737,ZNF737
TLL2,TLL2
TSSK3,TSSK3
PTPN2,PTPN2
H3F3C,H3F3C
IL5RA,IL5RA
GPR75,GPR75
SEC11A,SEC11A
GPR45,GPR45
METTL15,METTL15
LEMD2,LEMD2
TWIST1,TWIST1
VPS53,VPS53
CACNA1F,CACNA1F
DIO3,DIO3
KLF15,KLF15
CGREF1,CGREF1
YAF2,YAF2
FOXD4L3,FOXD4L3
ERICH6,ERICH6
DEFB136,DEFB136
CEP95,CEP95
TDP1,TDP1
MSN,MSN
WDR45,WDR45
CCT7,CCT7
SLIT3,SLIT3
FAM20A,FAM20A
TRPV5,TRPV5
CD8B,CD8B
HAVCR2,HAVCR2
OTUD7A,OTUD7A
MTRR,MTRR
FAM126A,FAM126A
GPM6B,GPM6B
PPP1R14C,PPP1R14C
TMEM132A,TMEM132A
PPP1R15B,PPP1R15B
INCA1,INCA1
SLC35A4,SLC35A4
TMEM30A,TMEM30A
GAL,GAL
TRIM13,TRIM13
PPP1R3C,PPP1R3C
PVR,PVR
FBXO7,FBXO7
FCN3,FCN3
TEKT5,TEKT5
TRIB3,TRIB3
NAA20,NAA20
FAM109B,FAM109B
PRKD1,PRKD1
DYDC1,DYDC1
RPP21,RPP21
SLC35G5,SLC35G5
VAC14,VAC14
TM4SF1,TM4SF1
AMH,AMH
RASSF6,RASSF6
DUS4L,DUS4L
GALNS,GALNS
TLK2,TLK2
DNAJB2,DNAJB2
ABI3,ABI3
CCL7,CCL7
C3,C3
PCGF1,PCGF1
TCEAL3,TCEAL3
RPS24,RPS24
ACBD3,ACBD3
CCR5,CCR5
RPA3,RPA3
OR51A7,OR51A7
FOXS1,FOXS1
OLFML2A,OLFML2A
PRSS46,PRSS46
IGHV3-72,IGHV3-72
FAM186A,FAM186A
FURIN,FURIN
TRAV8-2,TRAV8-2
TNNC1,TNNC1
LOXL3,LOXL3
NUMBL,NUMBL
RNF4,RNF4
DNAJC17,DNAJC17
CRNKL1,CRNKL1
TRAJ17,TRAJ17
TMEM134,TMEM134
HGNC:33805,HGNC:33805
NDUFC2-KCTD14,NDUFC2-KCTD14
DCUN1D4,DCUN1D4
NUAK1,NUAK1
COQ10A,COQ10A
KIFC2,KIFC2
CAMKK1,CAMKK1
PIEZO2,PIEZO2
ENSG00000268361,ENSG00000268361
PNPLA3,PNPLA3
SFRP1,SFRP1
ENSG00000277971,ENSG00000277971
FOXL2,FOXL2
ZBTB20,ZBTB20
AATF,AATF
TRIM10,TRIM10
ACTN2,ACTN2
SCN3A,SCN3A
PITRM1,PITRM1
KMT2A,KMT2A
ENSG00000255275,ENSG00000255275
PLA2G2C,PLA2G2C
KLHL14,KLHL14
GMEB2,GMEB2
RAG2,RAG2
HGNC:38749,HGNC:38749
CFAP69,CFAP69
TRBV5-7,TRBV5-7
COCH,COCH
ASPHD1,ASPHD1
NDUFA9,NDUFA9
MINDY4,MINDY4
ATP1A1,ATP1A1
RASGRP4,RASGRP4
NLRP7,NLRP7
RANBP9,RANBP9
MBD3L3,MBD3L3
CASTOR1,CASTOR1
BEST4,BEST4
SLC16A14,SLC16A14
ESF1,ESF1
MBTPS1,MBTPS1
HUWE1,HUWE1
LAMC2,LAMC2
SLC35E3,SLC35E3
GGA2,GGA2
ARFGAP1,ARFGAP1
TRAM1,TRAM1
AMMECR1,AMMECR1
SNX33,SNX33
BLACE,BLACE
CXCR6,CXCR6
NAA25,NAA25
HOXC9,HOXC9
C14orf180,C14orf180
SAG,SAG
TREM1,TREM1
TIFA,TIFA
SHD,SHD
CDC42EP4,CDC42EP4
XAGE5,XAGE5
EPB41,EPB41
ADAT1,ADAT1
PDPR,PDPR
OGFOD3,OGFOD3
FGF10,FGF10
APLNR,APLNR
SMYD5,SMYD5
CDC42EP5,CDC42EP5
MYCT1,MYCT1
OR1E1,OR1E1
CASP2,CASP2
PDE3B,PDE3B
GPN3,GPN3
GNA13,GNA13
METTL26,METTL26
ARHGAP23,ARHGAP23
NEFM,NEFM
ABCG1,ABCG1
MEF2D,MEF2D
KCNS2,KCNS2
SMYD4,SMYD4
CHRDL1,CHRDL1
CTNNAL1,CTNNAL1
TOB1,TOB1
FGL2,FGL2
TPRA1,TPRA1
LTA,LTA
ADRB2,ADRB2
JMJD6,JMJD6
GPR153,GPR153
GGA1,GGA1
BICD2,BICD2
ACSM2B,ACSM2B
NFKBIB,NFKBIB
MUCL1,MUCL1
DPY19L4,DPY19L4
TMEM198,TMEM198
RNFT1,RNFT1
OXCT1,OXCT1
HOOK2,HOOK2
RNASE2,RNASE2
P4HB,P4HB
VDAC1,VDAC1
CDK10,CDK10
TMEM115,TMEM115
RCBTB2,RCBTB2
FAM198B,FAM198B
PTCD1,PTCD1
ZDHHC21,ZDHHC21
INO80,INO80
ELAC1,ELAC1
ENTPD3,ENTPD3
IRS1,IRS1
SHROOM4,SHROOM4
UCP3,UCP3
BEND7,BEND7
ACAD10,ACAD10
CUL9,CUL9
MPZL2,MPZL2
PLA2G2A,PLA2G2A
MYT1,MYT1
ZNRF3,ZNRF3
PLEKHA8,PLEKHA8
RGP1,RGP1
NFE2L2,NFE2L2
PSMD9,PSMD9
FAM120AOS,FAM120AOS
NDUFA10,NDUFA10
SLITRK4,SLITRK4
RABL2A,RABL2A
ITGB6,ITGB6
HTR7,HTR7
OR13H1,OR13H1
VPS13D,VPS13D
STX19,STX19
FAM71C,FAM71C
DYRK3,DYRK3
ZNF716,ZNF716
KLHDC2,KLHDC2
CASR,CASR
OR6C3,OR6C3
ATP5E,ATP5E
EPN1,EPN1
UQCRC1,UQCRC1
RARRES1,RARRES1
NR0B2,NR0B2
ZNF354A,ZNF354A
STAM,STAM
EEFSEC,EEFSEC
TNFAIP8L3,TNFAIP8L3
MFAP3L,MFAP3L
SSUH2,SSUH2
TMEM81,TMEM81
UBQLN4,UBQLN4
SLC25A1,SLC25A1
MASP1,MASP1
PTPA,PTPA
RPL10L,RPL10L
TNFRSF10B,TNFRSF10B
ARMC2,ARMC2
RBM8A,RBM8A
COL4A3,COL4A3
FST,FST
CHAD,CHAD
WASF1,WASF1
AKIRIN2,AKIRIN2
LRP5,LRP5
RNF165,RNF165
USP35,USP35
UBTD2,UBTD2
TRAV26-2,TRAV26-2
ENSG00000257921,ENSG00000257921
RTRAF,RTRAF
TMOD3,TMOD3
ATP6AP1,ATP6AP1
CACNG6,CACNG6
ADAR,ADAR
HOXC11,HOXC11
GALNT8,GALNT8
DRGX,DRGX
IDH2,IDH2
HGNC:26480,HGNC:26480
C17orf99,C17orf99
GRAP,GRAP
RPLP0,RPLP0
ZNF543,ZNF543
COG7,COG7
TRIM40,TRIM40
SYNE2,SYNE2
OR52N5,OR52N5
ENSG00000270299,ENSG00000270299
RACK1,RACK1
OPA3,OPA3
SLC10A3,SLC10A3
BTAF1,BTAF1
OR1S2,OR1S2
RHOV,RHOV
TADA2B,TADA2B
OLR1,OLR1
STEAP2,STEAP2
HOXB6,HOXB6
SORBS1,SORBS1
CENPH,CENPH
SNX17,SNX17
CDH17,CDH17
ZBTB17,ZBTB17
HSCB,HSCB
SIGLEC14,SIGLEC14
BMP3,BMP3
JCAD,JCAD
SLF2,SLF2
LIM2,LIM2
TAS2R38,TAS2R38
SOX15,SOX15
PGBD1,PGBD1
IZUMO4,IZUMO4
IL11RA,IL11RA
RNF151,RNF151
TBX18,TBX18
RRM2,RRM2
IL12RB2,IL12RB2
TMEM104,TMEM104
LYZ,LYZ
MRPL4,MRPL4
MTRNR2L6,MTRNR2L6
RBCK1,RBCK1
FGF23,FGF23
FGF17,FGF17
MYB,MYB
ACAA1,ACAA1
AARS,AARS
PNPLA1,PNPLA1
CNMD,CNMD
BEND6,BEND6
MAP3K20,MAP3K20
OR10A6,OR10A6
TMEM126A,TMEM126A
PATL1,PATL1
DENND2C,DENND2C
MAP3K9,MAP3K9
KRTCAP3,KRTCAP3
DHX9,DHX9
CDC42EP2,CDC42EP2
ISG20,ISG20
GRASP,GRASP
KRT36,KRT36
VEGFD,VEGFD
KANSL2,KANSL2
RFPL1,RFPL1
LHFPL1,LHFPL1
DLGAP3,DLGAP3
SLC22A8,SLC22A8
WIPI2,WIPI2
DCTPP1,DCTPP1
ABCA10,ABCA10
FKBP3,FKBP3
KCTD21,KCTD21
CES5A,CES5A
CPN2,CPN2
SURF4,SURF4
GBP2,GBP2
ARHGAP32,ARHGAP32
CGNL1,CGNL1
SLAIN2,SLAIN2
COL4A2,COL4A2
B4GALT4,B4GALT4
IGHV3-21,IGHV3-21
HIST1H2BO,HIST1H2BO
IFIT1,IFIT1
TTC6,TTC6
ISYNA1,ISYNA1
PGK1,PGK1
MANSC4,MANSC4
STIP1,STIP1
RAB3C,RAB3C
IYD,IYD
NFRKB,NFRKB
RAB8A,RAB8A
TRPM2,TRPM2
PAGE3,PAGE3
CRB2,CRB2
GPR25,GPR25
CTTNBP2NL,CTTNBP2NL
DGUOK,DGUOK
RGS8,RGS8
GUF1,GUF1
WDR37,WDR37
SCN5A,SCN5A
NEDD9,NEDD9
ARHGEF4,ARHGEF4
HGNC:44660,HGNC:44660
GGH,GGH
OR13C2,OR13C2
ADGRF3,ADGRF3
FGF22,FGF22
EGFL6,EGFL6
TBC1D24,TBC1D24
EARS2,EARS2
C1orf174,C1orf174
DEPTOR,DEPTOR
FKTN,FKTN
C7orf25,C7orf25
PABPC5,PABPC5
TRABD2B,TRABD2B
HINT1,HINT1
TECTA,TECTA
OR51B5,OR51B5
CACNG4,CACNG4
ACER2,ACER2
OR5M10,OR5M10
NNAT,NNAT
PIGB,PIGB
IGHV3-33,IGHV3-33
CYSTM1,CYSTM1
CNP,CNP
HTR1F,HTR1F
GGCX,GGCX
BICD1,BICD1
WNT10B,WNT10B
ENSG00000282034,ENSG00000282034
VCX3B,VCX3B
CCDC127,CCDC127
EIF3L,EIF3L
FIP1L1,FIP1L1
PRSS27,PRSS27
HSPA12B,HSPA12B
EPB41L1,EPB41L1
COPS7B,COPS7B
UGCG,UGCG
PCDHA8,PCDHA8
STXBP3,STXBP3
PPP6R3,PPP6R3
LBHD1,LBHD1
OR51S1,OR51S1
NUP35,NUP35
BRICD5,BRICD5
MAGEA8,MAGEA8
TLR3,TLR3
MEIS2,MEIS2
HCCS,HCCS
GCNT3,GCNT3
LMNA,LMNA
TUSC2,TUSC2
TRBJ2-4,TRBJ2-4
EIF4EBP1,EIF4EBP1
IDNK,IDNK
FAM47E-STBD1,FAM47E-STBD1
NDUFAF8,NDUFAF8
GNAT1,GNAT1
GRIN1,GRIN1
NAA50,NAA50
TTC1,TTC1
FAM184A,FAM184A
KLHL38,KLHL38
AK7,AK7
NAALAD2,NAALAD2
EFTUD2,EFTUD2
BROX,BROX
C9orf78,C9orf78
BAD,BAD
CDC45,CDC45
RFC4,RFC4
SMS,SMS
ST6GALNAC5,ST6GALNAC5
MAGOH,MAGOH
C2orf40,C2orf40
TAOK1,TAOK1
BCKDHB,BCKDHB
TSTD1,TSTD1
PITX3,PITX3
CACNA1E,CACNA1E
RFX4,RFX4
TRBV7-4,TRBV7-4
NBEA,NBEA
OXER1,OXER1
INPP4B,INPP4B
DEFB131A,DEFB131A
MUT,MUT
ARL2-SNX15,ARL2-SNX15
GSKIP,GSKIP
CREBBP,CREBBP
CCDC6,CCDC6
NOL4,NOL4
SLC4A8,SLC4A8
FARSB,FARSB
IFNL3,IFNL3
RBP7,RBP7
LONRF1,LONRF1
SULT1E1,SULT1E1
CARTPT,CARTPT
GNE,GNE
TTLL10,TTLL10
MAP3K12,MAP3K12
ZNF573,ZNF573
LPAR4,LPAR4
ZNF850,ZNF850
SLC9B2,SLC9B2
ARPC1B,ARPC1B
PRPS1,PRPS1
E2F5,E2F5
TLE1,TLE1
DTX3L,DTX3L
LRRC19,LRRC19
VRK3,VRK3
PKDREJ,PKDREJ
PRL,PRL
IGFALS,IGFALS
APCS,APCS
PAQR3,PAQR3
FNDC3A,FNDC3A
SSB,SSB
AQP10,AQP10
TSPYL6,TSPYL6
MAP3K13,MAP3K13
PPFIA1,PPFIA1
MPEG1,MPEG1
SPI1,SPI1
SPERT,SPERT
C1D,C1D
DVL3,DVL3
FAM114A2,FAM114A2
FGD5,FGD5
OR5B3,OR5B3
TRAV5,TRAV5
ZNF728,ZNF728
ERICH4,ERICH4
PFKFB1,PFKFB1
CARD16,CARD16
APC2,APC2
SIGLEC7,SIGLEC7
DNAAF3,DNAAF3
MFAP5,MFAP5
LYPLAL1,LYPLAL1
PENK,PENK
KIF20B,KIF20B
MACF1,MACF1
NUB1,NUB1
HELZ,HELZ
OR2Y1,OR2Y1
AP2M1,AP2M1
PAG1,PAG1
PRR25,PRR25
SENP7,SENP7
TBR1,TBR1
PCDHB3,PCDHB3
C2CD5,C2CD5
MFSD14B,MFSD14B
SPINK14,SPINK14
INA,INA
KCNQ4,KCNQ4
NOX3,NOX3
ADCY1,ADCY1
CLEC4C,CLEC4C
NME8,NME8
CCNYL1,CCNYL1
COMMD3-BMI1,COMMD3-BMI1
OPCML,OPCML
RCAN3,RCAN3
ARHGAP39,ARHGAP39
ART5,ART5
ZNF211,ZNF211
GMFG,GMFG
WDR33,WDR33
GUCA2B,GUCA2B
SMIM4,SMIM4
CYP4Z1,CYP4Z1
CDK2AP2,CDK2AP2
UBAC2,UBAC2
MOSPD2,MOSPD2
WDSUB1,WDSUB1
FGF19,FGF19
OR7D2,OR7D2
LIME1,LIME1
RXFP2,RXFP2
SLC4A2,SLC4A2
RRAD,RRAD
CD93,CD93
DNHD1,DNHD1
ENSG00000284695,ENSG00000284695
ARHGEF25,ARHGEF25
EXOC1,EXOC1
ZNF75A,ZNF75A
CD274,CD274
OR6B1,OR6B1
TMED1,TMED1
MZT2B,MZT2B
NELFCD,NELFCD
OR13C4,OR13C4
DEFA5,DEFA5
SLC16A6,SLC16A6
ZXDA,ZXDA
CD1E,CD1E
PARD3B,PARD3B
LTA4H,LTA4H
SPRYD3,SPRYD3
ING5,ING5
EPM2A,EPM2A
CYP3A5,CYP3A5
DPT,DPT
ENSG00000257062,ENSG00000257062
CD34,CD34
PIWIL2,PIWIL2
FBXW9,FBXW9
IL1RN,IL1RN
ZNF135,ZNF135
AP3D1,AP3D1
TMEM255A,TMEM255A
TSC22D1,TSC22D1
BPTF,BPTF
MTUS1,MTUS1
OR51L1,OR51L1
EXD3,EXD3
DNAAF2,DNAAF2
HIGD1B,HIGD1B
PKIG,PKIG
EMC8,EMC8
SLAMF8,SLAMF8
PFDN5,PFDN5
ZNF33A,ZNF33A
SFTPB,SFTPB
TYRO3,TYRO3
IL24,IL24
TXNDC9,TXNDC9
PRIM1,PRIM1
PRSS1,PRSS1
GOLPH3L,GOLPH3L
MED31,MED31
TRAF3IP2,TRAF3IP2
TCP11L2,TCP11L2
RASGRP1,RASGRP1
PSMA8,PSMA8
FAM227A,FAM227A
INAVA,INAVA
ICAM2,ICAM2
TRAPPC10,TRAPPC10
NAA10,NAA10
CD1D,CD1D
SCG2,SCG2
NT5DC1,NT5DC1
AK2,AK2
SLC28A3,SLC28A3
ZNF331,ZNF331
FAAP20,FAAP20
SEC24A,SEC24A
MAFB,MAFB
RASGRF1,RASGRF1
ENOX1,ENOX1
CXorf56,CXorf56
GSS,GSS
ZBED9,ZBED9
ORC6,ORC6
CLEC18A,CLEC18A
KCNV1,KCNV1
CORO7,CORO7
CTTN,CTTN
SAXO2,SAXO2
GFI1B,GFI1B
NUP188,NUP188
TMEM189-UBE2V1,TMEM189-UBE2V1
FAR1,FAR1
COX17,COX17
PKD2,PKD2
TIMM22,TIMM22
CT45A1,CT45A1
MRFAP1,MRFAP1
ERRFI1,ERRFI1
BEND4,BEND4
TNNI2,TNNI2
ENSG00000265690,ENSG00000265690
ENOSF1,ENOSF1
PRPH,PRPH
TNFRSF14,TNFRSF14
SPINT1,SPINT1
CXCL1,CXCL1
DNAH9,DNAH9
DCAF15,DCAF15
GLYATL2,GLYATL2
TACC2,TACC2
EPS8L2,EPS8L2
RAMP3,RAMP3
NAT6,NAT6
GLRA1,GLRA1
MX2,MX2
EIF3C,EIF3C
RNF223,RNF223
PTBP2,PTBP2
NCOA3,NCOA3
POLR3GL,POLR3GL
RTL5,RTL5
HGNC:27336,HGNC:27336
ORC1,ORC1
TOR3A,TOR3A
PRAMEF17,PRAMEF17
SHOX2,SHOX2
COL5A1,COL5A1
DLAT,DLAT
MOSPD3,MOSPD3
HIP1R,HIP1R
NYNRIN,NYNRIN
KRT78,KRT78
KIRREL1,KIRREL1
UBA6,UBA6
TMEM215,TMEM215
REXO1,REXO1
TRAM1L1,TRAM1L1
KRT79,KRT79
TLE6,TLE6
SGK1,SGK1
TMUB2,TMUB2
RPS16,RPS16
ZNF432,ZNF432
NPEPL1,NPEPL1
ATP6V1G3,ATP6V1G3
BCL2L14,BCL2L14
GAD1,GAD1
DZIP1L,DZIP1L
SNX18,SNX18
BATF,BATF
NFAT5,NFAT5
LMO7DN,LMO7DN
MBOAT7,MBOAT7
EFCAB10,EFCAB10
ILDR2,ILDR2
GDF3,GDF3
KCNT2,KCNT2
H6PD,H6PD
CTAGE8,CTAGE8
IFNA14,IFNA14
CD81,CD81
CAPNS2,CAPNS2
MYOM1,MYOM1
SCNN1G,SCNN1G
ZNF181,ZNF181
PDK1,PDK1
RRP12,RRP12
PPP4R3B,PPP4R3B
TAF10,TAF10
STARD5,STARD5
DHX8,DHX8
B3GAT2,B3GAT2
QSOX2,QSOX2
NOTCH4,NOTCH4
LRWD1,LRWD1
CAV3,CAV3
LCE1B,LCE1B
LRP1,LRP1
IL12RB1,IL12RB1
TAF6,TAF6
ATG2B,ATG2B
KRT2,KRT2
CDK6,CDK6
TMEM241,TMEM241
TMA7,TMA7
DQX1,DQX1
ATP5B,ATP5B
SCN9A,SCN9A
HGNC:49416,HGNC:49416
ELAVL4,ELAVL4
PYROXD1,PYROXD1
CCDC103,CCDC103
COLGALT2,COLGALT2
BIRC3,BIRC3
KLK12,KLK12
AP1S2,AP1S2
OR8U1,OR8U1
OR6C74,OR6C74
ENO2,ENO2
CDRT15L2,CDRT15L2
CCDC110,CCDC110
HLA-DPB1,HLA-DPB1
CMBL,CMBL
ASIP,ASIP
CPZ,CPZ
S100A4,S100A4
FAM92A,FAM92A
SLC25A37,SLC25A37
GATA4,GATA4
ZCCHC4,ZCCHC4
BBS10,BBS10
C4orf50,C4orf50
ASB2,ASB2
CST5,CST5
SCLT1,SCLT1
ADH4,ADH4
EML6,EML6
REC114,REC114
RFC5,RFC5
C11orf49,C11orf49
LTF,LTF
PSMD10,PSMD10
SLCO5A1,SLCO5A1
HOXB2,HOXB2
TMX3,TMX3
C1orf198,C1orf198
GATB,GATB
CALML3,CALML3
SAPCD1,SAPCD1
ZGPAT,ZGPAT
GRPEL1,GRPEL1
HS3ST3A1,HS3ST3A1
ACOT12,ACOT12
HDAC11,HDAC11
TRIM49D2,TRIM49D2
PWWP2B,PWWP2B
COX6B2,COX6B2
DCD,DCD
MYH8,MYH8
SMIM1,SMIM1
CCDC85A,CCDC85A
IGLL5,IGLL5
NLRP14,NLRP14
HIP1,HIP1
STPG1,STPG1
EXOSC1,EXOSC1
PLEK2,PLEK2
ATP6V0E2,ATP6V0E2
CDH22,CDH22
XAF1,XAF1
FEV,FEV
CBY3,CBY3
CYTH1,CYTH1
MZB1,MZB1
PLPP3,PLPP3
ENSG00000267157,ENSG00000267157
RAD21,RAD21
ECI1,ECI1
ZBTB41,ZBTB41
ARMC7,ARMC7
ST8SIA3,ST8SIA3
OS9,OS9
ROS1,ROS1
CCDC22,CCDC22
LEPROT,LEPROT
MYF5,MYF5
TMC6,TMC6
ANGPT1,ANGPT1
EMC7,EMC7
JTB,JTB
PLPPR4,PLPPR4
CAPG,CAPG
ZNF394,ZNF394
ROR1,ROR1
CUTA,CUTA
AWAT2,AWAT2
CRACR2A,CRACR2A
GBP5,GBP5
SEL1L,SEL1L
ENTPD4,ENTPD4
PIRT,PIRT
AP4B1,AP4B1
MALT1,MALT1
ORC4,ORC4
EFHC2,EFHC2
DNAJB7,DNAJB7
NABP1,NABP1
ZKSCAN5,ZKSCAN5
SPDYE4,SPDYE4
ZNF567,ZNF567
SMIM8,SMIM8
OR2G3,OR2G3
QPCT,QPCT
GALNT5,GALNT5
C1orf141,C1orf141
GPR148,GPR148
S100A8,S100A8
POU1F1,POU1F1
SLC26A4,SLC26A4
MAD2L2,MAD2L2
SYCE1L,SYCE1L
FIBP,FIBP
ZBED2,ZBED2
HECTD1,HECTD1
HMGN3,HMGN3
PGM1,PGM1
CRELD2,CRELD2
PRKCH,PRKCH
C10orf128,C10orf128
ECH1,ECH1
COX10,COX10
PGBD2,PGBD2
USP32,USP32
RBBP7,RBBP7
C15orf41,C15orf41
CPNE2,CPNE2
CERS1,CERS1
ZNF549,ZNF549
TRAF3IP3,TRAF3IP3
TMEM110-MUSTN1,TMEM110-MUSTN1
ORMDL2,ORMDL2
SCAF4,SCAF4
MFSD3,MFSD3
PATZ1,PATZ1
SLC4A7,SLC4A7
PDHA1,PDHA1
UBR4,UBR4
HEATR9,HEATR9
ZNF770,ZNF770
CCDC198,CCDC198
APOPT1,APOPT1
CADM2,CADM2
PRR13,PRR13
VASH1,VASH1
UBE2O,UBE2O
OXSR1,OXSR1
TMEM192,TMEM192
MSH6,MSH6
NYX,NYX
ATP23,ATP23
C17orf47,C17orf47
HGNC:4101,HGNC:4101
QTRT2,QTRT2
GLDN,GLDN
CA7,CA7
TANGO2,TANGO2
NOTCH2,NOTCH2
MCIDAS,MCIDAS
DLEU7,DLEU7
NPHS1,NPHS1
SCO2,SCO2
IGLV9-49,IGLV9-49
LYG1,LYG1
ALDH2,ALDH2
CDK5R2,CDK5R2
CPNE6,CPNE6
KIAA0586,KIAA0586
ADAM9,ADAM9
PTPN9,PTPN9
KXD1,KXD1
LEFTY1,LEFTY1
ZNF155,ZNF155
CNPY3,CNPY3
FH,FH
RNF25,RNF25
GJA5,GJA5
TEDDM1,TEDDM1
IGHV1OR21-1,IGHV1OR21-1
FAM159A,FAM159A
THY1,THY1
DDX11,DDX11
DYNC1H1,DYNC1H1
ZNHIT1,ZNHIT1
SLC52A1,SLC52A1
EPB41L2,EPB41L2
KRTAP10-11,KRTAP10-11
TBX22,TBX22
TNFRSF25,TNFRSF25
TNFRSF4,TNFRSF4
COX6B1,COX6B1
GPR18,GPR18
EIF1AX,EIF1AX
VPS37B,VPS37B
FOXF2,FOXF2
GALNT1,GALNT1
LRRC18,LRRC18
CEACAM19,CEACAM19
ABCB11,ABCB11
LRRC53,LRRC53
ELAVL3,ELAVL3
NPIPB4,NPIPB4
UQCRFS1,UQCRFS1
C22orf31,C22orf31
NKX2-5,NKX2-5
COL6A1,COL6A1
AIFM3,AIFM3
OR11H4,OR11H4
PCDHGA5,PCDHGA5
TUSC1,TUSC1
PLEKHA6,PLEKHA6
PLK3,PLK3
PLEKHO1,PLEKHO1
CLCN7,CLCN7
MAP2K3,MAP2K3
IL1RL1,IL1RL1
KRTAP4-12,KRTAP4-12
UCK1,UCK1
LILRB4,LILRB4
TPD52L1,TPD52L1
CHIT1,CHIT1
H2AFZ,H2AFZ
QRICH2,QRICH2
SLFN12,SLFN12
PRSS3,PRSS3
DZIP1,DZIP1
ISCU,ISCU
ADIPOR2,ADIPOR2
AK8,AK8
C8orf82,C8orf82
IDUA,IDUA
DOCK1,DOCK1
ANKRD46,ANKRD46
MFRP,MFRP
TMEM151B,TMEM151B
RPN1,RPN1
CROCC,CROCC
COMMD8,COMMD8
BSCL2,BSCL2
FOXB1,FOXB1
SF3B4,SF3B4
PCCA,PCCA
GLI2,GLI2
INSRR,INSRR
KLHL33,KLHL33
TFR2,TFR2
FRRS1,FRRS1
CYP26C1,CYP26C1
F2RL3,F2RL3
MAB21L3,MAB21L3
DBH,DBH
ZBTB7C,ZBTB7C
ARL6,ARL6
DNMBP,DNMBP
CABP2,CABP2
SMIM21,SMIM21
C10orf10,C10orf10
CXCL13,CXCL13
TMEM229A,TMEM229A
ACCSL,ACCSL
SPACA9,SPACA9
DCAF5,DCAF5
NAGPA,NAGPA
FBXO3,FBXO3
FAM43A,FAM43A
DHRS3,DHRS3
LYN,LYN
ZNF511,ZNF511
TRIM69,TRIM69
TRIM22,TRIM22
EHBP1L1,EHBP1L1
HTR3D,HTR3D
ATP13A4,ATP13A4
SLC25A31,SLC25A31
PLAC8,PLAC8
NKX1-1,NKX1-1
LYRM7,LYRM7
BICC1,BICC1
HAL,HAL
SULF2,SULF2
SLC36A4,SLC36A4
MALL,MALL
SMIM29,SMIM29
MVB12A,MVB12A
SNPH,SNPH
SNCAIP,SNCAIP
PSMD13,PSMD13
HSPH1,HSPH1
CYTH4,CYTH4
SEC11C,SEC11C
ENSG00000272647,ENSG00000272647
NEUROD6,NEUROD6
SPATA4,SPATA4
UBA5,UBA5
ADSS,ADSS
GABPB2,GABPB2
MSRA,MSRA
COQ9,COQ9
MARCH2,MARCH2
WDR18,WDR18
TCAF1,TCAF1
FAM192A,FAM192A
ZNF500,ZNF500
PGPEP1,PGPEP1
OR10A5,OR10A5
PGAM5,PGAM5
PDE9A,PDE9A
ADGRD2,ADGRD2
SEC14L5,SEC14L5
TMEM86A,TMEM86A
IRX2,IRX2
ARHGAP26,ARHGAP26
PRR9,PRR9
CANT1,CANT1
SNW1,SNW1
DPH6,DPH6
PAXIP1,PAXIP1
IPO4,IPO4
STK11,STK11
RIDA,RIDA
GALM,GALM
RSF1,RSF1
DHX36,DHX36
THSD4,THSD4
NIP7,NIP7
CEACAM1,CEACAM1
ADA,ADA
ELOVL5,ELOVL5
C21orf62,C21orf62
LIN28B,LIN28B
C10orf95,C10orf95
PDE6G,PDE6G
AHNAK,AHNAK
ATP6V1C1,ATP6V1C1
DPP4,DPP4
STRN,STRN
ZNF311,ZNF311
MED23,MED23
CCDC166,CCDC166
GIMAP8,GIMAP8
C1orf50,C1orf50
GPR31,GPR31
STMN1,STMN1
OR9A4,OR9A4
ZNF783,ZNF783
GOT1L1,GOT1L1
SPCS2,SPCS2
CCNT1,CCNT1
ATP6V1D,ATP6V1D
TGFB3,TGFB3
CAVIN3,CAVIN3
WIZ,WIZ
ZNF341,ZNF341
MRFAP1L1,MRFAP1L1
SLC35A2,SLC35A2
ACOT8,ACOT8
SIDT1,SIDT1
ANKRD50,ANKRD50
SMAD9,SMAD9
MAT1A,MAT1A
ZSCAN10,ZSCAN10
NOP53,NOP53
GAREM1,GAREM1
BOLA1,BOLA1
POLR1E,POLR1E
SLC15A1,SLC15A1
TARBP1,TARBP1
ARRB1,ARRB1
C3orf49,C3orf49
UPRT,UPRT
PLEKHM3,PLEKHM3
TBRG1,TBRG1
CCL13,CCL13
DENND1C,DENND1C
PHF5A,PHF5A
OR10A3,OR10A3
WDR62,WDR62
SPOCK1,SPOCK1
HYAL3,HYAL3
IGKV3-20,IGKV3-20
SIGIRR,SIGIRR
SLC6A2,SLC6A2
FBXL8,FBXL8
MUC6,MUC6
FLYWCH2,FLYWCH2
FXR2,FXR2
CNTNAP2,CNTNAP2
GIMAP1,GIMAP1
C1QTNF1,C1QTNF1
MTTP,MTTP
ARF5,ARF5
LRRC72,LRRC72
KRTAP19-4,KRTAP19-4
FAM24A,FAM24A
RP1,RP1
ENSG00000100101,ENSG00000100101
TTLL13P,TTLL13P
ALKBH1,ALKBH1
IFI30,IFI30
LAG3,LAG3
LRPPRC,LRPPRC
MTMR8,MTMR8
ENSG00000269881,ENSG00000269881
PRMT9,PRMT9
ANKRD49,ANKRD49
GTF3C5,GTF3C5
SDHD,SDHD
KIF16B,KIF16B
WFDC2,WFDC2
MT4,MT4
TRAV12-3,TRAV12-3
SERPINB2,SERPINB2
BCL2L15,BCL2L15
SYCE3,SYCE3
ZNF700,ZNF700
DNAJC15,DNAJC15
DYNC1I1,DYNC1I1
SGK3,SGK3
SPZ1,SPZ1
NEK10,NEK10
ACSS3,ACSS3
NME1,NME1
PID1,PID1
SCFD2,SCFD2
BOP1,BOP1
CCDC59,CCDC59
UMAD1,UMAD1
KIF3B,KIF3B
FBXO4,FBXO4
RGSL1,RGSL1
VLDLR,VLDLR
C11orf42,C11orf42
WNT3,WNT3
OTOG,OTOG
ARL4C,ARL4C
RSAD2,RSAD2
KRTAP4-5,KRTAP4-5
TMEM221,TMEM221
TTF2,TTF2
SMIM9,SMIM9
TICAM2,TICAM2
XYLT1,XYLT1
C12orf10,C12orf10
WDR77,WDR77
SLC22A14,SLC22A14
NUDT2,NUDT2
FAM234A,FAM234A
KCNAB1,KCNAB1
KCNQ5,KCNQ5
FNDC4,FNDC4
CDK12,CDK12
KIAA1024L,KIAA1024L
HOXB9,HOXB9
UNK,UNK
ADGRE3,ADGRE3
RDH13,RDH13
EXO5,EXO5
XG,XG
ITIH4,ITIH4
DLG4,DLG4
CHRNA10,CHRNA10
FOXC2,FOXC2
CLDN11,CLDN11
TAS2R40,TAS2R40
NDUFB9,NDUFB9
RGL4,RGL4
CATSPERE,CATSPERE
USP17L12,USP17L12
VSTM5,VSTM5
SLC25A35,SLC25A35
SLC4A10,SLC4A10
ZNF830,ZNF830
TMEM150C,TMEM150C
RBM12,RBM12
DSG4,DSG4
POP1,POP1
MANEA,MANEA
RBMY1D,RBMY1D
GTF2H2C,GTF2H2C
FEZF2,FEZF2
NAALADL2,NAALADL2
C9orf85,C9orf85
NAGLU,NAGLU
SPINT2,SPINT2
IL1A,IL1A
USP20,USP20
TH,TH
PRKAB1,PRKAB1
DRD1,DRD1
SERINC1,SERINC1
RABGGTA,RABGGTA
TRBJ2-1,TRBJ2-1
RNF38,RNF38
E2F4,E2F4
MS4A4A,MS4A4A
TPH2,TPH2
MIOX,MIOX
CPD,CPD
MRPL15,MRPL15
APOD,APOD
TVP23B,TVP23B
ZNF629,ZNF629
OR51T1,OR51T1
ORMDL3,ORMDL3
GPAT3,GPAT3
UBE2A,UBE2A
INSL3,INSL3
HECW2,HECW2
PLEKHG7,PLEKHG7
DDX60L,DDX60L
TOGARAM2,TOGARAM2
KIF21A,KIF21A
ATPIF1,ATPIF1
GSTO2,GSTO2
FAM57B,FAM57B
NOXRED1,NOXRED1
PCDHB10,PCDHB10
HMGN4,HMGN4
TBC1D26,TBC1D26
DKK2,DKK2
MMS22L,MMS22L
INCENP,INCENP
BTN2A2,BTN2A2
CNGB1,CNGB1
ENSG00000272822,ENSG00000272822
STXBP1,STXBP1
GTF3C3,GTF3C3
RBM3,RBM3
SRA1,SRA1
EEPD1,EEPD1
TP73,TP73
FSTL1,FSTL1
ARGFX,ARGFX
RP9,RP9
RTL9,RTL9
ZMYND12,ZMYND12
LMNTD1,LMNTD1
ACOT11,ACOT11
CMSS1,CMSS1
ENSG00000272410,ENSG00000272410
BCOR,BCOR
OTX2,OTX2
SPINK13,SPINK13
OR4A47,OR4A47
STK16,STK16
EHBP1,EHBP1
KLF7,KLF7
STPG4,STPG4
SDK1,SDK1
TMEFF1,TMEFF1
KRTAP10-1,KRTAP10-1
GSX2,GSX2
MGAM,MGAM
PARPBP,PARPBP
IGLV1-40,IGLV1-40
HGNC:37183,HGNC:37183
MAD2L1BP,MAD2L1BP
PSMD3,PSMD3
HOMER3,HOMER3
ZNF33B,ZNF33B
MORN5,MORN5
PTPRD,PTPRD
ZCCHC10,ZCCHC10
HIF1AN,HIF1AN
UBOX5,UBOX5
TMEM174,TMEM174
ERMN,ERMN
MRNIP,MRNIP
SLC26A10,SLC26A10
IFNA16,IFNA16
MAPK8IP1,MAPK8IP1
FGF8,FGF8
PPP4R1,PPP4R1
POLR3C,POLR3C
CD5,CD5
LRG1,LRG1
GNG5,GNG5
UHRF1BP1L,UHRF1BP1L
TUBA3C,TUBA3C
PDIA4,PDIA4
NPY1R,NPY1R
GPRIN3,GPRIN3
ASIC5,ASIC5
COIL,COIL
METTL2A,METTL2A
SH3BGR,SH3BGR
DCAF12L1,DCAF12L1
GK2,GK2
LINS1,LINS1
STARD8,STARD8
ANKRD33B,ANKRD33B
USP44,USP44
RNF32,RNF32
PCDHA9,PCDHA9
SDR9C7,SDR9C7
IFI27L1,IFI27L1
MTFMT,MTFMT
ADAMTSL5,ADAMTSL5
ZFP37,ZFP37
CALCRL,CALCRL
OGT,OGT
PRRG4,PRRG4
PACSIN3,PACSIN3
ADARB2,ADARB2
UCP1,UCP1
TRIM8,TRIM8
KIR3DL2,KIR3DL2
CABLES2,CABLES2
TLX3,TLX3
MYO16,MYO16
CRIM1,CRIM1
COG5,COG5
SLC35E4,SLC35E4
IL36RN,IL36RN
TCEANC2,TCEANC2
ARHGEF39,ARHGEF39
PELI1,PELI1
HHIPL1,HHIPL1
CD47,CD47
WDR1,WDR1
RGPD2,RGPD2
LENG9,LENG9
TSPO,TSPO
RSRC1,RSRC1
EIF3D,EIF3D
HOXC4,HOXC4
ZNF365,ZNF365
DNAJB13,DNAJB13
COPB1,COPB1
HTRA1,HTRA1
TUBAL3,TUBAL3
RRP8,RRP8
SLC2A1,SLC2A1
TARS,TARS
DYNC1LI2,DYNC1LI2
CCDC39,CCDC39
NPAS1,NPAS1
TEX11,TEX11
DBN1,DBN1
PIH1D1,PIH1D1
C1orf100,C1orf100
JUND,JUND
PPT1,PPT1
SQOR,SQOR
CPPED1,CPPED1
USP46,USP46
EPC1,EPC1
TRIM25,TRIM25
SKAP1,SKAP1
UBA52,UBA52
FPR3,FPR3
SNUPN,SNUPN
SPINT3,SPINT3
MBLAC2,MBLAC2
CORIN,CORIN
SELENOW,SELENOW
SNRK,SNRK
GJB6,GJB6
PEF1,PEF1
FAM19A5,FAM19A5
SNRNP70,SNRNP70
THEM6,THEM6
IDH3G,IDH3G
FAM162A,FAM162A
CHD4,CHD4
FAM120A,FAM120A
SURF6,SURF6
TTC12,TTC12
ANKRD39,ANKRD39
LITAF,LITAF
KRT1,KRT1
PTPRM,PTPRM
TATDN3,TATDN3
OTOL1,OTOL1
PCED1B,PCED1B
IRX4,IRX4
FOXA3,FOXA3
TRDJ3,TRDJ3
CA10,CA10
SULT2A1,SULT2A1
FAM105A,FAM105A
ENSG00000269693,ENSG00000269693
RAB5A,RAB5A
C10orf113,C10orf113
RNF113A,RNF113A
ZC3HAV1L,ZC3HAV1L
PALMD,PALMD
ENSG00000258677,ENSG00000258677
TRMT12,TRMT12
APAF1,APAF1
ALDH1A2,ALDH1A2
AKAP5,AKAP5
UBE2D4,UBE2D4
TDRKH,TDRKH
NUDT8,NUDT8
PRUNE2,PRUNE2
TPD52,TPD52
DRG1,DRG1
CCDC160,CCDC160
TRIM73,TRIM73
SPTBN2,SPTBN2
BORCS6,BORCS6
GHDC,GHDC
ADNP,ADNP
DDX51,DDX51
PDCD6IP,PDCD6IP
DCP2,DCP2
LMTK2,LMTK2
CNOT7,CNOT7
HS3ST5,HS3ST5
HSD17B6,HSD17B6
ERAS,ERAS
C4orf36,C4orf36
CGA,CGA
AGMAT,AGMAT
OLA1,OLA1
VSIG2,VSIG2
FOXR1,FOXR1
ZDHHC7,ZDHHC7
SSX2IP,SSX2IP
CLEC7A,CLEC7A
FTSJ3,FTSJ3
PINLYP,PINLYP
C11orf1,C11orf1
MLST8,MLST8
KHSRP,KHSRP
NOD1,NOD1
OR52A5,OR52A5
PIP5K1B,PIP5K1B
SESN2,SESN2
MTRNR2L5,MTRNR2L5
RSPO4,RSPO4
SPIDR,SPIDR
EXOSC8,EXOSC8
OR52E2,OR52E2
C16orf78,C16orf78
UBALD1,UBALD1
IGLV3-22,IGLV3-22
KCND1,KCND1
EPHB1,EPHB1
LCE1A,LCE1A
DHRS1,DHRS1
SLC25A42,SLC25A42
ZBTB37,ZBTB37
AP5M1,AP5M1
GREM2,GREM2
C7orf26,C7orf26
CDK20,CDK20
BUB1B-PAK6,BUB1B-PAK6
CCDC57,CCDC57
DMTF1,DMTF1
SP5,SP5
ANP32B,ANP32B
TMEM2,TMEM2
ICOS,ICOS
TXNDC12,TXNDC12
C4B,C4B
PISD,PISD
CRISP3,CRISP3
PABPC1,PABPC1
LEKR1,LEKR1
CAV1,CAV1
MYEOV,MYEOV
CTSA,CTSA
TMEM183A,TMEM183A
ALX1,ALX1
DGKE,DGKE
CHRNB2,CHRNB2
NPNT,NPNT
TAF5,TAF5
CBFA2T3,CBFA2T3
CLIC2,CLIC2
TWF1,TWF1
LIPN,LIPN
MS4A5,MS4A5
POMP,POMP
KCNE5,KCNE5
S100A5,S100A5
TRA2B,TRA2B
AARS2,AARS2
SENP5,SENP5
PCDHB11,PCDHB11
AP5Z1,AP5Z1
RNF212B,RNF212B
CMC2,CMC2
OR4X2,OR4X2
ZSCAN5C,ZSCAN5C
STK32B,STK32B
CCDC8,CCDC8
PRAP1,PRAP1
SLURP1,SLURP1
SLC22A6,SLC22A6
FGF18,FGF18
VIL1,VIL1
PEX12,PEX12
PMAIP1,PMAIP1
CXorf58,CXorf58
CLEC18C,CLEC18C
GADD45G,GADD45G
POMZP3,POMZP3
NPC1L1,NPC1L1
METTL27,METTL27
TMEM57,TMEM57
GRAMD4,GRAMD4
EIF1,EIF1
KCNJ3,KCNJ3
FAM135B,FAM135B
C12orf75,C12orf75
OR5C1,OR5C1
CCR2,CCR2
SLITRK2,SLITRK2
NOP10,NOP10
ACHE,ACHE
ACSM4,ACSM4
SP2,SP2
ZSCAN18,ZSCAN18
RBM22,RBM22
RIMKLA,RIMKLA
HPS5,HPS5
TTC21B,TTC21B
TMEM70,TMEM70
KLRC4,KLRC4
SNX22,SNX22
EFNA3,EFNA3
CREB3L4,CREB3L4
AKAP7,AKAP7
SEH1L,SEH1L
AFF1,AFF1
PPIC,PPIC
ZNF562,ZNF562
UBE2K,UBE2K
BCO2,BCO2
ZCCHC6,ZCCHC6
FAM102A,FAM102A
CBWD5,CBWD5
TMEM247,TMEM247
TLN1,TLN1
LRRC39,LRRC39
STAMBP,STAMBP
FOXH1,FOXH1
ENSG00000258539,ENSG00000258539
SPATA45,SPATA45
POLR2C,POLR2C
DCST1,DCST1
PRPF38A,PRPF38A
UBL4B,UBL4B
AMTN,AMTN
CLVS2,CLVS2
KLHL21,KLHL21
DOK3,DOK3
KIF22,KIF22
AGTR1,AGTR1
ISLR2,ISLR2
PIGP,PIGP
CSF1R,CSF1R
CCDC172,CCDC172
BICDL2,BICDL2
SLC16A3,SLC16A3
C5orf46,C5orf46
MAPK13,MAPK13
STARD13,STARD13
PSMB5,PSMB5
NAA38,NAA38
PSG6,PSG6
PLEKHM2,PLEKHM2
SNRPF,SNRPF
OCRL,OCRL
SPOPL,SPOPL
ULBP1,ULBP1
FLG,FLG
FNBP4,FNBP4
HECTD4,HECTD4
SLC36A2,SLC36A2
FBLN2,FBLN2
FAM189A1,FAM189A1
KRTAP12-2,KRTAP12-2
ANXA8,ANXA8
IGFBP5,IGFBP5
PKM,PKM
FOXF1,FOXF1
F9,F9
ERC2,ERC2
GOPC,GOPC
PITPNA,PITPNA
BPIFA3,BPIFA3
OSCP1,OSCP1
CNGA2,CNGA2
FAM102B,FAM102B
GJB4,GJB4
ZNF823,ZNF823
FAM19A4,FAM19A4
CLEC4E,CLEC4E
GTF2H5,GTF2H5
MIS18BP1,MIS18BP1
CNN3,CNN3
TRIM37,TRIM37
SGCE,SGCE
ZKSCAN1,ZKSCAN1
SCRIB,SCRIB
CTSL,CTSL
MSMB,MSMB
GTF2IRD1,GTF2IRD1
CCDC115,CCDC115
PKMYT1,PKMYT1
MYRIP,MYRIP
POU4F3,POU4F3
PPIL2,PPIL2
DEPDC1B,DEPDC1B
UPK1A,UPK1A
CELA3B,CELA3B
NUCKS1,NUCKS1
SPTBN4,SPTBN4
RGS21,RGS21
OR2S2,OR2S2
KRT86,KRT86
SPINK6,SPINK6
ZNF713,ZNF713
CYP46A1,CYP46A1
TMEM145,TMEM145
DRC1,DRC1
FNDC9,FNDC9
AADAT,AADAT
FAM177A1,FAM177A1
STX16,STX16
RALGDS,RALGDS
ASCC2,ASCC2
PDK3,PDK3
IFNLR1,IFNLR1
TEX101,TEX101
OR52N1,OR52N1
PPIB,PPIB
ENSG00000189195,ENSG00000189195
CEP85,CEP85
ITGA8,ITGA8
MYLPF,MYLPF
ALG2,ALG2
GLP1R,GLP1R
KRT23,KRT23
WWC2,WWC2
B3GNTL1,B3GNTL1
TTC9B,TTC9B
MIEN1,MIEN1
RPS29,RPS29
FAM98C,FAM98C
PDCD1,PDCD1
DEXI,DEXI
SAPCD2,SAPCD2
TMIGD1,TMIGD1
ZDHHC1,ZDHHC1
LAS1L,LAS1L
ANAPC11,ANAPC11
IGHV1-46,IGHV1-46
AMHR2,AMHR2
TSKS,TSKS
TEFM,TEFM
LRRC8C,LRRC8C
ZFPL1,ZFPL1
GRID2,GRID2
MBD3L4,MBD3L4
VANGL2,VANGL2
DCLK3,DCLK3
PDXDC1,PDXDC1
SYCE2,SYCE2
KRTAP23-1,KRTAP23-1
SUCLG2,SUCLG2
YIPF4,YIPF4
C17orf80,C17orf80
KIR2DP1,KIR2DP1
LIPC,LIPC
STX10,STX10
RPS28,RPS28
INSM1,INSM1
SRGAP3,SRGAP3
PPP1R18,PPP1R18
CXADR,CXADR
TRIQK,TRIQK
CRABP1,CRABP1
NTN4,NTN4
SLC7A1,SLC7A1
TENM1,TENM1
ENSG00000273171,ENSG00000273171
PER3,PER3
RGS2,RGS2
RAB6A,RAB6A
API5,API5
IVL,IVL
QRFP,QRFP
LGALS7B,LGALS7B
ENSG00000268614,ENSG00000268614
TGM7,TGM7
GAN,GAN
PKP1,PKP1
BABAM2,BABAM2
PTH1R,PTH1R
KLF6,KLF6
GOT2,GOT2
ELMOD1,ELMOD1
CHMP7,CHMP7
ALG10,ALG10
HIST2H2AC,HIST2H2AC
SNX10,SNX10
UBE2C,UBE2C
TRAJ3,TRAJ3
OR2D2,OR2D2
PPP1R8,PPP1R8
SLC18B1,SLC18B1
OR10A7,OR10A7
TPTE2,TPTE2
NRN1,NRN1
PTGES2,PTGES2
B4GALT7,B4GALT7
TMEM87A,TMEM87A
KCNE3,KCNE3
DHX37,DHX37
CRK,CRK
GRK3,GRK3
AHCYL2,AHCYL2
VRK1,VRK1
CCL3,CCL3
CCIN,CCIN
KCNA4,KCNA4
NEUROD1,NEUROD1
GPR176,GPR176
ACKR2,ACKR2
BRD3,BRD3
IQCE,IQCE
TAS1R3,TAS1R3
TEX12,TEX12
C14orf119,C14orf119
PHF12,PHF12
NCBP2,NCBP2
MORN2,MORN2
KCTD15,KCTD15
FAM47B,FAM47B
ARMCX3,ARMCX3
IFNAR1,IFNAR1
LRP11,LRP11
CACNA1I,CACNA1I
TNIK,TNIK
ZNF668,ZNF668
GLT8D1,GLT8D1
GSTM2,GSTM2
SLCO4C1,SLCO4C1
TAS2R20,TAS2R20
TMEM69,TMEM69
ZNF606,ZNF606
PMF1,PMF1
ZNF473,ZNF473
SLC25A36,SLC25A36
GPC1,GPC1
IFRD1,IFRD1
CELF6,CELF6
NUDT15,NUDT15
TUBA3E,TUBA3E
PAGE1,PAGE1
NAA35,NAA35
TBC1D31,TBC1D31
PPP3CC,PPP3CC
PTPRG,PTPRG
RHOU,RHOU
PRAMEF2,PRAMEF2
HOXD8,HOXD8
IGKV1-27,IGKV1-27
MROH7-TTC4,MROH7-TTC4
NR1D2,NR1D2
OTUB2,OTUB2
RPS12,RPS12
RHPN2,RHPN2
CYP7A1,CYP7A1
TTLL11,TTLL11
LSM11,LSM11
KCNU1,KCNU1
ADAMTSL1,ADAMTSL1
POU4F2,POU4F2
PARD6B,PARD6B
RHOA,RHOA
ITGB1BP1,ITGB1BP1
MLEC,MLEC
FGA,FGA
SLC17A5,SLC17A5
ICE2,ICE2
KNSTRN,KNSTRN
RHOB,RHOB
PMM1,PMM1
TIGD3,TIGD3
C3orf62,C3orf62
BCAT2,BCAT2
CMTM3,CMTM3
PSD,PSD
ANKFY1,ANKFY1
TRIM52,TRIM52
KDSR,KDSR
IMPG1,IMPG1
EN1,EN1
KIAA0930,KIAA0930
ISG15,ISG15
EPO,EPO
SLC27A3,SLC27A3
ENSG00000260300,ENSG00000260300
DLX3,DLX3
NRXN3,NRXN3
ANKRD36C,ANKRD36C
ENSG00000277669,ENSG00000277669
OSBPL10,OSBPL10
RABGAP1,RABGAP1
TLCD2,TLCD2
POGZ,POGZ
CAMK2A,CAMK2A
TRMT10B,TRMT10B
OGN,OGN
CSNK1E,CSNK1E
GLRX2,GLRX2
ZNF835,ZNF835
HAPLN1,HAPLN1
SNX24,SNX24
NDUFB1,NDUFB1
FAXDC2,FAXDC2
SUV39H2,SUV39H2
CALD1,CALD1
CSMD2,CSMD2
DUSP28,DUSP28
FLAD1,FLAD1
SLC9A3R2,SLC9A3R2
LRP2,LRP2
NANOS3,NANOS3
OR3A1,OR3A1
BANP,BANP
VAV2,VAV2
CD2AP,CD2AP
ITPRIP,ITPRIP
SUSD4,SUSD4
ZNF239,ZNF239
TRIM17,TRIM17
PLAC9,PLAC9
GJD2,GJD2
GOLM1,GOLM1
RNF149,RNF149
ENSG00000173366,ENSG00000173366
AGPAT1,AGPAT1
NEMF,NEMF
HMGB3,HMGB3
DDRGK1,DDRGK1
C2CD4B,C2CD4B
CCDC82,CCDC82
SEC14L2,SEC14L2
CBR4,CBR4
BTG2,BTG2
RBMY1B,RBMY1B
KLF10,KLF10
SLC31A1,SLC31A1
TMUB1,TMUB1
IGF2BP1,IGF2BP1
PODNL1,PODNL1
PMPCA,PMPCA
IRF1,IRF1
LACTB2,LACTB2
CLRN3,CLRN3
PSEN2,PSEN2
ENSG00000141979,ENSG00000141979
ABHD17B,ABHD17B
ARNTL2,ARNTL2
HSD3B2,HSD3B2
MYL4,MYL4
GPR6,GPR6
TRIM60,TRIM60
SPTA1,SPTA1
NFKBIZ,NFKBIZ
SUPT6H,SUPT6H
CXCR3,CXCR3
ARHGEF10,ARHGEF10
SMIM22,SMIM22
PFN4,PFN4
TTC13,TTC13
CD164,CD164
WNT10A,WNT10A
TMLHE,TMLHE
MTNR1A,MTNR1A
MDP1,MDP1
ADAM22,ADAM22
BNC1,BNC1
AKNAD1,AKNAD1
IGKV4-1,IGKV4-1
NMU,NMU
C14orf37,C14orf37
VSX2,VSX2
TSNAX,TSNAX
C3orf56,C3orf56
PCSK1N,PCSK1N
CNTF,CNTF
CYP8B1,CYP8B1
HBS1L,HBS1L
TRRAP,TRRAP
UGT2B28,UGT2B28
ENSG00000260007,ENSG00000260007
MPP1,MPP1
BCAR1,BCAR1
MXRA7,MXRA7
OR51G1,OR51G1
KATNAL2,KATNAL2
GCA,GCA
UEVLD,UEVLD
C19orf33,C19orf33
ENSG00000260342,ENSG00000260342
USP53,USP53
LHCGR,LHCGR
SHROOM3,SHROOM3
OR4A15,OR4A15
INSL6,INSL6
ELAVL1,ELAVL1
RETREG3,RETREG3
CYP2F1,CYP2F1
CNOT6L,CNOT6L
FREM1,FREM1
ZMYM5,ZMYM5
PCF11,PCF11
ZNF747,ZNF747
ZNF524,ZNF524
GPR61,GPR61
ASCL1,ASCL1
GAL3ST2,GAL3ST2
SSR1,SSR1
HMX3,HMX3
RUNX3,RUNX3
BCAN,BCAN
FAM81B,FAM81B
ZNF76,ZNF76
PRIMA1,PRIMA1
DLGAP5,DLGAP5
NSUN4,NSUN4
AMFR,AMFR
PDK4,PDK4
FAM69A,FAM69A
SERGEF,SERGEF
KLRG1,KLRG1
FBXL3,FBXL3
CD160,CD160
STX8,STX8
OR2T6,OR2T6
SMAP2,SMAP2
KCNK16,KCNK16
GBA,GBA
FSIP1,FSIP1
PPP1R3E,PPP1R3E
BIN2,BIN2
USF3,USF3
VHLL,VHLL
DBI,DBI
NCK1,NCK1
UFM1,UFM1
MIGA1,MIGA1
SLC2A13,SLC2A13
FAM50A,FAM50A
PARP15,PARP15
SYNJ2,SYNJ2
FHL2,FHL2
CYHR1,CYHR1
SOCS3,SOCS3
CPT1C,CPT1C
ENSG00000249624,ENSG00000249624
NDUFB3,NDUFB3
OPN5,OPN5
KCNA7,KCNA7
ACLY,ACLY
CBX7,CBX7
BMP4,BMP4
CORO6,CORO6
RPL39L,RPL39L
ELOVL4,ELOVL4
RBBP6,RBBP6
LOXHD1,LOXHD1
KIFC1,KIFC1
YY1AP1,YY1AP1
WDFY2,WDFY2
TFPT,TFPT
SMNDC1,SMNDC1
ZNF516,ZNF516
MMP13,MMP13
SERTAD2,SERTAD2
KRTAP20-3,KRTAP20-3
SAP25,SAP25
CNTFR,CNTFR
MYRF,MYRF
LRRC27,LRRC27
EEF1AKMT3,EEF1AKMT3
LMBRD2,LMBRD2
SMG5,SMG5
IL9,IL9
TRAJ45,TRAJ45
SP6,SP6
ENSG00000255054,ENSG00000255054
KRTAP12-4,KRTAP12-4
COL6A3,COL6A3
GNB2,GNB2
RNF8,RNF8
DPYSL4,DPYSL4
SULT1C3,SULT1C3
SENP8,SENP8
FLI1,FLI1
PSG3,PSG3
HTT,HTT
USP19,USP19
OR10X1,OR10X1
EDNRA,EDNRA
MRPL30,MRPL30
ITIH3,ITIH3
SORCS2,SORCS2
TGFBR3,TGFBR3
PLCD1,PLCD1
TIPARP,TIPARP
IGHMBP2,IGHMBP2
ANTXR2,ANTXR2
ATP6V1B1,ATP6V1B1
PSMD1,PSMD1
RNF170,RNF170
IZUMO1,IZUMO1
ENSG00000269533,ENSG00000269533
KYAT3,KYAT3
PPP1R37,PPP1R37
NPIPB5,NPIPB5
TPK1,TPK1
SIAH1,SIAH1
GALR2,GALR2
ASTN1,ASTN1
ZFP36L1,ZFP36L1
MYOT,MYOT
SLC25A27,SLC25A27
ZNF154,ZNF154
CLMP,CLMP
CYP2U1,CYP2U1
JCHAIN,JCHAIN
CD99L2,CD99L2
CLDN9,CLDN9
CEP128,CEP128
LETM2,LETM2
GPAT2,GPAT2
NSMCE3,NSMCE3
PDAP1,PDAP1
GLOD5,GLOD5
ADGRB1,ADGRB1
OR1G1,OR1G1
ARF3,ARF3
DAAM1,DAAM1
RD3L,RD3L
PTPN21,PTPN21
IVD,IVD
CD200R1L,CD200R1L
NDUFV1,NDUFV1
NFIL3,NFIL3
YKT6,YKT6
TRMT10C,TRMT10C
LYRM1,LYRM1
SHQ1,SHQ1
TSEN15,TSEN15
CAD,CAD
HSBP1,HSBP1
IL22,IL22
CCNK,CCNK
ELF3,ELF3
OR13A1,OR13A1
UBFD1,UBFD1
TSR3,TSR3
TP53INP1,TP53INP1
SCD,SCD
BORCS7-ASMT,BORCS7-ASMT
CHGB,CHGB
RC3H2,RC3H2
ZGRF1,ZGRF1
IGHV2OR16-5,IGHV2OR16-5
TP53TG5,TP53TG5
THG1L,THG1L
RIMS4,RIMS4
DDT,DDT
SLC7A11,SLC7A11
PTPN20,PTPN20
DISP1,DISP1
GEMIN7,GEMIN7
MYO1H,MYO1H
HIC2,HIC2
CXCL9,CXCL9
TMEM203,TMEM203
ENSG00000257184,ENSG00000257184
RAB29,RAB29
NFATC1,NFATC1
IL13RA1,IL13RA1
ITPRIPL1,ITPRIPL1
PHF14,PHF14
TMEM19,TMEM19
OR8A1,OR8A1
BARX1,BARX1
NOS1AP,NOS1AP
ZPBP2,ZPBP2
RPL7,RPL7
UTP14A,UTP14A
COL5A2,COL5A2
RAD1,RAD1
HYPM,HYPM
CNOT10,CNOT10
SMARCA2,SMARCA2
SCGB1D4,SCGB1D4
C9orf153,C9orf153
CDC20,CDC20
COPS4,COPS4
NCS1,NCS1
ARPC3,ARPC3
SYNGR3,SYNGR3
GRIN2B,GRIN2B
FBXO6,FBXO6
LRP3,LRP3
C1orf159,C1orf159
AGPAT5,AGPAT5
TM4SF18,TM4SF18
IDH1,IDH1
WDR34,WDR34
ENSG00000262633,ENSG00000262633
UGT2A1,UGT2A1
NKRF,NKRF
KHDRBS3,KHDRBS3
MBD3,MBD3
GOLGA2,GOLGA2
PPP3CB,PPP3CB
TRAV1-1,TRAV1-1
KBTBD4,KBTBD4
GLOD4,GLOD4
PATE2,PATE2
GRK7,GRK7
ABCA6,ABCA6
SSC5D,SSC5D
ICOSLG,ICOSLG
OR14I1,OR14I1
RAD54B,RAD54B
ERCC4,ERCC4
NT5C1A,NT5C1A
ENSG00000281348,ENSG00000281348
ABRAXAS2,ABRAXAS2
CD82,CD82
PET117,PET117
HSBP1L1,HSBP1L1
KIF25,KIF25
RPS4Y1,RPS4Y1
COX18,COX18
DECR1,DECR1
ACRV1,ACRV1
CCDC70,CCDC70
NCBP3,NCBP3
EPX,EPX
LENEP,LENEP
ARL14EPL,ARL14EPL
IGFBP2,IGFBP2
KLB,KLB
GET4,GET4
MEIS3,MEIS3
MARK3,MARK3
ACAP3,ACAP3
SH3BP5L,SH3BP5L
ALDH1A1,ALDH1A1
OR4C12,OR4C12
LOXL1,LOXL1
CTRB2,CTRB2
COL4A4,COL4A4
VPS37C,VPS37C
SH2D1A,SH2D1A
ZNF526,ZNF526
SOX10,SOX10
OGFR,OGFR
ARHGAP10,ARHGAP10
FCRL4,FCRL4
AGO4,AGO4
VNN2,VNN2
LCN1,LCN1
RNF115,RNF115
ROCK2,ROCK2
PELI3,PELI3
TRMT61A,TRMT61A
SYT3,SYT3
CAMP,CAMP
TRIM4,TRIM4
DPYSL5,DPYSL5
SAA2,SAA2
APOF,APOF
SPATA3,SPATA3
HOMEZ,HOMEZ
LNP1,LNP1
MFN1,MFN1
PTPRN2,PTPRN2
GLB1L2,GLB1L2
DMP1,DMP1
PPIL3,PPIL3
CYP2R1,CYP2R1
KHNYN,KHNYN
UBE2H,UBE2H
DHPS,DHPS
TMC8,TMC8
ZCCHC11,ZCCHC11
ZBED8,ZBED8
OR4C13,OR4C13
TANC1,TANC1
RND1,RND1
TRAV38-2DV8,TRAV38-2DV8
RIOK2,RIOK2
IL5,IL5
OR8K1,OR8K1
TNNT3,TNNT3
TM9SF2,TM9SF2
HSDL2,HSDL2
AIPL1,AIPL1
PYGL,PYGL
MAGEB10,MAGEB10
CCDC142,CCDC142
PATL2,PATL2
PPP1R16A,PPP1R16A
DMPK,DMPK
C6orf226,C6orf226
ENSG00000262526,ENSG00000262526
TGM3,TGM3
TSPYL2,TSPYL2
TTC29,TTC29
FDCSP,FDCSP
RNF157,RNF157
SCML2,SCML2
GABARAP,GABARAP
RRAGA,RRAGA
MSX2,MSX2
ZNF19,ZNF19
TMEM117,TMEM117
ENSG00000248235,ENSG00000248235
TRIM3,TRIM3
RPS2,RPS2
THEMIS2,THEMIS2
FBXO24,FBXO24
FTH1,FTH1
USP12,USP12
SLC17A6,SLC17A6
IL17RB,IL17RB
M1AP,M1AP
MSMP,MSMP
FAM78B,FAM78B
DNAJA1,DNAJA1
FZD9,FZD9
CCL14,CCL14
NF2,NF2
ADAM29,ADAM29
C11orf63,C11orf63
EXOC5,EXOC5
PPIG,PPIG
ABL2,ABL2
NXPE4,NXPE4
ZNF552,ZNF552
AKR1C4,AKR1C4
SCGB2B2,SCGB2B2
PSG1,PSG1
HNRNPC,HNRNPC
NT5C1B,NT5C1B
KRT12,KRT12
CARD6,CARD6
TEKT1,TEKT1
TNPO1,TNPO1
ENPEP,ENPEP
KRTAP21-1,KRTAP21-1
MGAT4C,MGAT4C
ETV6,ETV6
TFAM,TFAM
LEO1,LEO1
TFF1,TFF1
OR2W3,OR2W3
TRMU,TRMU
TUBB4A,TUBB4A
MOG,MOG
ZSWIM7,ZSWIM7
GON4L,GON4L
FAM131C,FAM131C
SLC45A3,SLC45A3
S100A11,S100A11
BST2,BST2
PPP1R3F,PPP1R3F
CTSG,CTSG
SFT2D3,SFT2D3
LAMP5,LAMP5
TRIM24,TRIM24
DNAAF1,DNAAF1
IRF2BP2,IRF2BP2
OR10H2,OR10H2
IBTK,IBTK
GSTA4,GSTA4
CCKAR,CCKAR
FCRL1,FCRL1
LHX4,LHX4
UGT1A9,UGT1A9
ZNF587B,ZNF587B
THYN1,THYN1
IPO5,IPO5
KDM3A,KDM3A
CLPSL1,CLPSL1
ME2,ME2
FAM167A,FAM167A
SNAPC3,SNAPC3
EIF1AY,EIF1AY
EFCAB1,EFCAB1
SPRR4,SPRR4
URAD,URAD
IGHV3OR15-7,IGHV3OR15-7
ZIM2,ZIM2
NDUFAF3,NDUFAF3
SAP30,SAP30
CRIP1,CRIP1
PTMA,PTMA
CES3,CES3
OR5AU1,OR5AU1
SLC25A14,SLC25A14
ZP1,ZP1
SLC5A2,SLC5A2
ZNF569,ZNF569
ZIC4,ZIC4
ALPK1,ALPK1
ZNF670,ZNF670
RAP1GAP2,RAP1GAP2
LTBP1,LTBP1
CHCHD4,CHCHD4
CDH15,CDH15
C19orf84,C19orf84
LMAN2L,LMAN2L
SH3GLB2,SH3GLB2
HGNC:25122,HGNC:25122
CXorf65,CXorf65
HARS,HARS
CDC34,CDC34
PHC1,PHC1
TRAP1,TRAP1
MRPL27,MRPL27
CRY1,CRY1
TMEM212,TMEM212
MRPS2,MRPS2
GLRX3,GLRX3
PANX1,PANX1
PPP1R14D,PPP1R14D
KRTAP16-1,KRTAP16-1
NLRP2,NLRP2
EXOSC4,EXOSC4
ENAH,ENAH
SUCNR1,SUCNR1
ALKBH3,ALKBH3
LETMD1,LETMD1
RPS6KB2,RPS6KB2
HPCAL1,HPCAL1
PMP22,PMP22
C10orf126,C10orf126
TRBV6-7,TRBV6-7
DCLRE1A,DCLRE1A
ENSG00000268744,ENSG00000268744
TNFRSF6B,TNFRSF6B
ATG13,ATG13
ENSG00000131152,ENSG00000131152
SLC35E1,SLC35E1
TRBJ2-2,TRBJ2-2
RBM10,RBM10
CLDN1,CLDN1
MGLL,MGLL
RAD50,RAD50
IL18BP,IL18BP
PADI1,PADI1
USP17L25,USP17L25
MYL10,MYL10
DDX20,DDX20
IL20,IL20
RASA3,RASA3
TRBV5-1,TRBV5-1
CITED4,CITED4
NTSR2,NTSR2
ZNF34,ZNF34
NT5C2,NT5C2
ANGPTL5,ANGPTL5
DNAH3,DNAH3
GADD45B,GADD45B
OR2AJ1,OR2AJ1
ZSWIM2,ZSWIM2
PLEKHJ1,PLEKHJ1
RPA2,RPA2
GPR42,GPR42
GCM1,GCM1
L3MBTL4,L3MBTL4
ARHGEF15,ARHGEF15
SNTB2,SNTB2
XKR8,XKR8
C5orf24,C5orf24
PDZK1IP1,PDZK1IP1
ARL16,ARL16
SEC62,SEC62
PTPRT,PTPRT
CT83,CT83
ADD1,ADD1
DPM1,DPM1
GMNN,GMNN
HTR6,HTR6
MPZL1,MPZL1
ACOX2,ACOX2
CYB5R3,CYB5R3
CXCL8,CXCL8
IVNS1ABP,IVNS1ABP
HSP90AA1,HSP90AA1
CAMK2B,CAMK2B
AQP3,AQP3
PCLAF,PCLAF
TAF15,TAF15
HGNC:23051,HGNC:23051
PAIP2B,PAIP2B
TNFSF13B,TNFSF13B
POU5F1B,POU5F1B
LRRC10,LRRC10
ANXA13,ANXA13
ATXN1,ATXN1
AGBL5,AGBL5
NUDCD1,NUDCD1
KRT33A,KRT33A
GCLM,GCLM
ARSD,ARSD
ERP29,ERP29
TOMM40,TOMM40
LCE3E,LCE3E
ZNF142,ZNF142
CROT,CROT
MGST2,MGST2
ENSG00000284455,ENSG00000284455
PRKG2,PRKG2
SEPT2,SEPT2
OR5AR1,OR5AR1
IGSF1,IGSF1
NUDT16,NUDT16
HMGN2,HMGN2
ZNF502,ZNF502
PDE5A,PDE5A
OR4D9,OR4D9
CERS5,CERS5
MB,MB
FAT3,FAT3
PIK3R2,PIK3R2
TCAP,TCAP
BTC,BTC
SNRNP27,SNRNP27
FBRSL1,FBRSL1
BAZ2B,BAZ2B
ENSG00000261833,ENSG00000261833
NT5E,NT5E
SH3GL2,SH3GL2
BCAP31,BCAP31
FAHD2B,FAHD2B
PLAG1,PLAG1
C19orf70,C19orf70
GPHA2,GPHA2
OR6K6,OR6K6
RHBDF1,RHBDF1
BCCIP,BCCIP
ZIK1,ZIK1
RMDN3,RMDN3
NEDD8-MDP1,NEDD8-MDP1
CNTN5,CNTN5
IGLV5-37,IGLV5-37
ACVRL1,ACVRL1
MFSD6L,MFSD6L
SLC13A3,SLC13A3
ZNF512,ZNF512
LRRC8E,LRRC8E
BLK,BLK
SMO,SMO
CAPN5,CAPN5
STK32A,STK32A
CDRT15,CDRT15
SCARA5,SCARA5
DPEP1,DPEP1
ANP32A,ANP32A
TMEM129,TMEM129
SRP14,SRP14
CARM1,CARM1
ART3,ART3
SOX18,SOX18
REP15,REP15
CNPY2,CNPY2
G6PC3,G6PC3
PFN1,PFN1
BACE2,BACE2
CD28,CD28
ZNF599,ZNF599
MLH1,MLH1
GRB10,GRB10
SZRD1,SZRD1
RAD54L2,RAD54L2
AP3B1,AP3B1
LDLRAD3,LDLRAD3
ACTL10,ACTL10
OTOP2,OTOP2
CASC10,CASC10
OR6C4,OR6C4
MAOB,MAOB
ACTL7B,ACTL7B
ULK2,ULK2
SH3RF2,SH3RF2
COG1,COG1
BCORL1,BCORL1
ITSN2,ITSN2
MT3,MT3
CPNE9,CPNE9
PCDHGA3,PCDHGA3
SLC39A6,SLC39A6
HGNC:27285,HGNC:27285
PRDX2,PRDX2
CXCL3,CXCL3
CCND2,CCND2
GPR161,GPR161
ZNF462,ZNF462
AADAC,AADAC
SPAG7,SPAG7
SLC24A4,SLC24A4
BHLHB9,BHLHB9
DEC1,DEC1
ZNF705D,ZNF705D
ERVW-1,ERVW-1
RRM1,RRM1
PRPF19,PRPF19
DHRS4,DHRS4
ANKDD1A,ANKDD1A
RPL3L,RPL3L
DCAF17,DCAF17
TRBV23OR9-2,TRBV23OR9-2
CRAMP1,CRAMP1
SORL1,SORL1
ST8SIA5,ST8SIA5
LYSMD3,LYSMD3
PLK5,PLK5
EIF5B,EIF5B
TBC1D7,TBC1D7
TSHZ1,TSHZ1
NSD2,NSD2
ZNF92,ZNF92
OLFML1,OLFML1
STAT4,STAT4
PDILT,PDILT
KRTAP5-8,KRTAP5-8
IP6K2,IP6K2
TRAJ34,TRAJ34
MRPS12,MRPS12
TNRC6B,TNRC6B
CPLX2,CPLX2
LY6K,LY6K
IRX6,IRX6
H2AFY,H2AFY
MDH1,MDH1
CARHSP1,CARHSP1
ZNF574,ZNF574
TFAP2E,TFAP2E
SEMA4C,SEMA4C
CASP14,CASP14
ZNHIT6,ZNHIT6
NKD2,NKD2
TARM1,TARM1
EFNA5,EFNA5
OR6K3,OR6K3
FGF6,FGF6
DENND3,DENND3
HGNC:19955,HGNC:19955
SELENOP,SELENOP
CDH7,CDH7
POTED,POTED
GUCD1,GUCD1
TEX33,TEX33
DNAJC13,DNAJC13
SLC22A2,SLC22A2
DMRTB1,DMRTB1
RAC1,RAC1
ARFGEF2,ARFGEF2
ASH1L,ASH1L
ARHGEF37,ARHGEF37
SENP6,SENP6
C5,C5
ZNF407,ZNF407
HYAL1,HYAL1
TUBB4B,TUBB4B
NPAT,NPAT
LTB4R,LTB4R
BBS7,BBS7
RAMP1,RAMP1
PTPN23,PTPN23
NBR1,NBR1
SPICE1,SPICE1
OSMR,OSMR
TMEM262,TMEM262
MTG1,MTG1
ORC2,ORC2
VDAC2,VDAC2
ZNF506,ZNF506
TXNDC15,TXNDC15
PCOLCE,PCOLCE
SDCCAG3,SDCCAG3
TMEM61,TMEM61
EPB41L5,EPB41L5
ACYP2,ACYP2
MSI2,MSI2
HSPA6,HSPA6
RBBP8,RBBP8
DNAJB14,DNAJB14
LNX1,LNX1
ADGRV1,ADGRV1
MRM2,MRM2
OR4D5,OR4D5
PAFAH1B3,PAFAH1B3
MOSPD1,MOSPD1
SMIM6,SMIM6
COPA,COPA
HGNC:26619,HGNC:26619
GABRB3,GABRB3
KLHL3,KLHL3
TEK,TEK
ENSG00000167524,ENSG00000167524
EXOSC3,EXOSC3
FAM161B,FAM161B
SERTAD1,SERTAD1
RIMBP3B,RIMBP3B
SSR4,SSR4
NEDD1,NEDD1
TRAV18,TRAV18
STARD3,STARD3
MROH6,MROH6
FBLIM1,FBLIM1
ANKRA2,ANKRA2
ATP6V0D2,ATP6V0D2
MYEF2,MYEF2
CALCOCO2,CALCOCO2
IL1B,IL1B
STRIP1,STRIP1
SUMF1,SUMF1
GABRP,GABRP
C1QL1,C1QL1
RAB33A,RAB33A
MMP20,MMP20
HSD17B2,HSD17B2
ELL3,ELL3
NDE1,NDE1
CNIH3,CNIH3
LSP1,LSP1
PFDN6,PFDN6
MBD3L5,MBD3L5
DOCK3,DOCK3
MYO9A,MYO9A
PLLP,PLLP
MAX,MAX
CCDC80,CCDC80
OPRM1,OPRM1
AMDHD2,AMDHD2
RIMKLB,RIMKLB
ELAC2,ELAC2
CENPW,CENPW
RDX,RDX
CKMT1B,CKMT1B
HNRNPL,HNRNPL
UBXN7,UBXN7
KRTAP9-1,KRTAP9-1
MMP21,MMP21
ERICH5,ERICH5
SYNC,SYNC
YDJC,YDJC
SKAP2,SKAP2
CYB5RL,CYB5RL
SHBG,SHBG
RDH10,RDH10
NEDD4,NEDD4
TRBV7-1,TRBV7-1
IL25,IL25
HAUS6,HAUS6
PCGF5,PCGF5
OR6S1,OR6S1
WWTR1,WWTR1
DDX60,DDX60
GDPD1,GDPD1
PCDHGB4,PCDHGB4
TMEM159,TMEM159
ENSG00000260548,ENSG00000260548
TRIM68,TRIM68
DBX1,DBX1
LGALS14,LGALS14
BPHL,BPHL
APEX2,APEX2
FTCD,FTCD
EMC9,EMC9
CUX2,CUX2
MORC4,MORC4
ADI1,ADI1
DEFB134,DEFB134
BHLHA15,BHLHA15
CLECL1,CLECL1
RTL4,RTL4
TIMM17B,TIMM17B
C1QTNF9,C1QTNF9
HARBI1,HARBI1
ZNF483,ZNF483
DMRT3,DMRT3
LENG1,LENG1
BCL2L12,BCL2L12
COMT,COMT
PLEKHG2,PLEKHG2
EVI2A,EVI2A
LPCAT1,LPCAT1
ZFP2,ZFP2
SAMD11,SAMD11
KANK4,KANK4
FAF1,FAF1
ZC3H12D,ZC3H12D
ZNF488,ZNF488
TAC4,TAC4
LAMTOR1,LAMTOR1
SDHB,SDHB
LRRTM1,LRRTM1
CEACAM8,CEACAM8
ELOA3D,ELOA3D
ZHX2,ZHX2
DCX,DCX
RIN3,RIN3
CHRD,CHRD
ENSG00000251569,ENSG00000251569
SPR,SPR
C3orf20,C3orf20
TSG101,TSG101
FAM126B,FAM126B
LYAR,LYAR
UBL3,UBL3
ICMT,ICMT
IL15,IL15
OR1Q1,OR1Q1
CFI,CFI
TRAJ38,TRAJ38
AES,AES
REXO2,REXO2
TASP1,TASP1
TBX15,TBX15
TTC39A,TTC39A
KCNMA1,KCNMA1
CTXN3,CTXN3
TBL1XR1,TBL1XR1
ATP1B4,ATP1B4
SLFN5,SLFN5
ZNF771,ZNF771
AKR1B10,AKR1B10
ZBTB49,ZBTB49
ADGRA1,ADGRA1
FGF3,FGF3
HGNC:15548,HGNC:15548
LRRC15,LRRC15
RARS2,RARS2
OMD,OMD
UBE2J2,UBE2J2
COG3,COG3
CBLN1,CBLN1
C1orf115,C1orf115
RNF123,RNF123
ABCB4,ABCB4
PI16,PI16
NPC1,NPC1
CPVL,CPVL
FAM153C,FAM153C
FBXL22,FBXL22
ZCCHC8,ZCCHC8
GBE1,GBE1
FABP4,FABP4
HS3ST6,HS3ST6
HGNC:14126,HGNC:14126
RIMS3,RIMS3
CTLA4,CTLA4
PARD3,PARD3
C17orf100,C17orf100
SLC25A22,SLC25A22
PWP2,PWP2
GNG4,GNG4
PGC,PGC
KIF18A,KIF18A
MTBP,MTBP
HM13,HM13
MYBL1,MYBL1
RETN,RETN
OR2T33,OR2T33
FAM83H,FAM83H
RNF44,RNF44
ADAMTSL2,ADAMTSL2
PCYT2,PCYT2
TRAV7,TRAV7
ENSG00000262660,ENSG00000262660
GPX6,GPX6
PIANP,PIANP
BRMS1L,BRMS1L
CDK5R1,CDK5R1
GNAI2,GNAI2
KCNIP1,KCNIP1
MGST3,MGST3
APMAP,APMAP
ULK1,ULK1
MRPL10,MRPL10
POLR1D,POLR1D
MRPL53,MRPL53
PATE4,PATE4
NNMT,NNMT
CDCA8,CDCA8
NPPC,NPPC
LYPD1,LYPD1
CCDC137,CCDC137
WDR36,WDR36
CEACAM7,CEACAM7
OSBPL9,OSBPL9
RPUSD2,RPUSD2
TNK1,TNK1
BAZ1A,BAZ1A
WNT4,WNT4
MTRNR2L4,MTRNR2L4
IGLJ5,IGLJ5
TMEM185A,TMEM185A
EXOC7,EXOC7
ITGB5,ITGB5
COL23A1,COL23A1
ITPKB,ITPKB
PAX3,PAX3
HEATR5B,HEATR5B
PCDHB12,PCDHB12
AHI1,AHI1
ALKBH4,ALKBH4
SEC14L1,SEC14L1
ARTN,ARTN
MED13L,MED13L
MYO7B,MYO7B
FTSJ1,FTSJ1
TTI2,TTI2
SPRR2B,SPRR2B
ZNF250,ZNF250
RPS20,RPS20
PTPN7,PTPN7
OOSP2,OOSP2
MLNR,MLNR
ECHDC2,ECHDC2
PDP2,PDP2
HERC3,HERC3
GSE1,GSE1
ZNF441,ZNF441
PIGQ,PIGQ
MRGPRX4,MRGPRX4
IZUMO2,IZUMO2
DZIP3,DZIP3
FAM149A,FAM149A
HECA,HECA
ZNF736,ZNF736
CCDC34,CCDC34
ENSG00000256966,ENSG00000256966
THUMPD1,THUMPD1
HABP4,HABP4
SRSF12,SRSF12
OR1K1,OR1K1
TMEM38A,TMEM38A
SOCS4,SOCS4
HGNC:39933,HGNC:39933
POGLUT1,POGLUT1
FBXL14,FBXL14
NOD2,NOD2
ALPPL2,ALPPL2
ERBB2,ERBB2
EPOR,EPOR
TRAJ27,TRAJ27
HP1BP3,HP1BP3
BRPF1,BRPF1
GUCY1A2,GUCY1A2
PLEKHG3,PLEKHG3
KCNMB3,KCNMB3
RDH16,RDH16
RHBDF2,RHBDF2
ADAMTS1,ADAMTS1
NOS2,NOS2
LZTS3,LZTS3
UBE2T,UBE2T
MOB3C,MOB3C
GSDMB,GSDMB
CGB7,CGB7
NOL9,NOL9
ENSG00000226490,ENSG00000226490
TTC21A,TTC21A
PRR5-ARHGAP8,PRR5-ARHGAP8
TRAFD1,TRAFD1
CPQ,CPQ
ACP1,ACP1
HAUS1,HAUS1
MCFD2,MCFD2
MSGN1,MSGN1
SOX8,SOX8
BCL10,BCL10
POLR1B,POLR1B
BRI3,BRI3
TBC1D13,TBC1D13
XYLT2,XYLT2
CARD11,CARD11
SLIRP,SLIRP
MPZL3,MPZL3
MCM4,MCM4
CYP4F12,CYP4F12
CEP72,CEP72
HLX,HLX
TMEM110,TMEM110
SPTAN1,SPTAN1
RSPH14,RSPH14
CCDC17,CCDC17
IGHV3OR16-12,IGHV3OR16-12
DHX40,DHX40
LIPF,LIPF
SLC38A4,SLC38A4
SMOX,SMOX
POMGNT2,POMGNT2
SMIM15,SMIM15
RTL8A,RTL8A
PSPH,PSPH
SFR1,SFR1
RPL10,RPL10
GOLGA6L22,GOLGA6L22
PAPOLG,PAPOLG
ATP7A,ATP7A
DHRS9,DHRS9
RHOF,RHOF
ANKRD66,ANKRD66
TBX21,TBX21
GNL2,GNL2
ALPK3,ALPK3
OR2C1,OR2C1
PTGES3L,PTGES3L
SLC16A10,SLC16A10
APOL2,APOL2
FGR,FGR
FTL,FTL
ENSG00000256100,ENSG00000256100
KCNK12,KCNK12
ELL,ELL
KDF1,KDF1
UBL5,UBL5
TMEM56-RWDD3,TMEM56-RWDD3
ARPP21,ARPP21
PTGS2,PTGS2
PLPP6,PLPP6
METRNL,METRNL
RBFOX3,RBFOX3
LHFPL4,LHFPL4
PSMB3,PSMB3
PPIF,PPIF
SHF,SHF
PRM1,PRM1
SPECC1L,SPECC1L
CYBB,CYBB
ZNF20,ZNF20
PKN1,PKN1
DRP2,DRP2
TMEM33,TMEM33
FAM129A,FAM129A
PIWIL1,PIWIL1
TREML4,TREML4
ENSG00000257390,ENSG00000257390
C19orf12,C19orf12
GINS1,GINS1
ARHGEF6,ARHGEF6
NPIPA2,NPIPA2
SENP1,SENP1
MAGEA11,MAGEA11
MCM3,MCM3
DDX56,DDX56
ENSG00000266202,ENSG00000266202
OTUD6A,OTUD6A
ALS2CL,ALS2CL
SPEF2,SPEF2
ENPP7,ENPP7
ARHGAP45,ARHGAP45
AFG3L2,AFG3L2
OCM2,OCM2
RABEP1,RABEP1
CCDC150,CCDC150
AP1S3,AP1S3
COPS2,COPS2
MVK,MVK
CCDC179,CCDC179
PEX16,PEX16
COX4I2,COX4I2
TNFSF9,TNFSF9
TRMT2A,TRMT2A
DHX32,DHX32
TSC22D3,TSC22D3
RASSF1,RASSF1
SSR3,SSR3
PPP1R10,PPP1R10
ST3GAL6,ST3GAL6
SCRG1,SCRG1
SIN3B,SIN3B
NMT1,NMT1
MYOG,MYOG
CDCP1,CDCP1
DNTT,DNTT
LDHB,LDHB
SPATA9,SPATA9
OR4N2,OR4N2
EIF1B,EIF1B
KRT33B,KRT33B
OR11A1,OR11A1
RGS6,RGS6
VEZF1,VEZF1
RAB6C,RAB6C
C1orf116,C1orf116
TMPRSS11D,TMPRSS11D
WFDC11,WFDC11
FAM160A2,FAM160A2
AGAP6,AGAP6
GMIP,GMIP
NPAP1,NPAP1
TNR,TNR
MLLT1,MLLT1
STAT2,STAT2
MT1B,MT1B
APOO,APOO
DYRK1B,DYRK1B
WWC3,WWC3
NEK6,NEK6
ATP6V1F,ATP6V1F
B3GALT4,B3GALT4
ZSCAN12,ZSCAN12
TMEM88B,TMEM88B
JAK3,JAK3
APP,APP
PIFO,PIFO
TG,TG
OR5L2,OR5L2
KLHL36,KLHL36
DAW1,DAW1
TRAJ20,TRAJ20
NAA60,NAA60
TMEM258,TMEM258
POMT2,POMT2
PLCE1,PLCE1
TRBV4-1,TRBV4-1
MAVS,MAVS
NOXO1,NOXO1
ZNF501,ZNF501
TRAV3,TRAV3
BTBD2,BTBD2
LSMEM2,LSMEM2
RNF207,RNF207
ENSG00000214265,ENSG00000214265
DOHH,DOHH
GZMK,GZMK
ACKR4,ACKR4
KATNA1,KATNA1
HGNC:33797,HGNC:33797
DCAKD,DCAKD
UNC13A,UNC13A
NHP2,NHP2
IZUMO3,IZUMO3
BRCA1,BRCA1
GOLGA8O,GOLGA8O
ADAT2,ADAT2
GDAP1,GDAP1
CORO1C,CORO1C
OLIG3,OLIG3
SMCO2,SMCO2
STBD1,STBD1
EPYC,EPYC
GPX3,GPX3
COPS7A,COPS7A
MRPL47,MRPL47
TMEM102,TMEM102
MAP2K2,MAP2K2
USF1,USF1
RPS27A,RPS27A
PRICKLE3,PRICKLE3
SPSB3,SPSB3
PFAS,PFAS
PSMD8,PSMD8
ENSG00000261130,ENSG00000261130
SEC14L3,SEC14L3
MXD1,MXD1
SLC3A2,SLC3A2
LDB2,LDB2
RFX5,RFX5
KRT5,KRT5
PRSS16,PRSS16
LRRC49,LRRC49
LZIC,LZIC
BEX3,BEX3
NT5C1B-RDH14,NT5C1B-RDH14
GRM8,GRM8
NSUN6,NSUN6
ANKRD55,ANKRD55
OSBPL1A,OSBPL1A
JARID2,JARID2
KIF1B,KIF1B
ZNF358,ZNF358
ALPP,ALPP
MCUR1,MCUR1
SSBP1,SSBP1
FAM110B,FAM110B
LRRC43,LRRC43
HIST1H2AI,HIST1H2AI
GBP7,GBP7
HLA-DRB1,HLA-DRB1
PLOD3,PLOD3
NPFF,NPFF
KDELR3,KDELR3
MRC2,MRC2
RRP7A,RRP7A
PRCD,PRCD
OR5T1,OR5T1
STRADA,STRADA
PLVAP,PLVAP
SPRR2F,SPRR2F
SRR,SRR
EGFL8,EGFL8
SHISA7,SHISA7
RGS1,RGS1
ADPRHL2,ADPRHL2
PGS1,PGS1
DEFA6,DEFA6
PRRC2A,PRRC2A
MICAL2,MICAL2
KSR2,KSR2
TRIM55,TRIM55
NUDT19,NUDT19
TRGV4,TRGV4
GABRR1,GABRR1
DPYSL2,DPYSL2
ADRA1A,ADRA1A
ZBTB25,ZBTB25
ENSG00000269469,ENSG00000269469
SEPT5,SEPT5
RBBP4,RBBP4
SCGB1A1,SCGB1A1
GNB3,GNB3
ENSG00000267318,ENSG00000267318
PTGES3,PTGES3
SNX29,SNX29
TAC3,TAC3
WSCD1,WSCD1
ST14,ST14
MVD,MVD
ZNF578,ZNF578
UBA2,UBA2
FGD1,FGD1
BOLL,BOLL
GPR171,GPR171
RPL6,RPL6
TAGLN2,TAGLN2
MN1,MN1
RPS7,RPS7
RRP36,RRP36
ZER1,ZER1
CTSK,CTSK
NES,NES
METTL14,METTL14
CUEDC2,CUEDC2
TMPRSS3,TMPRSS3
VPS50,VPS50
WASHC5,WASHC5
ANXA2,ANXA2
MTRNR2L8,MTRNR2L8
FUT2,FUT2
COX19,COX19
CLCN4,CLCN4
POP7,POP7
ARL4A,ARL4A
ENHO,ENHO
TRAV24,TRAV24
HDAC8,HDAC8
CLEC2B,CLEC2B
KCNA2,KCNA2
MAP1LC3C,MAP1LC3C
TMED7,TMED7
ENSG00000272772,ENSG00000272772
CAMSAP1,CAMSAP1
CENPA,CENPA
TMEM151A,TMEM151A
GGT1,GGT1
GPBP1,GPBP1
TRIM6,TRIM6
RHOC,RHOC
SYK,SYK
LRFN4,LRFN4
ALG10B,ALG10B
NPDC1,NPDC1
CISH,CISH
RBM47,RBM47
EFCAB5,EFCAB5
CYP2A7,CYP2A7
BLVRB,BLVRB
ATP5G2,ATP5G2
ENSG00000259066,ENSG00000259066
GCLC,GCLC
C12orf49,C12orf49
MEIG1,MEIG1
ZNF609,ZNF609
TMEM51,TMEM51
PCSK4,PCSK4
HIST1H2BM,HIST1H2BM
FOXR2,FOXR2
POT1,POT1
FUCA1,FUCA1
DDX23,DDX23
MARS2,MARS2
PRC1,PRC1
CTNS,CTNS
SPNS1,SPNS1
SYDE1,SYDE1
ETFBKMT,ETFBKMT
NBPF14,NBPF14
FCRL5,FCRL5
LHX9,LHX9
PITPNC1,PITPNC1
MIIP,MIIP
F7,F7
NLRC5,NLRC5
HCST,HCST
SPP1,SPP1
KRTAP26-1,KRTAP26-1
ARGLU1,ARGLU1
SRPK3,SRPK3
LTB,LTB
RNF13,RNF13
TLNRD1,TLNRD1
NIPAL2,NIPAL2
ARHGAP28,ARHGAP28
ZNF83,ZNF83
ADAT3,ADAT3
MEGF8,MEGF8
RASGEF1A,RASGEF1A
DAZAP2,DAZAP2
C9orf16,C9orf16
RB1,RB1
OR9I1,OR9I1
CNBD2,CNBD2
NUDT13,NUDT13
SHTN1,SHTN1
TRMT1,TRMT1
RBM39,RBM39
SUB1,SUB1
SIRT4,SIRT4
FOXE1,FOXE1
EME1,EME1
NKIRAS2,NKIRAS2
IGHA2,IGHA2
CAMSAP3,CAMSAP3
ZNF677,ZNF677
TMEM52B,TMEM52B
ANKRD10,ANKRD10
ZNF699,ZNF699
PIP4K2C,PIP4K2C
NEGR1,NEGR1
DOPEY1,DOPEY1
MYBPC2,MYBPC2
MED4,MED4
CNN1,CNN1
POLR2L,POLR2L
FYCO1,FYCO1
HOXB8,HOXB8
TBX2,TBX2
NOSIP,NOSIP
SLC7A2,SLC7A2
SLC34A2,SLC34A2
RSPH10B,RSPH10B
PRR16,PRR16
SMARCA1,SMARCA1
MRPL33,MRPL33
HOXC8,HOXC8
LAMB1,LAMB1
PRKAA2,PRKAA2
WRN,WRN
CCDC136,CCDC136
INO80C,INO80C
CTDP1,CTDP1
SAFB2,SAFB2
HIST2H2AB,HIST2H2AB
RNF186,RNF186
DNAJC2,DNAJC2
MMP9,MMP9
ZFAND2B,ZFAND2B
FBXO32,FBXO32
NBPF10,NBPF10
CACNG5,CACNG5
RP2,RP2
ACVR2A,ACVR2A
RALGPS2,RALGPS2
KCNG2,KCNG2
AMD1,AMD1
C19orf53,C19orf53
ATXN7L3,ATXN7L3
MDS2,MDS2
DENND2D,DENND2D
PLXND1,PLXND1
RNF112,RNF112
TAOK2,TAOK2
PHKA2,PHKA2
NAV1,NAV1
LEMD3,LEMD3
ITGB7,ITGB7
IGKV2D-24,IGKV2D-24
TTC37,TTC37
C22orf46,C22orf46
MYADML2,MYADML2
OR8D1,OR8D1
BEX2,BEX2
HLA-C,HLA-C
ZNF467,ZNF467
HGNC:31424,HGNC:31424
RRAGC,RRAGC
PIGU,PIGU
LACTB,LACTB
PRAMEF6,PRAMEF6
TMEM168,TMEM168
OR4D1,OR4D1
DEFB129,DEFB129
TMEM121B,TMEM121B
LRSAM1,LRSAM1
CAPRIN2,CAPRIN2
ENSG00000259680,ENSG00000259680
IRGQ,IRGQ
ZNF680,ZNF680
UAP1L1,UAP1L1
MTSS1L,MTSS1L
NKX6-1,NKX6-1
HMMR,HMMR
GALNT12,GALNT12
MICALCL,MICALCL
NCF2,NCF2
OR5H2,OR5H2
NT5C,NT5C
DES,DES
NR4A3,NR4A3
PSD2,PSD2
COLGALT1,COLGALT1
PPP2R2A,PPP2R2A
IGKJ4,IGKJ4
KIN,KIN
ITFG1,ITFG1
VANGL1,VANGL1
ITFG2,ITFG2
IGHV3OR16-8,IGHV3OR16-8
IL4R,IL4R
CALU,CALU
TMEM64,TMEM64
GTDC1,GTDC1
STIM1,STIM1
TMEM143,TMEM143
BEND3,BEND3
MBIP,MBIP
KRTAP10-3,KRTAP10-3
MS4A14,MS4A14
GSG1L2,GSG1L2
STS,STS
RRAGB,RRAGB
WNT5A,WNT5A
OR2L13,OR2L13
CADPS,CADPS
HCAR3,HCAR3
SERP2,SERP2
SLC6A1,SLC6A1
SCARB1,SCARB1
ENSG00000257411,ENSG00000257411
REST,REST
SEZ6,SEZ6
FAM209B,FAM209B
OR10AD1,OR10AD1
FAM221B,FAM221B
HGNC:24799,HGNC:24799
DYNLL2,DYNLL2
STAU1,STAU1
RRAGD,RRAGD
BTN3A1,BTN3A1
LRRTM2,LRRTM2
CLDN24,CLDN24
KCNN4,KCNN4
RSPH1,RSPH1
FLOT1,FLOT1
GSTM1,GSTM1
ENSG00000268279,ENSG00000268279
ADGRL2,ADGRL2
MTCP1,MTCP1
WWP1,WWP1
C17orf105,C17orf105
PRCP,PRCP
C11orf16,C11orf16
PICALM,PICALM
C1QTNF3-AMACR,C1QTNF3-AMACR
PRPF3,PRPF3
ZNF281,ZNF281
GPR132,GPR132
BRF1,BRF1
SMC2,SMC2
ZNF780A,ZNF780A
ZNF564,ZNF564
LIMA1,LIMA1
ATP6V0D1,ATP6V0D1
CFHR3,CFHR3
SYT12,SYT12
SLC35E2B,SLC35E2B
PABPC3,PABPC3
LILRA5,LILRA5
MTOR,MTOR
OTOP1,OTOP1
TMEM14A,TMEM14A
NOP2,NOP2
WASHC3,WASHC3
IFIT1B,IFIT1B
ATP1A4,ATP1A4
AHCTF1,AHCTF1
MARC2,MARC2
LCE3C,LCE3C
RPS14,RPS14
LTBP2,LTBP2
PITPNM1,PITPNM1
LRP8,LRP8
COPG1,COPG1
ZC3H6,ZC3H6
LRRC70,LRRC70
ZNF513,ZNF513
PXN,PXN
LRRC37B,LRRC37B
CYP2A6,CYP2A6
NKX6-3,NKX6-3
SFMBT1,SFMBT1
ZBTB5,ZBTB5
HOXD13,HOXD13
OR8S1,OR8S1
WASHC4,WASHC4
CDR2,CDR2
RAB6B,RAB6B
ASAH2B,ASAH2B
NPLOC4,NPLOC4
FAM178B,FAM178B
GLS,GLS
NFATC3,NFATC3
NUDT14,NUDT14
ZNF235,ZNF235
MTX3,MTX3
OSBPL8,OSBPL8
MYLK4,MYLK4
TCL1B,TCL1B
PSMC4,PSMC4
TMIGD2,TMIGD2
ZPBP,ZPBP
PSRC1,PSRC1
MAFF,MAFF
FLNA,FLNA
HDHD5,HDHD5
ECM1,ECM1
SH3BP5,SH3BP5
ERP44,ERP44
CST4,CST4
SLC16A5,SLC16A5
SERPINB3,SERPINB3
TVP23A,TVP23A
OR1D5,OR1D5
ENSG00000267022,ENSG00000267022
EVA1B,EVA1B
METTL9,METTL9
CHI3L1,CHI3L1
SIRPB2,SIRPB2
ADRA1D,ADRA1D
CAPN13,CAPN13
LEUTX,LEUTX
SIGLEC8,SIGLEC8
MAGEC3,MAGEC3
A4GNT,A4GNT
TPBGL,TPBGL
HMG20A,HMG20A
TERF2,TERF2
ZNF71,ZNF71
PLIN5,PLIN5
GDF5OS,GDF5OS
ARMC1,ARMC1
PPP4R2,PPP4R2
YPEL2,YPEL2
CCND3,CCND3
ATP6V0B,ATP6V0B
NMI,NMI
NSUN2,NSUN2
ERGIC3,ERGIC3
OR11G2,OR11G2
NPSR1,NPSR1
ZNF623,ZNF623
PAXX,PAXX
TVP23C,TVP23C
ASPDH,ASPDH
CRBN,CRBN
RASSF2,RASSF2
PNLIP,PNLIP
USB1,USB1
SLC31A2,SLC31A2
ARRB2,ARRB2
CHRAC1,CHRAC1
ZBED3,ZBED3
KRT84,KRT84
KLK2,KLK2
TMEM17,TMEM17
ZC3H12B,ZC3H12B
GP1BA,GP1BA
RRBP1,RRBP1
KRTAP10-10,KRTAP10-10
KLLN,KLLN
PRDM16,PRDM16
OR5B21,OR5B21
HSPD1,HSPD1
LRRC37A3,LRRC37A3
UBE4A,UBE4A
GAGE12J,GAGE12J
SOCS7,SOCS7
IFNGR1,IFNGR1
PARM1,PARM1
GCNT1,GCNT1
WNT6,WNT6
AVP,AVP
TXNIP,TXNIP
FOXRED2,FOXRED2
SLC25A45,SLC25A45
KCND3,KCND3
CYB5R1,CYB5R1
KHDC1L,KHDC1L
EGFR,EGFR
TTC30A,TTC30A
METTL16,METTL16
SHISA4,SHISA4
SLC2A4,SLC2A4
P2RX6,P2RX6
C4orf19,C4orf19
LLPH,LLPH
CYB5R4,CYB5R4
AXL,AXL
FEZ2,FEZ2
LDLRAD4,LDLRAD4
SREK1IP1,SREK1IP1
ZNF705G,ZNF705G
SELENOI,SELENOI
ADCK2,ADCK2
TMEM89,TMEM89
LONP2,LONP2
RNF5,RNF5
CIB3,CIB3
CXCL12,CXCL12
FBP2,FBP2
DDX6,DDX6
SEC61G,SEC61G
VCPKMT,VCPKMT
NRXN2,NRXN2
OTUD4,OTUD4
F12,F12
KRT76,KRT76
ZNF234,ZNF234
TINAGL1,TINAGL1
ETV5,ETV5
SLC22A11,SLC22A11
EPS8L1,EPS8L1
SLC4A1AP,SLC4A1AP
STX3,STX3
ATP1B3,ATP1B3
IL22RA2,IL22RA2
TMEM179,TMEM179
C9orf64,C9orf64
PYCARD,PYCARD
DDAH2,DDAH2
TPGS1,TPGS1
PRELID3A,PRELID3A
PTX3,PTX3
SIRPG,SIRPG
SPTSSA,SPTSSA
SMAD1,SMAD1
PDZD2,PDZD2
ANTXRL,ANTXRL
DKKL1,DKKL1
FCF1,FCF1
COL20A1,COL20A1
CEP120,CEP120
CADM3,CADM3
ACSS1,ACSS1
TYSND1,TYSND1
EBPL,EBPL
ARAP2,ARAP2
GLRA4,GLRA4
IL1R2,IL1R2
CDKL4,CDKL4
ALDH1L1,ALDH1L1
NUTM2A,NUTM2A
ARCN1,ARCN1
WDR20,WDR20
ULK3,ULK3
TAF9B,TAF9B
ZNF81,ZNF81
ABCA9,ABCA9
DENND1A,DENND1A
ACTL6B,ACTL6B
TUBB1,TUBB1
APBB2,APBB2
HEY2,HEY2
CD63,CD63
QSER1,QSER1
MARCH11,MARCH11
HGNC:21235,HGNC:21235
CNTN2,CNTN2
RNF26,RNF26
HGNC:31426,HGNC:31426
HEATR5A,HEATR5A
VPS13C,VPS13C
PADI4,PADI4
WIPI1,WIPI1
GPR62,GPR62
IL27RA,IL27RA
SLC46A1,SLC46A1
COMMD5,COMMD5
CDK1,CDK1
MSC,MSC
SMCP,SMCP
CST6,CST6
AKAP17A,AKAP17A
OR8D4,OR8D4
PAQR6,PAQR6
CDR1,CDR1
SYN1,SYN1
SPNS3,SPNS3
SPATA31A1,SPATA31A1
CBX4,CBX4
SH3BP4,SH3BP4
ARSI,ARSI
FAM229A,FAM229A
ZNF846,ZNF846
ADGRB3,ADGRB3
TRAV22,TRAV22
HGNC:32328,HGNC:32328
ITM2B,ITM2B
CATSPERD,CATSPERD
SAMD9L,SAMD9L
KRT73,KRT73
IGKV1-5,IGKV1-5
PAEP,PAEP
RBP5,RBP5
ZMYND8,ZMYND8
PPP1R17,PPP1R17
SRRM5,SRRM5
CDA,CDA
GMCL1,GMCL1
H2AFV,H2AFV
PDGFRL,PDGFRL
SACS,SACS
MYO10,MYO10
AIFM2,AIFM2
ZCCHC14,ZCCHC14
RIPPLY3,RIPPLY3
HGNC:27613,HGNC:27613
RAB17,RAB17
AOAH,AOAH
LCMT1,LCMT1
MTFP1,MTFP1
LRTM2,LRTM2
BMP7,BMP7
SNCG,SNCG
CHST6,CHST6
SMIM13,SMIM13
ZNF774,ZNF774
RFPL4AL1,RFPL4AL1
SOX12,SOX12
IFNGR2,IFNGR2
MRPL17,MRPL17
TMSB10,TMSB10
ETFDH,ETFDH
PKP2,PKP2
CCDC14,CCDC14
LRRC45,LRRC45
ENSG00000249141,ENSG00000249141
TCEA1,TCEA1
PTGES,PTGES
MRPL48,MRPL48
NGFR,NGFR
ENTPD6,ENTPD6
CCR10,CCR10
ALKAL2,ALKAL2
STC2,STC2
MAF1,MAF1
UTRN,UTRN
IGKV1D-16,IGKV1D-16
TXNRD1,TXNRD1
GCOM1,GCOM1
GPC3,GPC3
PIGR,PIGR
IGHV1-24,IGHV1-24
C19orf48,C19orf48
CHD9,CHD9
TOM1L1,TOM1L1
HNRNPA2B1,HNRNPA2B1
NLE1,NLE1
CAP2,CAP2
PHB,PHB
FOXL2NB,FOXL2NB
SCYL3,SCYL3
USP17L17,USP17L17
TSPAN33,TSPAN33
AQR,AQR
LIPG,LIPG
ZNF101,ZNF101
PPHLN1,PPHLN1
GPR52,GPR52
IRF4,IRF4
OR2K2,OR2K2
SASS6,SASS6
FSCB,FSCB
ANXA11,ANXA11
PRDX3,PRDX3
LILRA1,LILRA1
BANF1,BANF1
TMEM184C,TMEM184C
HIST1H2AJ,HIST1H2AJ
RASA4,RASA4
HGNC:32040,HGNC:32040
LCN2,LCN2
RIPK1,RIPK1
USP39,USP39
TMEM130,TMEM130
MTFR1,MTFR1
PCDHB4,PCDHB4
BOD1L2,BOD1L2
APOL5,APOL5
TNN,TNN
SLC4A3,SLC4A3
ZNF620,ZNF620
UBE2E1,UBE2E1
MTMR12,MTMR12
NONO,NONO
SLC10A6,SLC10A6
GALNT11,GALNT11
ELFN1,ELFN1
OR7A5,OR7A5
RARRES3,RARRES3
PFKM,PFKM
PYROXD2,PYROXD2
IGHV3-66,IGHV3-66
TUSC5,TUSC5
HGNC:16195,HGNC:16195
GAGE1,GAGE1
TBC1D22A,TBC1D22A
RALA,RALA
AIM2,AIM2
ATG7,ATG7
PCDHB2,PCDHB2
ASPN,ASPN
TSPAN4,TSPAN4
FAM136A,FAM136A
GNG3,GNG3
DACH1,DACH1
ENSG00000259132,ENSG00000259132
ZNF200,ZNF200
ZFAND1,ZFAND1
HMSD,HMSD
LUZP4,LUZP4
C3orf14,C3orf14
CPLX3,CPLX3
EFCAB13,EFCAB13
SMYD3,SMYD3
BICDL1,BICDL1
ADSL,ADSL
ZNF674,ZNF674
ZNF417,ZNF417
ENSG00000261427,ENSG00000261427
ZNHIT2,ZNHIT2
ZNF98,ZNF98
OR1N2,OR1N2
MED8,MED8
ZSCAN32,ZSCAN32
CX3CL1,CX3CL1
FGFR4,FGFR4
DHFR,DHFR
RIPK2,RIPK2
SLC24A2,SLC24A2
TRAV13-2,TRAV13-2
FIGN,FIGN
STRN4,STRN4
ZC3H7A,ZC3H7A
FCRL3,FCRL3
SLFN11,SLFN11
ESRRG,ESRRG
NRL,NRL
LAMB4,LAMB4
ACACA,ACACA
MRPS15,MRPS15
GCDH,GCDH
HORMAD1,HORMAD1
HAUS5,HAUS5
GSTT2B,GSTT2B
BPIFB1,BPIFB1
SLC16A2,SLC16A2
NCAN,NCAN
GPS1,GPS1
CATSPER1,CATSPER1
HIGD1A,HIGD1A
LYSMD2,LYSMD2
RABL2B,RABL2B
RIMBP3C,RIMBP3C
MAGED2,MAGED2
CENPO,CENPO
MFSD12,MFSD12
DIAPH2,DIAPH2
MRPL32,MRPL32
SPANXN1,SPANXN1
SCCPDH,SCCPDH
CFC1,CFC1
TTC39B,TTC39B
PDIA2,PDIA2
HOXA13,HOXA13
WDR78,WDR78
PRR34,PRR34
TGFBI,TGFBI
N4BP2,N4BP2
RAB36,RAB36
OR2B11,OR2B11
SLC30A1,SLC30A1
PRICKLE4,PRICKLE4
GALNT17,GALNT17
SOHLH1,SOHLH1
TRIP10,TRIP10
RXFP1,RXFP1
LGI1,LGI1
GGTLC3,GGTLC3
CNNM2,CNNM2
ALDH18A1,ALDH18A1
ENSG00000267477,ENSG00000267477
MYBPH,MYBPH
CBWD6,CBWD6
LDB1,LDB1
TMEM268,TMEM268
EDF1,EDF1
MRPS36,MRPS36
LHFPL5,LHFPL5
SLAIN1,SLAIN1
RET,RET
MUC17,MUC17
CBLN3,CBLN3
PPP2R5B,PPP2R5B
STK10,STK10
ARID1B,ARID1B
C6orf58,C6orf58
KCNRG,KCNRG
PXDC1,PXDC1
RUBCN,RUBCN
SBDS,SBDS
SIGMAR1,SIGMAR1
C19orf67,C19orf67
GUCA1C,GUCA1C
SIRT7,SIRT7
SEC31B,SEC31B
DYSF,DYSF
MPZ,MPZ
ALKBH8,ALKBH8
YARS2,YARS2
GSTA5,GSTA5
SYN3,SYN3
JAML,JAML
TPST1,TPST1
ABCG4,ABCG4
RTCB,RTCB
KIF24,KIF24
BOC,BOC
AUNIP,AUNIP
PTCHD4,PTCHD4
ERLIN2,ERLIN2
EIF2S3,EIF2S3
TMEM160,TMEM160
RIF1,RIF1
C1orf189,C1orf189
DR1,DR1
ADAM30,ADAM30
HNRNPA3,HNRNPA3
TNPO3,TNPO3
ZNF420,ZNF420
PHLDA1,PHLDA1
TIPRL,TIPRL
ENSG00000268870,ENSG00000268870
STAB2,STAB2
ENSG00000205236,ENSG00000205236
C17orf64,C17orf64
ENSG00000255439,ENSG00000255439
EVC2,EVC2
DGKD,DGKD
NEPRO,NEPRO
RAP1GDS1,RAP1GDS1
PYHIN1,PYHIN1
ENSG00000204422,ENSG00000204422
CPA4,CPA4
CEP170,CEP170
IDE,IDE
C10orf105,C10orf105
HMGXB4,HMGXB4
GBX1,GBX1
ATCAY,ATCAY
IQCK,IQCK
C1orf228,C1orf228
TRAT1,TRAT1
TRAPPC8,TRAPPC8
GNRHR,GNRHR
TGS1,TGS1
TMEM74B,TMEM74B
ENSG00000284041,ENSG00000284041
MAGEA6,MAGEA6
DPF1,DPF1
SERPINA1,SERPINA1
LYG2,LYG2
TIMM29,TIMM29
GTSF1L,GTSF1L
TMEM59L,TMEM59L
RAB39A,RAB39A
ENSG00000264813,ENSG00000264813
TNFSF14,TNFSF14
BLOC1S5,BLOC1S5
DOCK2,DOCK2
UGT2B17,UGT2B17
PPARGC1B,PPARGC1B
PCMTD1,PCMTD1
TMEM256-PLSCR3,TMEM256-PLSCR3
PSMD5,PSMD5
SLMAP,SLMAP
TCIM,TCIM
HNRNPM,HNRNPM
CD320,CD320
ACCS,ACCS
LCT,LCT
DOK6,DOK6
PAGR1,PAGR1
COL14A1,COL14A1
ARV1,ARV1
RARS,RARS
C19orf38,C19orf38
SLC35E2,SLC35E2
ZNF763,ZNF763
FAM209A,FAM209A
MTCL1,MTCL1
GRIA3,GRIA3
C1orf94,C1orf94
TMEM252,TMEM252
HIST1H2AD,HIST1H2AD
SCAF11,SCAF11
MYH9,MYH9
SVIP,SVIP
SOX1,SOX1
SNX15,SNX15
CDK4,CDK4
C11orf68,C11orf68
MEGF9,MEGF9
TMOD2,TMOD2
NCR2,NCR2
CACNG1,CACNG1
ALAD,ALAD
RPL27,RPL27
ENSG00000269403,ENSG00000269403
SPRYD7,SPRYD7
AHSA1,AHSA1
SCD5,SCD5
GNL3L,GNL3L
ADO,ADO
ZSCAN21,ZSCAN21
OR5AP2,OR5AP2
DDC,DDC
CMTM4,CMTM4
SLC11A2,SLC11A2
BAIAP2L1,BAIAP2L1
PPP1CB,PPP1CB
IARS,IARS
PHLDB2,PHLDB2
SNAP23,SNAP23
AAMP,AAMP
TNFRSF12A,TNFRSF12A
KRTAP2-1,KRTAP2-1
MAP4K1,MAP4K1
CYP2C19,CYP2C19
SCP2D1,SCP2D1
PPIH,PPIH
ALMS1,ALMS1
FER1L6,FER1L6
ZNF484,ZNF484
KCNAB3,KCNAB3
IGLV1-36,IGLV1-36
ASPRV1,ASPRV1
ENSG00000258674,ENSG00000258674
ENSG00000125695,ENSG00000125695
FASN,FASN
ZSCAN22,ZSCAN22
RCOR2,RCOR2
PMF1-BGLAP,PMF1-BGLAP
ANKRD13B,ANKRD13B
CAMTA1,CAMTA1
TJP1,TJP1
PHC2,PHC2
ELF5,ELF5
PPP1R3D,PPP1R3D
FABP7,FABP7
GRK5,GRK5
TRAF6,TRAF6
ZNF550,ZNF550
EPHX1,EPHX1
MAP3K7CL,MAP3K7CL
ACSL3,ACSL3
INO80B,INO80B
NRIP1,NRIP1
PRR15L,PRR15L
A4GALT,A4GALT
NCSTN,NCSTN
KIAA1522,KIAA1522
TMCO5A,TMCO5A
CFP,CFP
NAP1L2,NAP1L2
SCLY,SCLY
SNRPD1,SNRPD1
CHAF1A,CHAF1A
TERB2,TERB2
DPP7,DPP7
ID1,ID1
CST3,CST3
SMC3,SMC3
MFSD5,MFSD5
LEPR,LEPR
ADARB1,ADARB1
GPR84,GPR84
NUTM2B,NUTM2B
PMM2,PMM2
MINPP1,MINPP1
ART1,ART1
MCL1,MCL1
HTR5A,HTR5A
PRG3,PRG3
HOXC12,HOXC12
CALML5,CALML5
PRKCE,PRKCE
REEP2,REEP2
ASB4,ASB4
HDHD2,HDHD2
CLEC6A,CLEC6A
XRN2,XRN2
SP1,SP1
LRRC7,LRRC7
PSIP1,PSIP1
GAREM2,GAREM2
ZNF10,ZNF10
RAD51D,RAD51D
BLOC1S6,BLOC1S6
ZNF746,ZNF746
FAN1,FAN1
NPR2,NPR2
MCM6,MCM6
STXBP5L,STXBP5L
SMAD3,SMAD3
MAPK1IP1L,MAPK1IP1L
PTMS,PTMS
PHLDB1,PHLDB1
ENSG00000263620,ENSG00000263620
P2RY8,P2RY8
GARNL3,GARNL3
RANBP2,RANBP2
AIMP2,AIMP2
CHADL,CHADL
TSSK2,TSSK2
STMN2,STMN2
ANKRD16,ANKRD16
OR2L3,OR2L3
MS4A12,MS4A12
SIGLEC11,SIGLEC11
TRPS1,TRPS1
FCRLB,FCRLB
RPS18,RPS18
LRRC37A,LRRC37A
TMEM184B,TMEM184B
CIDEB,CIDEB
RPS3,RPS3
KRT17,KRT17
IFITM2,IFITM2
ROR2,ROR2
HASPIN,HASPIN
CLPS,CLPS
HOXB13,HOXB13
C9orf24,C9orf24
CTSC,CTSC
CHRNA4,CHRNA4
TMEM54,TMEM54
ENSG00000255767,ENSG00000255767
ZDHHC14,ZDHHC14
FAM171A2,FAM171A2
APOE,APOE
TRGJ1,TRGJ1
IL22RA1,IL22RA1
ABCF2,ABCF2
DDX27,DDX27
CST1,CST1
PYURF,PYURF
OVGP1,OVGP1
JRKL,JRKL
HCFC2,HCFC2
ATP5S,ATP5S
MPIG6B,MPIG6B
MED28,MED28
ZNF670-ZNF695,ZNF670-ZNF695
PFKFB2,PFKFB2
RAB7A,RAB7A
DDHD2,DDHD2
PTF1A,PTF1A
IFITM3,IFITM3
CCL22,CCL22
SDHC,SDHC
GFRAL,GFRAL
SLC52A2,SLC52A2
HOXA6,HOXA6
NUP133,NUP133
TBC1D23,TBC1D23
ENSG00000124593,ENSG00000124593
DOCK6,DOCK6
SLC2A12,SLC2A12
PRSS8,PRSS8
GSR,GSR
ST20,ST20
HELT,HELT
CBR1,CBR1
GPSM3,GPSM3
RDH11,RDH11
CEP78,CEP78
L3MBTL2,L3MBTL2
WNT1,WNT1
TUSC3,TUSC3
LYPLA2,LYPLA2
SRP54,SRP54
TMF1,TMF1
SEMA6B,SEMA6B
TDRD15,TDRD15
STN1,STN1
MAB21L1,MAB21L1
CNEP1R1,CNEP1R1
MLLT10,MLLT10
OR10H1,OR10H1
PAGE5,PAGE5
MYL12A,MYL12A
HARS2,HARS2
GTF2E1,GTF2E1
PTPRU,PTPRU
SPSB4,SPSB4
HGNC:26549,HGNC:26549
CHST8,CHST8
LRTM1,LRTM1
RXRG,RXRG
ZNF410,ZNF410
PHYKPL,PHYKPL
ZNF480,ZNF480
EP300,EP300
TTLL3,TTLL3
ARMC10,ARMC10
ZNF224,ZNF224
APOH,APOH
EIF3I,EIF3I
ZNF775,ZNF775
RAB12,RAB12
MINDY3,MINDY3
SERPINA3,SERPINA3
SLC25A40,SLC25A40
GLUD2,GLUD2
IL1RAP,IL1RAP
NOL3,NOL3
HACD1,HACD1
BLZF1,BLZF1
YPEL4,YPEL4
PCDH17,PCDH17
LSS,LSS
RPL32,RPL32
HSP90AB1,HSP90AB1
AIF1,AIF1
ENSG00000273167,ENSG00000273167
KIAA0513,KIAA0513
ITGA10,ITGA10
OR51F1,OR51F1
MASTL,MASTL
IRF9,IRF9
MAP3K2,MAP3K2
CMTR2,CMTR2
CARMIL3,CARMIL3
DEFA3,DEFA3
IGKJ1,IGKJ1
XPOT,XPOT
GOLGA6C,GOLGA6C
EPHB2,EPHB2
HACD2,HACD2
KCTD7,KCTD7
CCDC112,CCDC112
FAM124A,FAM124A
UTS2B,UTS2B
PSMA6,PSMA6
ABI3BP,ABI3BP
CMTM2,CMTM2
HSPB6,HSPB6
MEX3A,MEX3A
GNAI3,GNAI3
NSDHL,NSDHL
DNAH7,DNAH7
TAF5L,TAF5L
FBXO16,FBXO16
NLRP9,NLRP9
ITGA11,ITGA11
SARS2,SARS2
ZBTB33,ZBTB33
OR2AE1,OR2AE1
OXSM,OXSM
TM4SF20,TM4SF20
OTOF,OTOF
B4GAT1,B4GAT1
RNF125,RNF125
TBP,TBP
AKTIP,AKTIP
CELA1,CELA1
IGKV2D-29,IGKV2D-29
MTERF3,MTERF3
KANK1,KANK1
TRPC4,TRPC4
SNURF,SNURF
FBXW12,FBXW12
HGNC:5559,HGNC:5559
MAGEA10,MAGEA10
CARMIL1,CARMIL1
CRB3,CRB3
PPM1M,PPM1M
RAG1,RAG1
OR14A16,OR14A16
KRT6A,KRT6A
RAP2A,RAP2A
NR2F1,NR2F1
PLSCR5,PLSCR5
CNTRL,CNTRL
AKAP13,AKAP13
NARFL,NARFL
MAP2K6,MAP2K6
PPIAL4D,PPIAL4D
TTC26,TTC26
RGMA,RGMA
FOXJ1,FOXJ1
CPOX,CPOX
URM1,URM1
GRM7,GRM7
TSC22D2,TSC22D2
MMS19,MMS19
GUCY2C,GUCY2C
RYR3,RYR3
FSCN3,FSCN3
EMC4,EMC4
EIF4EBP3,EIF4EBP3
DPM2,DPM2
SULT1A1,SULT1A1
AMER1,AMER1
CD180,CD180
KCTD18,KCTD18
ATG5,ATG5
KIAA1586,KIAA1586
PRAMEF15,PRAMEF15
INTS11,INTS11
CLEC3A,CLEC3A
CYP3A4,CYP3A4
WBP11,WBP11
S100A14,S100A14
DEF6,DEF6
ENSG00000268400,ENSG00000268400
RRNAD1,RRNAD1
DDIT3,DDIT3
ETS2,ETS2
IGLV2-23,IGLV2-23
POC1A,POC1A
UTS2R,UTS2R
C6orf141,C6orf141
MRPS28,MRPS28
NELFB,NELFB
C9orf43,C9orf43
CD3G,CD3G
MCPH1,MCPH1
EML3,EML3
KRTAP13-3,KRTAP13-3
STAC2,STAC2
TOP1,TOP1
FBXO30,FBXO30
HABP2,HABP2
FOXRED1,FOXRED1
ZNF117,ZNF117
SLC28A2,SLC28A2
UNC119B,UNC119B
BMI1,BMI1
SMYD1,SMYD1
SLC6A3,SLC6A3
NDUFA8,NDUFA8
OCLM,OCLM
FAM69B,FAM69B
ALG12,ALG12
FAM118A,FAM118A
TOM1L2,TOM1L2
MOGAT3,MOGAT3
MUC12,MUC12
ST3GAL4,ST3GAL4
SHANK1,SHANK1
DTWD1,DTWD1
CLN6,CLN6
ARID3A,ARID3A
IL1RAPL1,IL1RAPL1
TLR6,TLR6
OR5AC2,OR5AC2
PFN2,PFN2
ENSG00000250349,ENSG00000250349
BCAS3,BCAS3
HGNC:42963,HGNC:42963
SWI5,SWI5
LRRIQ1,LRRIQ1
ENSG00000256861,ENSG00000256861
UBA1,UBA1
POU2F1,POU2F1
LARGE1,LARGE1
GPRIN1,GPRIN1
SLC40A1,SLC40A1
PSTK,PSTK
PDLIM7,PDLIM7
ANP32D,ANP32D
IL17REL,IL17REL
TRIM58,TRIM58
UNC5B,UNC5B
PHKB,PHKB
PP632,PP632
SLC25A52,SLC25A52
IGLV2-14,IGLV2-14
ZBED6,ZBED6
SLC34A1,SLC34A1
PDXK,PDXK
PTTG1IP,PTTG1IP
OAZ2,OAZ2
CDH3,CDH3
TBC1D25,TBC1D25
H2BFM,H2BFM
TUBB2A,TUBB2A
MTHFSD,MTHFSD
CARS2,CARS2
CA4,CA4
RSPO2,RSPO2
NT5M,NT5M
IFIH1,IFIH1
LEPROTL1,LEPROTL1
PUDP,PUDP
PLAC1,PLAC1
NFKB2,NFKB2
RNF135,RNF135
PPFIBP2,PPFIBP2
SEMA3G,SEMA3G
COL6A5,COL6A5
OR8J1,OR8J1
SRSF6,SRSF6
ELF4,ELF4
TLR8,TLR8
FAM234B,FAM234B
AVIL,AVIL
FADS2,FADS2
EIF4B,EIF4B
ABHD6,ABHD6
RALB,RALB
ARID5B,ARID5B
OR51I1,OR51I1
PTER,PTER
COMTD1,COMTD1
MR1,MR1
CCL20,CCL20
MRPL9,MRPL9
KCNJ10,KCNJ10
OR5AN1,OR5AN1
NTN3,NTN3
FOLR2,FOLR2
ZDHHC8,ZDHHC8
GPR174,GPR174
TPH1,TPH1
THEM5,THEM5
NAALADL1,NAALADL1
CDC25B,CDC25B
C16orf74,C16orf74
CLCN1,CLCN1
EN2,EN2
TBCA,TBCA
PLCXD3,PLCXD3
USP45,USP45
POLR3A,POLR3A
HSPA13,HSPA13
DRC3,DRC3
RCHY1,RCHY1
ULBP3,ULBP3
MTURN,MTURN
XDH,XDH
RPL22L1,RPL22L1
STAT3,STAT3
LMTK3,LMTK3
WFS1,WFS1
ADGRG2,ADGRG2
DCC,DCC
OR2AK2,OR2AK2
SPATA31D1,SPATA31D1
HGNC:25077,HGNC:25077
STK38,STK38
CPED1,CPED1
OR5AK2,OR5AK2
KEL,KEL
NMRK2,NMRK2
KLK4,KLK4
ZNF217,ZNF217
C20orf96,C20orf96
PHF21B,PHF21B
IDH3A,IDH3A
LRRC14B,LRRC14B
CTAGE5,CTAGE5
HECTD3,HECTD3
ZNF254,ZNF254
WRB,WRB
FUT10,FUT10
USP17L11,USP17L11
GPR183,GPR183
FRAT2,FRAT2
KDELR2,KDELR2
UNC5C,UNC5C
AGPS,AGPS
SULT1B1,SULT1B1
DCTN1,DCTN1
AGER,AGER
LCE3B,LCE3B
TCP10L2,TCP10L2
OR2T5,OR2T5
CLN8,CLN8
BSPRY,BSPRY
NR1H4,NR1H4
UTP4,UTP4
NPIPB11,NPIPB11
HSF5,HSF5
COL8A2,COL8A2
MYSM1,MYSM1
SMURF1,SMURF1
TLR7,TLR7
TYMS,TYMS
AKR1E2,AKR1E2
CHRNA2,CHRNA2
RASD2,RASD2
MAG,MAG
HOXA3,HOXA3
FADS3,FADS3
ENSG00000264324,ENSG00000264324
PIK3CB,PIK3CB
FERD3L,FERD3L
C6orf62,C6orf62
INPP5A,INPP5A
IFNA4,IFNA4
WNT3A,WNT3A
ELP2,ELP2
B3GALT2,B3GALT2
FAM171B,FAM171B
LYPD5,LYPD5
ZNF729,ZNF729
NSFL1C,NSFL1C
ZNF560,ZNF560
TEX13B,TEX13B
POLE,POLE
ZNF740,ZNF740
TMEM253,TMEM253
CXorf66,CXorf66
TCF24,TCF24
CDKL5,CDKL5
ANAPC2,ANAPC2
GYG1,GYG1
TENM3,TENM3
GRAP2,GRAP2
ZNF461,ZNF461
AGTR2,AGTR2
FIBIN,FIBIN
SLC12A4,SLC12A4
ATG3,ATG3
PCDHGA8,PCDHGA8
ASAP2,ASAP2
HNRNPA1,HNRNPA1
HGNC:17099,HGNC:17099
CHDH,CHDH
IFI16,IFI16
ALDH1A3,ALDH1A3
RBBP9,RBBP9
CLEC19A,CLEC19A
FMO5,FMO5
CINP,CINP
CASC1,CASC1
CCR6,CCR6
DUOXA2,DUOXA2
TMPRSS7,TMPRSS7
ENSG00000187186,ENSG00000187186
GSDMA,GSDMA
TUBB6,TUBB6
IGFBP4,IGFBP4
ENSG00000283663,ENSG00000283663
A3GALT2,A3GALT2
WEE2,WEE2
ADAD1,ADAD1
SP100,SP100
SALL1,SALL1
FAM133B,FAM133B
PNPLA5,PNPLA5
BMX,BMX
XCR1,XCR1
CCDC154,CCDC154
TRIM16,TRIM16
OR14J1,OR14J1
CCDC69,CCDC69
QPCTL,QPCTL
RNASEH2C,RNASEH2C
UMPS,UMPS
LCA5,LCA5
GMPPB,GMPPB
SORCS3,SORCS3
ZNF280D,ZNF280D
PODXL,PODXL
PLD3,PLD3
IGKV2-24,IGKV2-24
TRAJ4,TRAJ4
DGAT2L6,DGAT2L6
MRPL3,MRPL3
HEATR3,HEATR3
ULBP2,ULBP2
GUCA2A,GUCA2A
VARS,VARS
SMIM19,SMIM19
FRMD4A,FRMD4A
ZPLD1,ZPLD1
PSMD2,PSMD2
H1FOO,H1FOO
DOCK11,DOCK11
PXDN,PXDN
ENDOD1,ENDOD1
ZNF326,ZNF326
ALG13,ALG13
CRISPLD1,CRISPLD1
SDHAF1,SDHAF1
ARFRP1,ARFRP1
GCSAM,GCSAM
RPAP1,RPAP1
TOP1MT,TOP1MT
NKAIN4,NKAIN4
SRSF10,SRSF10
LINGO3,LINGO3
C2orf15,C2orf15
CLCN6,CLCN6
SUGP1,SUGP1
ESAM,ESAM
TOR2A,TOR2A
UTP3,UTP3
CDH18,CDH18
FAM46A,FAM46A
DACT1,DACT1
OR10H5,OR10H5
RBM42,RBM42
SHROOM2,SHROOM2
EPHA8,EPHA8
INPP1,INPP1
ANKRD9,ANKRD9
RBM34,RBM34
GDF9,GDF9
FRRS1L,FRRS1L
RND2,RND2
FAM95C,FAM95C
TCAIM,TCAIM
MFSD8,MFSD8
MCMDC2,MCMDC2
MDK,MDK
TMEM8B,TMEM8B
MYBPC1,MYBPC1
RBMX,RBMX
CLDN3,CLDN3
TRMT13,TRMT13
PER1,PER1
LRRC34,LRRC34
PBOV1,PBOV1
XPC,XPC
FBXW7,FBXW7
GABRB1,GABRB1
ERMP1,ERMP1
TIMELESS,TIMELESS
PAGE2,PAGE2
TNFRSF11B,TNFRSF11B
SREBF1,SREBF1
RNF43,RNF43
DCUN1D3,DCUN1D3
STK17B,STK17B
IFITM1,IFITM1
REN,REN
HPS3,HPS3
PDE1C,PDE1C
PTP4A3,PTP4A3
SLAMF1,SLAMF1
DUSP4,DUSP4
DLG2,DLG2
DHX33,DHX33
IGLV1-50,IGLV1-50
EBF1,EBF1
NRK,NRK
LARP7,LARP7
IMMP2L,IMMP2L
ZDHHC15,ZDHHC15
ZMAT3,ZMAT3
SRSF3,SRSF3
GPR87,GPR87
CTH,CTH
JMY,JMY
MYBPC3,MYBPC3
PRPF31,PRPF31
RAB40A,RAB40A
GFRA4,GFRA4
CORT,CORT
CCDC78,CCDC78
FBXL2,FBXL2
ZNF579,ZNF579
SAMD8,SAMD8
CEP104,CEP104
LRP10,LRP10
PCDHGA6,PCDHGA6
ACTA2,ACTA2
TMIGD3,TMIGD3
POU2AF1,POU2AF1
CTNND1,CTNND1
ILK,ILK
TMEM41B,TMEM41B
TNRC6A,TNRC6A
ZNF268,ZNF268
VDR,VDR
TPPP2,TPPP2
OR13G1,OR13G1
ZNF43,ZNF43
NEB,NEB
DNAAF4,DNAAF4
CLIP1,CLIP1
APEX1,APEX1
SLA,SLA
GTF3C6,GTF3C6
LGALS2,LGALS2
ZNF75D,ZNF75D
MACROD1,MACROD1
NRDE2,NRDE2
ZNF32,ZNF32
CCNB2,CCNB2
RHBDL3,RHBDL3
WDR63,WDR63
FBXL17,FBXL17
AGTRAP,AGTRAP
TMEM240,TMEM240
THAP7,THAP7
TFRC,TFRC
EIF4G3,EIF4G3
ENSG00000273291,ENSG00000273291
MPL,MPL
BTK,BTK
TBC1D29,TBC1D29
MAP1B,MAP1B
DVL1,DVL1
PFDN1,PFDN1
SDR42E1,SDR42E1
MUSK,MUSK
BEAN1,BEAN1
ATP8B4,ATP8B4
PPARG,PPARG
NFATC4,NFATC4
ANHX,ANHX
DHX57,DHX57
STT3A,STT3A
CACNA1S,CACNA1S
EDN1,EDN1
FBXL7,FBXL7
MRPS24,MRPS24
STXBP5,STXBP5
APPBP2,APPBP2
AOX1,AOX1
TOX4,TOX4
GDPGP1,GDPGP1
HSD17B11,HSD17B11
ITPR2,ITPR2
MPPED1,MPPED1
PHGDH,PHGDH
IGKV1OR2-108,IGKV1OR2-108
NUP62,NUP62
IGF1R,IGF1R
SMARCC2,SMARCC2
HDC,HDC
PUM3,PUM3
NID2,NID2
NMB,NMB
MCOLN1,MCOLN1
CFAP44,CFAP44
NIPSNAP2,NIPSNAP2
MIS12,MIS12
TRPC1,TRPC1
TRIM45,TRIM45
S100A1,S100A1
ERAL1,ERAL1
C6,C6
TCEAL9,TCEAL9
FBXL4,FBXL4
INTS9,INTS9
PAK6,PAK6
STAG1,STAG1
CALHM4,CALHM4
ARIH1,ARIH1
MOCS2,MOCS2
EPB41L4A,EPB41L4A
IGHV1-18,IGHV1-18
STIL,STIL
SECTM1,SECTM1
GLYATL1,GLYATL1
VPREB3,VPREB3
VIPAS39,VIPAS39
STOX1,STOX1
OR1D2,OR1D2
KRTAP21-2,KRTAP21-2
LILRA4,LILRA4
PLK4,PLK4
SNAPC4,SNAPC4
CASP6,CASP6
NRIP2,NRIP2
ANO4,ANO4
HRC,HRC
OR6Y1,OR6Y1
TMX2,TMX2
FKBP2,FKBP2
SS18L2,SS18L2
RFX6,RFX6
GJB7,GJB7
SLC22A13,SLC22A13
KAT8,KAT8
GRID1,GRID1
DIAPH1,DIAPH1
CHAMP1,CHAMP1
SLC6A5,SLC6A5
RAB3A,RAB3A
TMEM68,TMEM68
DCAF8L2,DCAF8L2
IRAK1,IRAK1
PIK3AP1,PIK3AP1
STK19,STK19
TEKT3,TEKT3
TSEN34,TSEN34
CYBRD1,CYBRD1
GNAO1,GNAO1
DNM1L,DNM1L
STMND1,STMND1
KCNN1,KCNN1
TIAF1,TIAF1
C18orf21,C18orf21
FKBP1C,FKBP1C
GPX1,GPX1
ZAR1,ZAR1
ABHD10,ABHD10
PRR18,PRR18
GOLGA8B,GOLGA8B
NKX2-4,NKX2-4
VCPIP1,VCPIP1
GHSR,GHSR
MINDY1,MINDY1
LHFPL6,LHFPL6
GUCY1A3,GUCY1A3
SLC35G6,SLC35G6
PDE6H,PDE6H
ENSG00000269035,ENSG00000269035
OR1A2,OR1A2
SV2C,SV2C
ATP4A,ATP4A
SAMHD1,SAMHD1
ETV2,ETV2
DLG3,DLG3
CHRNB1,CHRNB1
MARCO,MARCO
GALNT2,GALNT2
NEUROG2,NEUROG2
GNRH1,GNRH1
UCHL5,UCHL5
KCNIP3,KCNIP3
ZNF605,ZNF605
KDM4E,KDM4E
SLC1A3,SLC1A3
P2RY14,P2RY14
SMCO4,SMCO4
BRD2,BRD2
ZNF423,ZNF423
CER1,CER1
EBF3,EBF3
ABHD4,ABHD4
RNASE3,RNASE3
RAB10,RAB10
GIGYF1,GIGYF1
ARC,ARC
POTEG,POTEG
FBN3,FBN3
PPP2R1B,PPP2R1B
PIDD1,PIDD1
STOML3,STOML3
NMNAT1,NMNAT1
LCN6,LCN6
CPSF3,CPSF3
ZNF704,ZNF704
ADSSL1,ADSSL1
DMRTA1,DMRTA1
KIFAP3,KIFAP3
FOS,FOS
POTEE,POTEE
TBCCD1,TBCCD1
TROAP,TROAP
TRAJ40,TRAJ40
CREM,CREM
LRRK2,LRRK2
SLC17A3,SLC17A3
KIAA1024,KIAA1024
FOXN3,FOXN3
ZNF276,ZNF276
CXCL6,CXCL6
CSF2,CSF2
ADAMTS19,ADAMTS19
DGKZ,DGKZ
TOMM20,TOMM20
PKD1L1,PKD1L1
SCAND1,SCAND1
EVX1,EVX1
ZDHHC24,ZDHHC24
DAB2IP,DAB2IP
KRTAP27-1,KRTAP27-1
TRDJ2,TRDJ2
HMGCS2,HMGCS2
USP14,USP14
CD70,CD70
SLC5A7,SLC5A7
ATF2,ATF2
C11orf87,C11orf87
VEGFB,VEGFB
SLC2A14,SLC2A14
KLF9,KLF9
HYPK,HYPK
HES6,HES6
C4BPA,C4BPA
GPR160,GPR160
AREL1,AREL1
DENND6A,DENND6A
TRAV41,TRAV41
KRTAP13-4,KRTAP13-4
CRTC2,CRTC2
SLC5A12,SLC5A12
FAM216A,FAM216A
CSHL1,CSHL1
PRR32,PRR32
MANBAL,MANBAL
AKT1S1,AKT1S1
TRGV3,TRGV3
C1orf194,C1orf194
MCF2L2,MCF2L2
BCAS4,BCAS4
PDCD2,PDCD2
MKL2,MKL2
NDUFA5,NDUFA5
ASAP1,ASAP1
CHRNA7,CHRNA7
KIR3DL3,KIR3DL3
OR2T3,OR2T3
CTPS2,CTPS2
ARMCX2,ARMCX2
NHLRC2,NHLRC2
SDC1,SDC1
ANGPTL7,ANGPTL7
TMEM178A,TMEM178A
KRT20,KRT20
GIMAP7,GIMAP7
FGFRL1,FGFRL1
GTPBP2,GTPBP2
SCARF1,SCARF1
MMP15,MMP15
GABRE,GABRE
ENSG00000249240,ENSG00000249240
MAST1,MAST1
JAZF1,JAZF1
MED7,MED7
COPS6,COPS6
KDM5C,KDM5C
KRTAP4-8,KRTAP4-8
BRS3,BRS3
ENSG00000265118,ENSG00000265118
POLA1,POLA1
PACRGL,PACRGL
LRRC71,LRRC71
SYBU,SYBU
PRNT,PRNT
IGKV6D-21,IGKV6D-21
UBAP2,UBAP2
TMCO2,TMCO2
MCUB,MCUB
AIMP1,AIMP1
SLC48A1,SLC48A1
RGPD5,RGPD5
UBE2M,UBE2M
TMEM150B,TMEM150B
CHRM2,CHRM2
NFYC,NFYC
KAT14,KAT14
STK36,STK36
DEGS1,DEGS1
SULT1C4,SULT1C4
ENSG00000284505,ENSG00000284505
MAN1A2,MAN1A2
ZNF207,ZNF207
SRP9,SRP9
CHEK1,CHEK1
RABEP2,RABEP2
CFLAR,CFLAR
IGLV2-11,IGLV2-11
EEF1A2,EEF1A2
ABCA4,ABCA4
KLHL10,KLHL10
PCNA,PCNA
MPLKIP,MPLKIP
MCOLN3,MCOLN3
OC90,OC90
HGNC:16210,HGNC:16210
CST2,CST2
KCNJ13,KCNJ13
OR2T2,OR2T2
CELSR3,CELSR3
STX6,STX6
RNF168,RNF168
USP6,USP6
PTPN1,PTPN1
C21orf33,C21orf33
SLC16A8,SLC16A8
CD8A,CD8A
SCGB1D2,SCGB1D2
DENND4A,DENND4A
PI3,PI3
NCMAP,NCMAP
ARHGEF9,ARHGEF9
DEFA1,DEFA1
TRAV38-1,TRAV38-1
GTF2A1L,GTF2A1L
C5orf42,C5orf42
RNF133,RNF133
HEPACAM2,HEPACAM2
FAS,FAS
PSMA4,PSMA4
NCAM2,NCAM2
KRTAP5-9,KRTAP5-9
MRAS,MRAS
RINT1,RINT1
TMEM132B,TMEM132B
BTBD11,BTBD11
CYP27B1,CYP27B1
SLC5A6,SLC5A6
WDR6,WDR6
CD74,CD74
ZNF48,ZNF48
SCRN2,SCRN2
TRAV19,TRAV19
C9orf92,C9orf92
DSCR8,DSCR8
ZBTB42,ZBTB42
OR6C75,OR6C75
HGNC:23175,HGNC:23175
C8orf37,C8orf37
FREM3,FREM3
IQCF5,IQCF5
MAP3K8,MAP3K8
CCDC182,CCDC182
IER3,IER3
ANGPT2,ANGPT2
CD109,CD109
CDCA4,CDCA4
GOLGA8J,GOLGA8J
GNPNAT1,GNPNAT1
ZNRF4,ZNRF4
TMEM72,TMEM72
CD1B,CD1B
CKAP4,CKAP4
KLHL12,KLHL12
ZNF528,ZNF528
SOX17,SOX17
EXD2,EXD2
REPIN1,REPIN1
TM9SF4,TM9SF4
SNCB,SNCB
HERPUD2,HERPUD2
CHD3,CHD3
FAM173B,FAM173B
RAB37,RAB37
HOXA7,HOXA7
MNT,MNT
ZHX3,ZHX3
TAB2,TAB2
CEBPB,CEBPB
TOP3B,TOP3B
NUDT10,NUDT10
COX8C,COX8C
USP17L22,USP17L22
GNB5,GNB5
GUCY2D,GUCY2D
PROK1,PROK1
ARHGAP29,ARHGAP29
MAMDC4,MAMDC4
PLA2G4F,PLA2G4F
TMEM213,TMEM213
SLC5A8,SLC5A8
ZFP3,ZFP3
ZNF507,ZNF507
GNG8,GNG8
FNDC8,FNDC8
P2RY11,P2RY11
ACOX1,ACOX1
ZBED6CL,ZBED6CL
ATG4A,ATG4A
TRIM59,TRIM59
SLC16A9,SLC16A9
EMSY,EMSY
RTL8C,RTL8C
ZNF678,ZNF678
UNC5A,UNC5A
MAP7,MAP7
CCDC3,CCDC3
IL2RA,IL2RA
OR6J1,OR6J1
ZNF106,ZNF106
DUSP16,DUSP16
KNCN,KNCN
FRMD1,FRMD1
GNG13,GNG13
PLCH1,PLCH1
ASPHD2,ASPHD2
OPN1SW,OPN1SW
EXOC6,EXOC6
TAS2R50,TAS2R50
KLHL28,KLHL28
SLC29A4,SLC29A4
GINS3,GINS3
SLA2,SLA2
NCDN,NCDN
BTBD3,BTBD3
NCEH1,NCEH1
RPS26,RPS26
CLEC4F,CLEC4F
ENSG00000258881,ENSG00000258881
ENSG00000270149,ENSG00000270149
SIX4,SIX4
GALNT15,GALNT15
ADAMTS4,ADAMTS4
LPAR6,LPAR6
UQCC3,UQCC3
PHACTR3,PHACTR3
CUL7,CUL7
CYP2J2,CYP2J2
APOB,APOB
DGKG,DGKG
KIAA1644,KIAA1644
ABCC10,ABCC10
HSF1,HSF1
CCDC144A,CCDC144A
FAM210A,FAM210A
VTA1,VTA1
FRMD8,FRMD8
KRBOX1,KRBOX1
CNNM4,CNNM4
GNAI1,GNAI1
TSPY2,TSPY2
TCF15,TCF15
IGIP,IGIP
GPR83,GPR83
FOXO1,FOXO1
NAP1L3,NAP1L3
TMEM60,TMEM60
PRDX1,PRDX1
DMAP1,DMAP1
NPVF,NPVF
GLTP,GLTP
DSC3,DSC3
EDAR,EDAR
ESRRA,ESRRA
PRCC,PRCC
ATF1,ATF1
RFXAP,RFXAP
KCTD3,KCTD3
CTSV,CTSV
TGFB1I1,TGFB1I1
UBE2Z,UBE2Z
BRCC3,BRCC3
TLR1,TLR1
PGAP3,PGAP3
BCL7B,BCL7B
CFAP77,CFAP77
POTEM,POTEM
TPBG,TPBG
VPS33B,VPS33B
CEACAM21,CEACAM21
PLPPR3,PLPPR3
OXT,OXT
KCNK10,KCNK10
TSSK4,TSSK4
HPGD,HPGD
CXorf1,CXorf1
CASP7,CASP7
C11orf54,C11orf54
METTL8,METTL8
LYST,LYST
RGL2,RGL2
HNRNPA1L2,HNRNPA1L2
KRTAP17-1,KRTAP17-1
MARCH4,MARCH4
AMIGO3,AMIGO3
SPCS1,SPCS1
RAB11FIP1,RAB11FIP1
MIER2,MIER2
OSBP2,OSBP2
RNF103,RNF103
TFPI2,TFPI2
NRG1,NRG1
CHCHD5,CHCHD5
ZNF143,ZNF143
AMIGO1,AMIGO1
FSBP,FSBP
RBM43,RBM43
DRG2,DRG2
RHBDD2,RHBDD2
BRD7,BRD7
ZNF431,ZNF431
DHRS12,DHRS12
MPI,MPI
CXCL11,CXCL11
TPRG1L,TPRG1L
GTF2IRD2B,GTF2IRD2B
RPS13,RPS13
C17orf58,C17orf58
HIST2H2AA4,HIST2H2AA4
TPR,TPR
EVI5L,EVI5L
TBC1D10A,TBC1D10A
THOC5,THOC5
RORC,RORC
EVPLL,EVPLL
HEATR1,HEATR1
FAM47C,FAM47C
CD52,CD52
TJAP1,TJAP1
XRN1,XRN1
TSEN2,TSEN2
EIF3M,EIF3M
TXNDC17,TXNDC17
RPS17,RPS17
CCDC93,CCDC93
PARP6,PARP6
TREX1,TREX1
CFAP53,CFAP53
LIN7C,LIN7C
LGR5,LGR5
PBXIP1,PBXIP1
MYLIP,MYLIP
SCAMP5,SCAMP5
ANKRD61,ANKRD61
KRTAP9-4,KRTAP9-4
SYNGR1,SYNGR1
IFI6,IFI6
DOK2,DOK2
KRT8,KRT8
FKBP1B,FKBP1B
SMARCAD1,SMARCAD1
HTATIP2,HTATIP2
PLEKHD1,PLEKHD1
GOLGA8S,GOLGA8S
C19orf57,C19orf57
PYGB,PYGB
WDR48,WDR48
RPL12,RPL12
NUDT16L1,NUDT16L1
ADCK5,ADCK5
FAM208B,FAM208B
SDCBP,SDCBP
MS4A6E,MS4A6E
OR4S2,OR4S2
PGA5,PGA5
U2SURP,U2SURP
SCUBE3,SCUBE3
DIMT1,DIMT1
ZNF853,ZNF853
SLC46A2,SLC46A2
NUCB2,NUCB2
TOM1,TOM1
HPN,HPN
YEATS2,YEATS2
MARK1,MARK1
BCAR3,BCAR3
OR6N2,OR6N2
ELMO1,ELMO1
PRR29,PRR29
MREG,MREG
PRRG3,PRRG3
ANKRD13C,ANKRD13C
MARCKS,MARCKS
TP53I3,TP53I3
NIPBL,NIPBL
AGPAT2,AGPAT2
EXOC8,EXOC8
ZNF611,ZNF611
ORM2,ORM2
PBDC1,PBDC1
SLC26A6,SLC26A6
NEK5,NEK5
SRPRB,SRPRB
ENSG00000251357,ENSG00000251357
LANCL3,LANCL3
IL31,IL31
RTP1,RTP1
MARCH3,MARCH3
DIS3L2,DIS3L2
GUCY1B3,GUCY1B3
ATF6B,ATF6B
LRRC73,LRRC73
FKBP15,FKBP15
PROM2,PROM2
RPL8,RPL8
OMG,OMG
DPRX,DPRX
CRYZ,CRYZ
SNRPC,SNRPC
FAM124B,FAM124B
FUBP1,FUBP1
COBLL1,COBLL1
NDUFA4,NDUFA4
LRRC29,LRRC29
GOLGA3,GOLGA3
AHRR,AHRR
FAM111B,FAM111B
RELT,RELT
CELSR1,CELSR1
TNNI1,TNNI1
ZNF74,ZNF74
DYNC1LI1,DYNC1LI1
RRN3,RRN3
LPAR1,LPAR1
SC5D,SC5D
RPTOR,RPTOR
SERPINA7,SERPINA7
CAMKK2,CAMKK2
LDLRAP1,LDLRAP1
LLGL1,LLGL1
GTF2H1,GTF2H1
KRTAP22-1,KRTAP22-1
PHF13,PHF13
PLCXD1,PLCXD1
GLRX,GLRX
ALDOC,ALDOC
F3,F3
CLDN17,CLDN17
BSPH1,BSPH1
IGLV3-21,IGLV3-21
AP1S1,AP1S1
TFEC,TFEC
ASF1A,ASF1A
ADAMDEC1,ADAMDEC1
MTF1,MTF1
CYP11B2,CYP11B2
SYNE3,SYNE3
KRTAP5-11,KRTAP5-11
GPR141,GPR141
MON2,MON2
BET1L,BET1L
CTDNEP1,CTDNEP1
GPKOW,GPKOW
PIGT,PIGT
CD101,CD101
SPANXN3,SPANXN3
FAAH2,FAAH2
LILRB3,LILRB3
BRPF3,BRPF3
ESD,ESD
TIMM8A,TIMM8A
POMC,POMC
NLGN4Y,NLGN4Y
UGT1A5,UGT1A5
HGNC:16180,HGNC:16180
INIP,INIP
ZDHHC4,ZDHHC4
C17orf75,C17orf75
SSTR2,SSTR2
HPS6,HPS6
CYB5D2,CYB5D2
MED20,MED20
PSMC1,PSMC1
CCDC189,CCDC189
ZFP36,ZFP36
HGNC:26647,HGNC:26647
B3GAT1,B3GAT1
EIF2AK3,EIF2AK3
OGG1,OGG1
TPCN1,TPCN1
PPP2R5E,PPP2R5E
TMEM141,TMEM141
TMEM186,TMEM186
PLOD2,PLOD2
C4orf17,C4orf17
SCRT2,SCRT2
IMPACT,IMPACT
NHSL1,NHSL1
TGM4,TGM4
CDC42SE1,CDC42SE1
PLS1,PLS1
ABCA13,ABCA13
DRAM2,DRAM2
WDR35,WDR35
MYL3,MYL3
PIGO,PIGO
CYB5B,CYB5B
KIF1C,KIF1C
TECPR1,TECPR1
KLHL34,KLHL34
TRAJ2,TRAJ2
BAG4,BAG4
AJUBA,AJUBA
DYNLT1,DYNLT1
YIF1B,YIF1B
ACSL4,ACSL4
OR4K13,OR4K13
KIT,KIT
USP10,USP10
TRBJ2-7,TRBJ2-7
TMEM140,TMEM140
TRAV12-1,TRAV12-1
TEX19,TEX19
EBI3,EBI3
FAM218A,FAM218A
PPP1CC,PPP1CC
SHC1,SHC1
MAGEC1,MAGEC1
H1FNT,H1FNT
USHBP1,USHBP1
SMARCAL1,SMARCAL1
MOBP,MOBP
SRSF7,SRSF7
ADH7,ADH7
SDC2,SDC2
DYNC2H1,DYNC2H1
ZBTB2,ZBTB2
TIMM44,TIMM44
TMEM63A,TMEM63A
SLC23A2,SLC23A2
KDM5B,KDM5B
ZCCHC12,ZCCHC12
ZSWIM1,ZSWIM1
KLK15,KLK15
NAGA,NAGA
TRIR,TRIR
UNC119,UNC119
SPTLC3,SPTLC3
SIRPA,SIRPA
WBP1L,WBP1L
SYTL2,SYTL2
MYCBP2,MYCBP2
ZNF750,ZNF750
CCM2,CCM2
MAK16,MAK16
ACSM1,ACSM1
LDAH,LDAH
NFX1,NFX1
OR10G3,OR10G3
VBP1,VBP1
RARRES2,RARRES2
GABBR2,GABBR2
AOC1,AOC1
TAGLN,TAGLN
RIBC1,RIBC1
RFX2,RFX2
CSNK1A1L,CSNK1A1L
CCDC180,CCDC180
ZNF197,ZNF197
C12orf40,C12orf40
KCNV2,KCNV2
PLA2G2D,PLA2G2D
CAPN2,CAPN2
DMTN,DMTN
PTPRE,PTPRE
MTIF3,MTIF3
TULP1,TULP1
SPPL2C,SPPL2C
CSNK1G1,CSNK1G1
MIEF2,MIEF2
ZNF77,ZNF77
IGHJ3,IGHJ3
FAM81A,FAM81A
SEM1,SEM1
PRDM6,PRDM6
TCOF1,TCOF1
SPAG1,SPAG1
FAM184B,FAM184B
GDPD5,GDPD5
CD9,CD9
OR1L4,OR1L4
IL33,IL33
EGLN3,EGLN3
TRAV25,TRAV25
PHACTR2,PHACTR2
NSG1,NSG1
CHST3,CHST3
CENPBD1,CENPBD1
LILRB1,LILRB1
FKBP6,FKBP6
DAGLA,DAGLA
PRLR,PRLR
TMEM233,TMEM233
SUPT16H,SUPT16H
RMI1,RMI1
ATP8B3,ATP8B3
PCDH20,PCDH20
VSIG1,VSIG1
TCEA3,TCEA3
NBPF6,NBPF6
MTHFD2L,MTHFD2L
TAF6L,TAF6L
ABCA5,ABCA5
ZNF296,ZNF296
BTBD8,BTBD8
MAL2,MAL2
SOAT1,SOAT1
C3orf70,C3orf70
LTV1,LTV1
AGK,AGK
DERL1,DERL1
RPUSD4,RPUSD4
CPNE8,CPNE8
PHKG2,PHKG2
SERPINF1,SERPINF1
SLC6A12,SLC6A12
CYP4X1,CYP4X1
MTRNR2L3,MTRNR2L3
RNF175,RNF175
C11orf70,C11orf70
SPATA31A7,SPATA31A7
BDKRB1,BDKRB1
CCL27,CCL27
CCNF,CCNF
JADE3,JADE3
GLO1,GLO1
ODF3L2,ODF3L2
GAS8,GAS8
ATG12,ATG12
HMGCL,HMGCL
C1orf186,C1orf186
NLRX1,NLRX1
ENSG00000256632,ENSG00000256632
TLN2,TLN2
OR12D2,OR12D2
ZAP70,ZAP70
MAGEB16,MAGEB16
ZNF440,ZNF440
ANPEP,ANPEP
TEX46,TEX46
OPLAH,OPLAH
MAMLD1,MAMLD1
AGRP,AGRP
UBE3D,UBE3D
CXCL10,CXCL10
HACL1,HACL1
NUP205,NUP205
NEBL,NEBL
RAB24,RAB24
KCNQ3,KCNQ3
C2CD2,C2CD2
NAAA,NAAA
ZBTB34,ZBTB34
COPE,COPE
MAGEB18,MAGEB18
ZNF530,ZNF530
CDH5,CDH5
ASPM,ASPM
MID1,MID1
ENSG00000272897,ENSG00000272897
ME1,ME1
CST11,CST11
MYOCD,MYOCD
OOEP,OOEP
NELFE,NELFE
FAIM2,FAIM2
PIM2,PIM2
TPM3,TPM3
TBX20,TBX20
MAP7D3,MAP7D3
POLR2J,POLR2J
CRMP1,CRMP1
PCDH8,PCDH8
TRADD,TRADD
ZC3HC1,ZC3HC1
C1QTNF3,C1QTNF3
SLC11A1,SLC11A1
DFFB,DFFB
POLR3H,POLR3H
IRS2,IRS2
SUCLG1,SUCLG1
MAP7D2,MAP7D2
CDH26,CDH26
UBB,UBB
DRAP1,DRAP1
NUP155,NUP155
VAT1,VAT1
BNIP3L,BNIP3L
GPER1,GPER1
TMEM52,TMEM52
ENSG00000248710,ENSG00000248710
SPATA8,SPATA8
LCORL,LCORL
BORCS8-MEF2B,BORCS8-MEF2B
SNAPC5,SNAPC5
NPHS2,NPHS2
NEK11,NEK11
DNAJB1,DNAJB1
GPD1,GPD1
METTL23,METTL23
FEZ1,FEZ1
CYB561,CYB561
ATP10B,ATP10B
FIS1,FIS1
COX6C,COX6C
RTBDN,RTBDN
SLPI,SLPI
SLC22A5,SLC22A5
ATAD2B,ATAD2B
ATL2,ATL2
RPL3,RPL3
HGNC:32021,HGNC:32021
ZXDC,ZXDC
SERPINB6,SERPINB6
CCL26,CCL26
ABCB9,ABCB9
HGNC:23587,HGNC:23587
LIF,LIF
DUS2,DUS2
SUN2,SUN2
ROM1,ROM1
FXN,FXN
CHAF1B,CHAF1B
TCF25,TCF25
ASB15,ASB15
HGNC:34426,HGNC:34426
NDUFA12,NDUFA12
RALBP1,RALBP1
OR13C9,OR13C9
ATOH8,ATOH8
GPR1,GPR1
TMEM123,TMEM123
ERG,ERG
ISX,ISX
IGKV5-2,IGKV5-2
GOLGA7,GOLGA7
JMJD4,JMJD4
UBE2Q1,UBE2Q1
MSH3,MSH3
TPM4,TPM4
APCDD1L,APCDD1L
IL17A,IL17A
POTEJ,POTEJ
KCNE1,KCNE1
RFXANK,RFXANK
TMPRSS11F,TMPRSS11F
TMBIM1,TMBIM1
SMPD3,SMPD3
SLC22A18,SLC22A18
CTAG1A,CTAG1A
WDR41,WDR41
CTSO,CTSO
GRIA1,GRIA1
CD6,CD6
MRPL43,MRPL43
LCAT,LCAT
ENSG00000267748,ENSG00000267748
NR2C1,NR2C1
LIPH,LIPH
PLEKHM1,PLEKHM1
ARMCX6,ARMCX6
PER2,PER2
C8orf76,C8orf76
ERCC8,ERCC8
CLDND2,CLDND2
ANLN,ANLN
IFI27L2,IFI27L2
OAS2,OAS2
ZC3H12C,ZC3H12C
RAP1B,RAP1B
IGKV1-6,IGKV1-6
THAP10,THAP10
C11orf94,C11orf94
NAT1,NAT1
TRMO,TRMO
NVL,NVL
HOXD11,HOXD11
TCP11L1,TCP11L1
NMD3,NMD3
PRKRIP1,PRKRIP1
PPP1R21,PPP1R21
BCL2L2-PABPN1,BCL2L2-PABPN1
NPTX1,NPTX1
MFAP4,MFAP4
ZNF658,ZNF658
ZNF230,ZNF230
MRPL1,MRPL1
YIF1A,YIF1A
THOC2,THOC2
PSMG4,PSMG4
TMTC2,TMTC2
TIGD1,TIGD1
ADAMTS17,ADAMTS17
ZBTB4,ZBTB4
LRRC31,LRRC31
USP22,USP22
ARHGDIA,ARHGDIA
GJB3,GJB3
CCT8,CCT8
KHDC4,KHDC4
DTHD1,DTHD1
ABHD15,ABHD15
ENPP4,ENPP4
CDH6,CDH6
NPM3,NPM3
CFAP126,CFAP126
GPLD1,GPLD1
PDE6D,PDE6D
VPS13A,VPS13A
IFI35,IFI35
UNCX,UNCX
SLC18A3,SLC18A3
GALK1,GALK1
IL20RA,IL20RA
SLC38A2,SLC38A2
HAPLN4,HAPLN4
EBF2,EBF2
COA1,COA1
CLU,CLU
GRIK2,GRIK2
FMNL3,FMNL3
SLC38A1,SLC38A1
ALDH3A2,ALDH3A2
RSC1A1,RSC1A1
ELOVL3,ELOVL3
HPRT1,HPRT1
MUC21,MUC21
SGCA,SGCA
ARMC6,ARMC6
TCIRG1,TCIRG1
SCYL2,SCYL2
TMEM94,TMEM94
LUZP2,LUZP2
STAG3,STAG3
CABS1,CABS1
G6PC,G6PC
METTL18,METTL18
AKR1D1,AKR1D1
SCT,SCT
ROGDI,ROGDI
BUB3,BUB3
CSTF2T,CSTF2T
GLMP,GLMP
NCK2,NCK2
RNPS1,RNPS1
NXN,NXN
TRAPPC5,TRAPPC5
GSG1L,GSG1L
DARS,DARS
YIPF5,YIPF5
TSNARE1,TSNARE1
DYNLL1,DYNLL1
ATXN7L2,ATXN7L2
STAC,STAC
CD244,CD244
C6orf132,C6orf132
LRIT1,LRIT1
SLC38A6,SLC38A6
SPATA20,SPATA20
KCNF1,KCNF1
USP28,USP28
MTMR6,MTMR6
APIP,APIP
DDB2,DDB2
HIST1H2AA,HIST1H2AA
FAM50B,FAM50B
PPP3R1,PPP3R1
LRIT2,LRIT2
PRKCSH,PRKCSH
GYS1,GYS1
RELA,RELA
POTEH,POTEH
SOWAHB,SOWAHB
DUOX1,DUOX1
TELO2,TELO2
RCC2,RCC2
SPAG5,SPAG5
TEX36,TEX36
HGNC:34393,HGNC:34393
CDHR4,CDHR4
DSCAM,DSCAM
OGFRL1,OGFRL1
OIP5,OIP5
CCDC171,CCDC171
CS,CS
MAP2K7,MAP2K7
CBX8,CBX8
PRR30,PRR30
CRYGB,CRYGB
IL21R,IL21R
ENSG00000241690,ENSG00000241690
TPST2,TPST2
ANKRD30B,ANKRD30B
ZNF428,ZNF428
TSPYL4,TSPYL4
CCDC184,CCDC184
SPRY4,SPRY4
C5orf67,C5orf67
MRPL54,MRPL54
AASS,AASS
ADAM10,ADAM10
ZFAT,ZFAT
HES2,HES2
AK5,AK5
LRBA,LRBA
IL1R1,IL1R1
HADHA,HADHA
KCNJ16,KCNJ16
BRWD3,BRWD3
DXO,DXO
FAM153B,FAM153B
SLC25A23,SLC25A23
LCE2C,LCE2C
RFX1,RFX1
CPA6,CPA6
NDUFB7,NDUFB7
ZNF324B,ZNF324B
RD3,RD3
PINK1,PINK1
HGNC:27333,HGNC:27333
VIPR1,VIPR1
PIK3C3,PIK3C3
HTR1A,HTR1A
RPL38,RPL38
SLC24A1,SLC24A1
TM9SF1,TM9SF1
MORF4L2,MORF4L2
GNPDA1,GNPDA1
UNC45A,UNC45A
ZNF233,ZNF233
AKAP12,AKAP12
PXT1,PXT1
PLAGL2,PLAGL2
SPIN2B,SPIN2B
PTDSS2,PTDSS2
HOXD12,HOXD12
FGF9,FGF9
ATP9A,ATP9A
BRD1,BRD1
SPRN,SPRN
SSH3,SSH3
DACT3,DACT3
NME9,NME9
MRPL41,MRPL41
UGT2B11,UGT2B11
MAPK7,MAPK7
HTN1,HTN1
BORCS5,BORCS5
PGAM2,PGAM2
GPR19,GPR19
CLUL1,CLUL1
LRRC74A,LRRC74A
TRAJ21,TRAJ21
PPP1R12C,PPP1R12C
OR52N2,OR52N2
FOXD4L4,FOXD4L4
HOXC5,HOXC5
CPEB2,CPEB2
MSH4,MSH4
ZNF347,ZNF347
SCML4,SCML4
NPBWR2,NPBWR2
NCAPH,NCAPH
CTSS,CTSS
ENSG00000183292,ENSG00000183292
B3GNT8,B3GNT8
HGNC:42974,HGNC:42974
STOML1,STOML1
SIRPB1,SIRPB1
TMEM167B,TMEM167B
USP17L5,USP17L5
PAGE2B,PAGE2B
TRAF5,TRAF5
CBX6,CBX6
SERPINI2,SERPINI2
DPP9,DPP9
OR4P4,OR4P4
CRHR2,CRHR2
AVEN,AVEN
SPACA1,SPACA1
NIPSNAP1,NIPSNAP1
C1orf56,C1orf56
SOWAHD,SOWAHD
CCDC74A,CCDC74A
CENPP,CENPP
OR6A2,OR6A2
GPCPD1,GPCPD1
VAX2,VAX2
STRN3,STRN3
CRIPT,CRIPT
BCAM,BCAM
NR2E1,NR2E1
PCBD2,PCBD2
USP17L15,USP17L15
TBC1D28,TBC1D28
PNMA3,PNMA3
DNASE1L2,DNASE1L2
RTP5,RTP5
FZD6,FZD6
ITGA7,ITGA7
PADI2,PADI2
REM2,REM2
RHOXF2B,RHOXF2B
RPA4,RPA4
PSMD7,PSMD7
AMBRA1,AMBRA1
RUNX1T1,RUNX1T1
SVIL,SVIL
KCNJ4,KCNJ4
CLEC2L,CLEC2L
TMEM246,TMEM246
TULP2,TULP2
ENSG00000269179,ENSG00000269179
RNF19A,RNF19A
CUX1,CUX1
ACSM3,ACSM3
OTP,OTP
CYP2A13,CYP2A13
KCND2,KCND2
DNAJB6,DNAJB6
GTF3C1,GTF3C1
TROVE2,TROVE2
DDX24,DDX24
PNMA8A,PNMA8A
PLXNC1,PLXNC1
GAPT,GAPT
SLC10A1,SLC10A1
SPG11,SPG11
SYNRG,SYNRG
TMOD4,TMOD4
SETDB2,SETDB2
LMF1,LMF1
TMEM9B,TMEM9B
IGKV1D-43,IGKV1D-43
GSX1,GSX1
GTF2F1,GTF2F1
SLC30A7,SLC30A7
ARHGEF18,ARHGEF18
EPHX4,EPHX4
HUS1B,HUS1B
SMPD2,SMPD2
IRX5,IRX5
PRKCZ,PRKCZ
EEF2K,EEF2K
TBC1D32,TBC1D32
ZNF594,ZNF594
GAR1,GAR1
MAJIN,MAJIN
COL17A1,COL17A1
CDK17,CDK17
KLF3,KLF3
SIL1,SIL1
SLC7A5,SLC7A5
SPATA32,SPATA32
DUSP1,DUSP1
SELENOO,SELENOO
TRMT44,TRMT44
ILVBL,ILVBL
ACTL9,ACTL9
TSPY3,TSPY3
ARL11,ARL11
EPC2,EPC2
SLC8A3,SLC8A3
HRK,HRK
DHRS13,DHRS13
AURKB,AURKB
ZSWIM3,ZSWIM3
TLR4,TLR4
UGT2B10,UGT2B10
HNRNPA0,HNRNPA0
DYNC2LI1,DYNC2LI1
CABCOCO1,CABCOCO1
USP15,USP15
STRA6,STRA6
DDHD1,DDHD1
ARL6IP6,ARL6IP6
CHAC1,CHAC1
XXYLT1,XXYLT1
PGK2,PGK2
ARHGAP22,ARHGAP22
CSNK1D,CSNK1D
UGT1A8,UGT1A8
SUSD5,SUSD5
DDX1,DDX1
NOTCH1,NOTCH1
DIRAS3,DIRAS3
C10orf55,C10orf55
MACROD2,MACROD2
RTL3,RTL3
ABCG5,ABCG5
KCNA3,KCNA3
FABP1,FABP1
OR2G6,OR2G6
DHX30,DHX30
IQSEC3,IQSEC3
ABR,ABR
PSMA5,PSMA5
FOSB,FOSB
ADCY2,ADCY2
PGRMC1,PGRMC1
LIMCH1,LIMCH1
AHNAK2,AHNAK2
TBPL2,TBPL2
CEACAM3,CEACAM3
TET2,TET2
DGKH,DGKH
MAP2,MAP2
SYPL2,SYPL2
PRIMPOL,PRIMPOL
CFDP1,CFDP1
MRPL16,MRPL16
ZFP28,ZFP28
MC4R,MC4R
TRBJ2-6,TRBJ2-6
AP4E1,AP4E1
SYNDIG1L,SYNDIG1L
WDR83OS,WDR83OS
CDKAL1,CDKAL1
RALGAPA2,RALGAPA2
SPANXN5,SPANXN5
PI4KB,PI4KB
OR2L2,OR2L2
VWA7,VWA7
CD226,CD226
ZNF540,ZNF540
SCUBE1,SCUBE1
ZNF789,ZNF789
YWHAQ,YWHAQ
GTF2F2,GTF2F2
MAPK8,MAPK8
ZADH2,ZADH2
PJA1,PJA1
CAPN14,CAPN14
CSNK1A1,CSNK1A1
MUC15,MUC15
PGP,PGP
PANK2,PANK2
THOC6,THOC6
SPDL1,SPDL1
CCDC51,CCDC51
MSR1,MSR1
OR52K1,OR52K1
PLA1A,PLA1A
PDE8B,PDE8B
TAS2R16,TAS2R16
BARD1,BARD1
CD72,CD72
CTAGE9,CTAGE9
SCN1A,SCN1A
ENSG00000282278,ENSG00000282278
OR6T1,OR6T1
PHLDA2,PHLDA2
ZNF479,ZNF479
TCTN3,TCTN3
ACIN1,ACIN1
MORF4L1,MORF4L1
CDK2AP1,CDK2AP1
IGLJ4,IGLJ4
MOGAT1,MOGAT1
ABLIM3,ABLIM3
PROK2,PROK2
LPGAT1,LPGAT1
ARID2,ARID2
ELSPBP1,ELSPBP1
NDST1,NDST1
SH3BGRL,SH3BGRL
RBFOX1,RBFOX1
SOX14,SOX14
ADAM18,ADAM18
CARNS1,CARNS1
ENSG00000268750,ENSG00000268750
GLIPR2,GLIPR2
KRTAP19-3,KRTAP19-3
TRPM5,TRPM5
CNGB3,CNGB3
PDCD7,PDCD7
PLAA,PLAA
GRIP1,GRIP1
FHL1,FHL1
ANKRD36,ANKRD36
GATS,GATS
TTC38,TTC38
TMEM216,TMEM216
SPEM1,SPEM1
KDELC2,KDELC2
BRAP,BRAP
RCSD1,RCSD1
ZMAT1,ZMAT1
STK33,STK33
EIF2AK1,EIF2AK1
CKS1B,CKS1B
C1orf43,C1orf43
FAM43B,FAM43B
STRIP2,STRIP2
NUP88,NUP88
TMC3,TMC3
CLDN22,CLDN22
B3GALT5,B3GALT5
CDC6,CDC6
FPR2,FPR2
HGNC:33789,HGNC:33789
HHLA1,HHLA1
FYB1,FYB1
HMG20B,HMG20B
ENPP1,ENPP1
CLDN19,CLDN19
TBC1D19,TBC1D19
OR5M1,OR5M1
SPHK1,SPHK1
PSME3,PSME3
ZNF8,ZNF8
APOBEC3H,APOBEC3H
NETO2,NETO2
HSD17B12,HSD17B12
SSU72,SSU72
MAIP1,MAIP1
SKA2,SKA2
DDAH1,DDAH1
PLXNA4,PLXNA4
ALKAL1,ALKAL1
DNAJC19,DNAJC19
FXYD4,FXYD4
ALPL,ALPL
P2RY6,P2RY6
POU3F1,POU3F1
FAM122C,FAM122C
ZC3HAV1,ZC3HAV1
SOSTDC1,SOSTDC1
TMEM207,TMEM207
CALHM5,CALHM5
AHCY,AHCY
DCTD,DCTD
AASDH,AASDH
LY6D,LY6D
EAPP,EAPP
HGNC:18406,HGNC:18406
TRAPPC2L,TRAPPC2L
MTHFR,MTHFR
HNRNPF,HNRNPF
C2orf83,C2orf83
CEP55,CEP55
TAF7,TAF7
UCN2,UCN2
C16orf72,C16orf72
EREG,EREG
NAT8,NAT8
PRICKLE1,PRICKLE1
RAB34,RAB34
SELENOV,SELENOV
WDR26,WDR26
FOXP1,FOXP1
IDO1,IDO1
DNM2,DNM2
ERF,ERF
C4orf33,C4orf33
WDR31,WDR31
OR2L8,OR2L8
ANKRD20A4,ANKRD20A4
RTKN,RTKN
KCTD2,KCTD2
RAB25,RAB25
NLRP11,NLRP11
TMCO1,TMCO1
TRIM36,TRIM36
SPIRE2,SPIRE2
NT5C3A,NT5C3A
MCRIP2,MCRIP2
ZNF521,ZNF521
GRK4,GRK4
CHRM1,CHRM1
OR10V1,OR10V1
RRAS,RRAS
STOML2,STOML2
GPR37,GPR37
ZNF23,ZNF23
ZSCAN5A,ZSCAN5A
IK,IK
TERF1,TERF1
ST8SIA1,ST8SIA1
ABHD12,ABHD12
JAK2,JAK2
RAB22A,RAB22A
ZFP69B,ZFP69B
LGALSL,LGALSL
CDK7,CDK7
LYPD2,LYPD2
C12orf57,C12orf57
RAD23B,RAD23B
NEK8,NEK8
ZNF583,ZNF583
MAP3K15,MAP3K15
ARR3,ARR3
GP1BB,GP1BB
OR5R1,OR5R1
AFF4,AFF4
DENND6B,DENND6B
HECW1,HECW1
DYDC2,DYDC2
DDI2,DDI2
RC3H1,RC3H1
UNC13B,UNC13B
TSPAN12,TSPAN12
YY1,YY1
RAB21,RAB21
COL9A2,COL9A2
PTK2B,PTK2B
PTAFR,PTAFR
LRRN4CL,LRRN4CL
ERN1,ERN1
HIST1H1B,HIST1H1B
LHX5,LHX5
FCGR3A,FCGR3A
RAD51B,RAD51B
OR2J1,OR2J1
ZFR2,ZFR2
GMPPA,GMPPA
TPGS2,TPGS2
CST7,CST7
OTULIN,OTULIN
RHOBTB1,RHOBTB1
TP53INP2,TP53INP2
SLC30A5,SLC30A5
MGP,MGP
BCLAF1,BCLAF1
SEPHS2,SEPHS2
ASS1,ASS1
ARHGAP11A,ARHGAP11A
NLRC3,NLRC3
ZNF622,ZNF622
AAAS,AAAS
MYPOP,MYPOP
WASL,WASL
TMPRSS6,TMPRSS6
CAPN10,CAPN10
EGFL7,EGFL7
OVOL2,OVOL2
PCDHB16,PCDHB16
ZMAT4,ZMAT4
FAM109A,FAM109A
MMRN2,MMRN2
ITPKC,ITPKC
ENSG00000243696,ENSG00000243696
CIRBP,CIRBP
ADIPOQ,ADIPOQ
PARP4,PARP4
ISL2,ISL2
ATP4B,ATP4B
GPR50,GPR50
ZNF486,ZNF486
SYCP1,SYCP1
OXNAD1,OXNAD1
PPFIA3,PPFIA3
TSLP,TSLP
FOXP2,FOXP2
PKLR,PKLR
TRPT1,TRPT1
HTR3B,HTR3B
NLRP6,NLRP6
PBLD,PBLD
UBL7,UBL7
GPATCH1,GPATCH1
OR5W2,OR5W2
ENSG00000273047,ENSG00000273047
ACER1,ACER1
DUS3L,DUS3L
DHX35,DHX35
MAN2B1,MAN2B1
KDM4B,KDM4B
ZNF821,ZNF821
PDGFRA,PDGFRA
SASH3,SASH3
EFHD2,EFHD2
RGS18,RGS18
TM9SF3,TM9SF3
CAMK2D,CAMK2D
CCDC85B,CCDC85B
TRBV5-5,TRBV5-5
PDK2,PDK2
RANGRF,RANGRF
ESYT3,ESYT3
SLC7A6OS,SLC7A6OS
MCAT,MCAT
CCDC38,CCDC38
SDC3,SDC3
MAPK12,MAPK12
FOLR1,FOLR1
ENSG00000281593,ENSG00000281593
SLC22A3,SLC22A3
PPDPF,PPDPF
KCMF1,KCMF1
UTS2,UTS2
FARP2,FARP2
FAM35A,FAM35A
STAT6,STAT6
JPT2,JPT2
FPR1,FPR1
BICRAL,BICRAL
MSANTD3,MSANTD3
LPL,LPL
GPR142,GPR142
KRTAP6-3,KRTAP6-3
FOXO4,FOXO4
GFER,GFER
RPP14,RPP14
SEZ6L2,SEZ6L2
TCAF2,TCAF2
MORN3,MORN3
SLC38A5,SLC38A5
TRBV4-2,TRBV4-2
EPPIN,EPPIN
FSTL4,FSTL4
OR14K1,OR14K1
ZNF654,ZNF654
PPAT,PPAT
WHRN,WHRN
AFAP1L2,AFAP1L2
FAM187A,FAM187A
KANK2,KANK2
SHCBP1L,SHCBP1L
P2RY2,P2RY2
TRUB2,TRUB2
BRSK1,BRSK1
GABRA5,GABRA5
LRP4,LRP4
REG1A,REG1A
SDF2L1,SDF2L1
SLC35F3,SLC35F3
KIF2C,KIF2C
WDR76,WDR76
CNFN,CNFN
NAA15,NAA15
ABAT,ABAT
KLHL1,KLHL1
TIMM13,TIMM13
GRID2IP,GRID2IP
NCOA5,NCOA5
GLRA2,GLRA2
STX2,STX2
ZNF788,ZNF788
MPST,MPST
PPP1R32,PPP1R32
NDUFAF5,NDUFAF5
MTG2,MTG2
GSTA2,GSTA2
TMEM178B,TMEM178B
ZYG11A,ZYG11A
NRAS,NRAS
LBX1,LBX1
HCAR2,HCAR2
IKZF1,IKZF1
COTL1,COTL1
ARSG,ARSG
SEC23A,SEC23A
BBOF1,BBOF1
RETNLB,RETNLB
ERO1B,ERO1B
RIC8B,RIC8B
SLC14A1,SLC14A1
PMS1,PMS1
CACNA1H,CACNA1H
PLSCR2,PLSCR2
GCG,GCG
UBE2L6,UBE2L6
PTGER2,PTGER2
ZNF14,ZNF14
ADGRG7,ADGRG7
FAM162B,FAM162B
TRPM1,TRPM1
ARL13B,ARL13B
PARP2,PARP2
MAP2K1,MAP2K1
DEUP1,DEUP1
CEP68,CEP68
ENSG00000267314,ENSG00000267314
NAIP,NAIP
KHDC1,KHDC1
KRT37,KRT37
EFHD1,EFHD1
ABHD14A,ABHD14A
MGAT5B,MGAT5B
RAB27A,RAB27A
FAM49A,FAM49A
DBNL,DBNL
SLC9C2,SLC9C2
FOXJ2,FOXJ2
CAPN3,CAPN3
SMARCE1,SMARCE1
TMEM242,TMEM242
CDK14,CDK14
OPTN,OPTN
TAF12,TAF12
RRH,RRH
LCE4A,LCE4A
ENSG00000284292,ENSG00000284292
SCAF8,SCAF8
RBP4,RBP4
COL1A1,COL1A1
CCDC28A,CCDC28A
PBX1,PBX1
DNAJC11,DNAJC11
RNF220,RNF220
TNFRSF1A,TNFRSF1A
BMP1,BMP1
NDUFB8,NDUFB8
CCDC88C,CCDC88C
DCAF12,DCAF12
SLC17A7,SLC17A7
CCNC,CCNC
AZI2,AZI2
APOBEC2,APOBEC2
ZMIZ1,ZMIZ1
NPAS4,NPAS4
DNAJC22,DNAJC22
OAS1,OAS1
SNAP25,SNAP25
ANKRD29,ANKRD29
LMO4,LMO4
CTBP1,CTBP1
SLC7A7,SLC7A7
NFU1,NFU1
LSM14B,LSM14B
BGN,BGN
CD164L2,CD164L2
C1orf35,C1orf35
THBS4,THBS4
PAPSS2,PAPSS2
SHOC2,SHOC2
OR8K5,OR8K5
SELENOH,SELENOH
FAM222B,FAM222B
MAGEE1,MAGEE1
RAB2B,RAB2B
LRRC4C,LRRC4C
UROC1,UROC1
COX7C,COX7C
PYDC2,PYDC2
NRM,NRM
HRNR,HRNR
USP33,USP33
SOX6,SOX6
HOOK1,HOOK1
OR10A4,OR10A4
RBMXL2,RBMXL2
SLC25A18,SLC25A18
UNC5D,UNC5D
NRBP2,NRBP2
NXPE1,NXPE1
LHX1,LHX1
SYCE1,SYCE1
PGLYRP3,PGLYRP3
ENSG00000267127,ENSG00000267127
MINOS1-NBL1,MINOS1-NBL1
DACT2,DACT2
TMEM176B,TMEM176B
TRPC4AP,TRPC4AP
OR9Q2,OR9Q2
SYT14,SYT14
SCGN,SCGN
FOXK1,FOXK1
C16orf62,C16orf62
TMEM8A,TMEM8A
AKAIN1,AKAIN1
CUL1,CUL1
TFDP2,TFDP2
PLXNA2,PLXNA2
CUL4A,CUL4A
FPGT,FPGT
GZMA,GZMA
PRRX1,PRRX1
ENSG00000265303,ENSG00000265303
NBPF3,NBPF3
ENSG00000272104,ENSG00000272104
SEPSECS,SEPSECS
CCDC90B,CCDC90B
GSTK1,GSTK1
CCL15,CCL15
RASGRF2,RASGRF2
CH25H,CH25H
SLC2A2,SLC2A2
TMEM231,TMEM231
ZC3H10,ZC3H10
ZNF701,ZNF701
PRR35,PRR35
TALDO1,TALDO1
TCEAL7,TCEAL7
GRN,GRN
PM20D1,PM20D1
GJD4,GJD4
SPECC1,SPECC1
MSH5,MSH5
CNOT1,CNOT1
DGCR2,DGCR2
NNT,NNT
P2RX4,P2RX4
WDR88,WDR88
SUFU,SUFU
SNAP47,SNAP47
MMP19,MMP19
ZFAND5,ZFAND5
CCDC114,CCDC114
RPAP3,RPAP3
OSR1,OSR1
ARF1,ARF1
TRBJ2-5,TRBJ2-5
NEU1,NEU1
TSPAN19,TSPAN19
SLC16A4,SLC16A4
GPX7,GPX7
INHBA,INHBA
CADPS2,CADPS2
RPS25,RPS25
ENSG00000258052,ENSG00000258052
ETNK1,ETNK1
ZNF624,ZNF624
RWDD2B,RWDD2B
GAD2,GAD2
ZDBF2,ZDBF2
ING3,ING3
PSMB2,PSMB2
ARHGAP31,ARHGAP31
PDPK1,PDPK1
CASTOR2,CASTOR2
TRAPPC6A,TRAPPC6A
ATP13A3,ATP13A3
ANKK1,ANKK1
PREX2,PREX2
NXPH3,NXPH3
GPBP1L1,GPBP1L1
C5orf34,C5orf34
IFNAR2,IFNAR2
BCR,BCR
LRTOMT,LRTOMT
MMP24,MMP24
KRTAP9-7,KRTAP9-7
ENSG00000259900,ENSG00000259900
KNDC1,KNDC1
WDR47,WDR47
SNX11,SNX11
MUC16,MUC16
OR52B2,OR52B2
RNF219,RNF219
EXOSC2,EXOSC2
TMEM206,TMEM206
PIK3CG,PIK3CG
HGNC:26731,HGNC:26731
UTF1,UTF1
ENSG00000184761,ENSG00000184761
HSP90B1,HSP90B1
PLXNB3,PLXNB3
GBP3,GBP3
OR4K5,OR4K5
SMU1,SMU1
CNGA1,CNGA1
GOSR1,GOSR1
SETD3,SETD3
ZNF836,ZNF836
UBE2NL,UBE2NL
TRIP4,TRIP4
EEF2,EEF2
CDH2,CDH2
ZNF804A,ZNF804A
MOB1B,MOB1B
PAICS,PAICS
C20orf196,C20orf196
NCOA2,NCOA2
C1QC,C1QC
LRRC58,LRRC58
NQO2,NQO2
GRK2,GRK2
ZKSCAN2,ZKSCAN2
TNFRSF1B,TNFRSF1B
IGSF5,IGSF5
ALDH8A1,ALDH8A1
GPR156,GPR156
ORAI2,ORAI2
PRPSAP2,PRPSAP2
EFNB3,EFNB3
RAB11FIP5,RAB11FIP5
SMIM28,SMIM28
IFI44L,IFI44L
MAN2A2,MAN2A2
SIGLEC6,SIGLEC6
COQ5,COQ5
RASSF9,RASSF9
AVPR1B,AVPR1B
AIDA,AIDA
USP17L10,USP17L10
ANXA2R,ANXA2R
ETF1,ETF1
LSM2,LSM2
C10orf99,C10orf99
C12orf60,C12orf60
CLCN3,CLCN3
THUMPD3,THUMPD3
ZNF354B,ZNF354B
MTRF1L,MTRF1L
SMAD7,SMAD7
MADD,MADD
TMEM63C,TMEM63C
RAB8B,RAB8B
KLHL41,KLHL41
CASC3,CASC3
KERA,KERA
PCDHGA1,PCDHGA1
GOLGB1,GOLGB1
HGNC:13827,HGNC:13827
KIAA1468,KIAA1468
C1QTNF4,C1QTNF4
CFAP36,CFAP36
C4BPB,C4BPB
SLC22A4,SLC22A4
BAK1,BAK1
MAGI2,MAGI2
STRBP,STRBP
CYP2S1,CYP2S1
INTS10,INTS10
PGRMC2,PGRMC2
OR1F1,OR1F1
GPR182,GPR182
GYPC,GYPC
RTN2,RTN2
ADIG,ADIG
MCM5,MCM5
CLDN2,CLDN2
ZNF292,ZNF292
NUP210L,NUP210L
C9orf135,C9orf135
KRT10,KRT10
ZNF649,ZNF649
FAM193A,FAM193A
RPN2,RPN2
RS1,RS1
PBK,PBK
SH3GL1,SH3GL1
LAMA1,LAMA1
ADGRA2,ADGRA2
ANKRD22,ANKRD22
RPS27L,RPS27L
IKZF3,IKZF3
C2orf76,C2orf76
CFAP157,CFAP157
ZCCHC9,ZCCHC9
WBP4,WBP4
TMEM154,TMEM154
SPANXD,SPANXD
ZNF638,ZNF638
SIM2,SIM2
KCNMB1,KCNMB1
VWA3B,VWA3B
PINX1,PINX1
TMEM156,TMEM156
FZD8,FZD8
TMEM238,TMEM238
COL4A3BP,COL4A3BP
RABIF,RABIF
THAP3,THAP3
SH2D5,SH2D5
CLP1,CLP1
IFT172,IFT172
OR6F1,OR6F1
RPLP2,RPLP2
TPRX1,TPRX1
ZNF497,ZNF497
ENTHD1,ENTHD1
SPIN3,SPIN3
TFDP3,TFDP3
IGHJ4,IGHJ4
DPH7,DPH7
SLC25A21,SLC25A21
TMEM199,TMEM199
TSR1,TSR1
CLVS1,CLVS1
SPDYE2,SPDYE2
PYM1,PYM1
ALG1L,ALG1L
VWA1,VWA1
PDHA2,PDHA2
HTR3C,HTR3C
ENSG00000266997,ENSG00000266997
GUSB,GUSB
ARRDC2,ARRDC2
OCM,OCM
COLEC11,COLEC11
SPC25,SPC25
RWDD4,RWDD4
GKAP1,GKAP1
ATXN2,ATXN2
TRAV8-1,TRAV8-1
GPR78,GPR78
EPG5,EPG5
PODXL2,PODXL2
SLC7A9,SLC7A9
EFCAB6,EFCAB6
SLC25A48,SLC25A48
TADA3,TADA3
IFNA6,IFNA6
TIMM21,TIMM21
MIDN,MIDN
FOSL2,FOSL2
ERGIC1,ERGIC1
SLC6A4,SLC6A4
ARHGEF19,ARHGEF19
GLRB,GLRB
PARP14,PARP14
CLTB,CLTB
OTOGL,OTOGL
ZNF839,ZNF839
ZNF18,ZNF18
DDX59,DDX59
ATR,ATR
DCBLD2,DCBLD2
C9orf84,C9orf84
CHD8,CHD8
NAPA,NAPA
POLR2H,POLR2H
ASB9,ASB9
KLHL7,KLHL7
HDAC7,HDAC7
NME4,NME4
MBNL1,MBNL1
LAGE3,LAGE3
CCDC191,CCDC191
DNAI1,DNAI1
CTSH,CTSH
PTPRK,PTPRK
CCL3L1,CCL3L1
PRPF4,PRPF4
SERHL2,SERHL2
FAM86B2,FAM86B2
ADAMTS12,ADAMTS12
CGB5,CGB5
LRRN4,LRRN4
FOXD4,FOXD4
FAM200B,FAM200B
FAM153A,FAM153A
KIAA1549,KIAA1549
ING1,ING1
LAMC1,LAMC1
MAP9,MAP9
C11orf74,C11orf74
SDCCAG8,SDCCAG8
UBR7,UBR7
TNFRSF9,TNFRSF9
CHST4,CHST4
PCDHB5,PCDHB5
SFT2D2,SFT2D2
PON3,PON3
TMC5,TMC5
BDP1,BDP1
EIF2S1,EIF2S1
CD276,CD276
FAM83E,FAM83E
ZBTB8B,ZBTB8B
FUT9,FUT9
DCTN6,DCTN6
FAM214A,FAM214A
ARHGEF28,ARHGEF28
PKIB,PKIB
CNNM1,CNNM1
MARCH9,MARCH9
ACOX3,ACOX3
CDH16,CDH16
CABP4,CABP4
KRTAP9-8,KRTAP9-8
ALYREF,ALYREF
CYB561D1,CYB561D1
HIST1H2AE,HIST1H2AE
ZYG11B,ZYG11B
LTN1,LTN1
KCNH8,KCNH8
ZNF645,ZNF645
ZNF625,ZNF625
OR5P2,OR5P2
RAB11FIP3,RAB11FIP3
MSL2,MSL2
C12orf54,C12orf54
ZNF69,ZNF69
OR5H15,OR5H15
SLC43A1,SLC43A1
MRGPRX1,MRGPRX1
OTUD7B,OTUD7B
NRG3,NRG3
CCKBR,CCKBR
B2M,B2M
CPT1B,CPT1B
CHTF8,CHTF8
PCDHGB7,PCDHGB7
ZNF395,ZNF395
KMT2C,KMT2C
FOXB2,FOXB2
ENSG00000267216,ENSG00000267216
UBXN10,UBXN10
LANCL2,LANCL2
XAGE2,XAGE2
NELL2,NELL2
OR7A10,OR7A10
CD1A,CD1A
IFNA7,IFNA7
FAM90A1,FAM90A1
ADAM17,ADAM17
HIBCH,HIBCH
TRAF1,TRAF1
ACADL,ACADL
ENSG00000255730,ENSG00000255730
ELOVL1,ELOVL1
BPNT1,BPNT1
XRCC4,XRCC4
FAT4,FAT4
ATRX,ATRX
TEX264,TEX264
TESK1,TESK1
PAMR1,PAMR1
CD2,CD2
ADRB3,ADRB3
TRNAU1AP,TRNAU1AP
C6orf89,C6orf89
CHRM4,CHRM4
FAM129C,FAM129C
FXYD1,FXYD1
TSC22D4,TSC22D4
DEFB115,DEFB115
ITGA6,ITGA6
SPRED2,SPRED2
CACNB2,CACNB2
EZH2,EZH2
ZNF226,ZNF226
XRCC6,XRCC6
P3H1,P3H1
PDCL3,PDCL3
ASIC1,ASIC1
OR51A2,OR51A2
NYAP2,NYAP2
LCN15,LCN15
ENSG00000269095,ENSG00000269095
RPGR,RPGR
KLHL15,KLHL15
AGFG2,AGFG2
THRAP3,THRAP3
UBE2J1,UBE2J1
TUB,TUB
B3GNT9,B3GNT9
TRIM74,TRIM74
PMS2,PMS2
C11orf84,C11orf84
CCNJ,CCNJ
SFRP4,SFRP4
ACTBL2,ACTBL2
SIGLEC15,SIGLEC15
NRSN2,NRSN2
AK9,AK9
FAM214B,FAM214B
AADACL4,AADACL4
CCL1,CCL1
SPN,SPN
CD53,CD53
CT45A3,CT45A3
ANKRD20A2,ANKRD20A2
LDHC,LDHC
DSN1,DSN1
ODAM,ODAM
ANO3,ANO3
KDM5A,KDM5A
DMAC2,DMAC2
PITPNM3,PITPNM3
YWHAB,YWHAB
NPIPB9,NPIPB9
GEN1,GEN1
NSG2,NSG2
EXOC3L2,EXOC3L2
LEP,LEP
ZNF35,ZNF35
UGP2,UGP2
INTS4,INTS4
NOB1,NOB1
BRD8,BRD8
EXOSC10,EXOSC10
RTKN2,RTKN2
CTDSP2,CTDSP2
PSENEN,PSENEN
RNASEH2A,RNASEH2A
KIF4A,KIF4A
ZFP92,ZFP92
IDS,IDS
PRR23C,PRR23C
VIPR2,VIPR2
FAM156A,FAM156A
C11orf86,C11orf86
MTERF2,MTERF2
ACVR2B,ACVR2B
SSR2,SSR2
SLC29A1,SLC29A1
CWC22,CWC22
VN1R1,VN1R1
CD14,CD14
OVOL1,OVOL1
MGAT2,MGAT2
KLHL22,KLHL22
DNAJA3,DNAJA3
OR52R1,OR52R1
HERC6,HERC6
MARVELD1,MARVELD1
EMX2,EMX2
ENSG00000267545,ENSG00000267545
C6orf229,C6orf229
POM121L12,POM121L12
GDE1,GDE1
ADAMTS16,ADAMTS16
GPR4,GPR4
IFT122,IFT122
ENSG00000262302,ENSG00000262302
CHST14,CHST14
GPR22,GPR22
SPEN,SPEN
ENSG00000267173,ENSG00000267173
SLAMF7,SLAMF7
CPNE3,CPNE3
KIR2DL3,KIR2DL3
MIEF1,MIEF1
DDR1,DDR1
ZNF572,ZNF572
ZNF689,ZNF689
VPS29,VPS29
ZRSR2,ZRSR2
GIMAP6,GIMAP6
USP38,USP38
THOP1,THOP1
KDELR1,KDELR1
ZSCAN25,ZSCAN25
KCNJ5,KCNJ5
ZNF773,ZNF773
ROCK1,ROCK1
SYT6,SYT6
SLC17A2,SLC17A2
KTN1,KTN1
RDH14,RDH14
MRM1,MRM1
ENSG00000269547,ENSG00000269547
CAB39L,CAB39L
GPC6,GPC6
GTPBP8,GTPBP8
ARPC1A,ARPC1A
KIF3C,KIF3C
C2orf49,C2orf49
YEATS4,YEATS4
CORO1A,CORO1A
ZNF600,ZNF600
C11orf40,C11orf40
SHKBP1,SHKBP1
PDE4D,PDE4D
HIST1H4G,HIST1H4G
TRDV3,TRDV3
GRHL1,GRHL1
CYP26B1,CYP26B1
TMEM138,TMEM138
MTCH2,MTCH2
ZWILCH,ZWILCH
OSM,OSM
SNX20,SNX20
DNAJC8,DNAJC8
CMIP,CMIP
RMDN1,RMDN1
PRODH2,PRODH2
FBXW4,FBXW4
ZNF688,ZNF688
ASNA1,ASNA1
CYP20A1,CYP20A1
HSPA14,HSPA14
SS18,SS18
HEPHL1,HEPHL1
AKAP11,AKAP11
INTS8,INTS8
DNAJC25,DNAJC25
ATP2B3,ATP2B3
LTBR,LTBR
CRHBP,CRHBP
IRF5,IRF5
HBB,HBB
ZNF80,ZNF80
GRPR,GRPR
TIGIT,TIGIT
FOXQ1,FOXQ1
HSD17B8,HSD17B8
TCL1A,TCL1A
SFXN4,SFXN4
PNMT,PNMT
SLC16A7,SLC16A7
PROX2,PROX2
ZNF593,ZNF593
MUSTN1,MUSTN1
DKK3,DKK3
PTPRZ1,PTPRZ1
HGNC:48971,HGNC:48971
MFHAS1,MFHAS1
DEFB112,DEFB112
FBLN7,FBLN7
PIP5KL1,PIP5KL1
PPP4C,PPP4C
PES1,PES1
SYNPO2L,SYNPO2L
SIAH2,SIAH2
RBM24,RBM24
NUTM2G,NUTM2G
CLDN10,CLDN10
MSANTD1,MSANTD1
PRNP,PRNP
VAMP8,VAMP8
SENP3,SENP3
C4orf51,C4orf51
MDC1,MDC1
ARMC5,ARMC5
OCSTAMP,OCSTAMP
OR4B1,OR4B1
ENSG00000256500,ENSG00000256500
KRTAP11-1,KRTAP11-1
HLCS,HLCS
HS3ST4,HS3ST4
ENSG00000258064,ENSG00000258064
TWIST2,TWIST2
SARNP,SARNP
VWA5B1,VWA5B1
OR2H2,OR2H2
TMEM170B,TMEM170B
ACSBG2,ACSBG2
CASP5,CASP5
URGCP,URGCP
HGNC:23831,HGNC:23831
PSG9,PSG9
NFE2L1,NFE2L1
REEP3,REEP3
ENSG00000270099,ENSG00000270099
ADGRB2,ADGRB2
SCML1,SCML1
ARL13A,ARL13A
OR7E24,OR7E24
UGT2B4,UGT2B4
WDR89,WDR89
BST1,BST1
LGALS9C,LGALS9C
HMGB4,HMGB4
OR4F4,OR4F4
ASCC3,ASCC3
SYCP2,SYCP2
WDR13,WDR13
JPH4,JPH4
TIMM8B,TIMM8B
LRIF1,LRIF1
MSLNL,MSLNL
BAIAP2L2,BAIAP2L2
NCAPH2,NCAPH2
TFE3,TFE3
HEXA,HEXA
FAM72A,FAM72A
UNC50,UNC50
PLPP2,PLPP2
NSRP1,NSRP1
THEGL,THEGL
FHOD3,FHOD3
GOLT1A,GOLT1A
ADAM15,ADAM15
C20orf194,C20orf194
USP51,USP51
FA2H,FA2H
SDHA,SDHA
ZNF132,ZNF132
EFR3A,EFR3A
MYBBP1A,MYBBP1A
DEFB133,DEFB133
SCN10A,SCN10A
STEAP4,STEAP4
DDX4,DDX4
COX7A2,COX7A2
OR10W1,OR10W1
BTN3A3,BTN3A3
GRIN2A,GRIN2A
CDRT4,CDRT4
DEFB116,DEFB116
PRRG1,PRRG1
TAF8,TAF8
COL22A1,COL22A1
ZNF354C,ZNF354C
UBE2G1,UBE2G1
LRRC30,LRRC30
MRM3,MRM3
FBXO43,FBXO43
CD207,CD207
B9D2,B9D2
ELAVL2,ELAVL2
GLYR1,GLYR1
SCNM1,SCNM1
OR10Q1,OR10Q1
OR1J4,OR1J4
IGFBP7,IGFBP7
ESR2,ESR2
SOX13,SOX13
C3orf33,C3orf33
COL7A1,COL7A1
ENSG00000264545,ENSG00000264545
SIK1,SIK1
PDE12,PDE12
ENSG00000260371,ENSG00000260371
NKX2-1,NKX2-1
NOP56,NOP56
SLC7A10,SLC7A10
STK35,STK35
AMY1A,AMY1A
SMCR8,SMCR8
SERPINA9,SERPINA9
RAE1,RAE1
EEF1E1,EEF1E1
SPRTN,SPRTN
HACD4,HACD4
WDR4,WDR4
PPARD,PPARD
ATP5L2,ATP5L2
SCRN3,SCRN3
KCNK5,KCNK5
MRPL44,MRPL44
EIF4E2,EIF4E2
EXOSC7,EXOSC7
WRNIP1,WRNIP1
ZNF180,ZNF180
SPATA19,SPATA19
OR5D16,OR5D16
SLC13A1,SLC13A1
PCDHA1,PCDHA1
HMGCR,HMGCR
OR13C5,OR13C5
DCHS2,DCHS2
MRC1,MRC1
TRAPPC6B,TRAPPC6B
INAFM1,INAFM1
ZNF286B,ZNF286B
CSTF2,CSTF2
SLC2A7,SLC2A7
MIPEP,MIPEP
ARSH,ARSH
BCO1,BCO1
FRG2C,FRG2C
C1QA,C1QA
CD1C,CD1C
LPIN1,LPIN1
LCP1,LCP1
PUS7L,PUS7L
CFD,CFD
CASS4,CASS4
CDK11A,CDK11A
VRK2,VRK2
HGNC:21179,HGNC:21179
INSR,INSR
PDYN,PDYN
POLA2,POLA2
KRT77,KRT77
IL34,IL34
RAB3D,RAB3D
ZNF829,ZNF829
TMC7,TMC7
TBC1D30,TBC1D30
TNFSF18,TNFSF18
PEX7,PEX7
TXLNA,TXLNA
ALG1,ALG1
SCGB1D1,SCGB1D1
C20orf141,C20orf141
ARHGAP11B,ARHGAP11B
CDH4,CDH4
EFCC1,EFCC1
SETMAR,SETMAR
SLC35B3,SLC35B3
RPIA,RPIA
FXR1,FXR1
IQCC,IQCC
HOXD10,HOXD10
SEPT8,SEPT8
ATG4B,ATG4B
RNF214,RNF214
CACHD1,CACHD1
TK1,TK1
ASTL,ASTL
BTNL3,BTNL3
PEX1,PEX1
C1QTNF5,C1QTNF5
PPA2,PPA2
KRTAP4-4,KRTAP4-4
NBPF15,NBPF15
BATF2,BATF2
ZNF433,ZNF433
GSTM3,GSTM3
DENND4C,DENND4C
TBC1D4,TBC1D4
WDFY1,WDFY1
TDRD12,TDRD12
ZNF652,ZNF652
AMPD2,AMPD2
CSRNP2,CSRNP2
SFXN1,SFXN1
LRRC23,LRRC23
GCGR,GCGR
SLCO1C1,SLCO1C1
UPF3A,UPF3A
IGLV8-61,IGLV8-61
TNRC6C,TNRC6C
DNAJC5G,DNAJC5G
TBC1D21,TBC1D21
DNAH12,DNAH12
FCHO2,FCHO2
CD300E,CD300E
HDHD3,HDHD3
OR10C1,OR10C1
HGNC:20358,HGNC:20358
SAP30BP,SAP30BP
NANP,NANP
MPV17L2,MPV17L2
PSMD14,PSMD14
ADGB,ADGB
KRT32,KRT32
KIF17,KIF17
CAAP1,CAAP1
LY6H,LY6H
PIGM,PIGM
HPCA,HPCA
SLC22A1,SLC22A1
ZNF189,ZNF189
TAS2R14,TAS2R14
CKLF,CKLF
GPR155,GPR155
TRBV6-5,TRBV6-5
TRMT112,TRMT112
NIT2,NIT2
BTG1,BTG1
CREB5,CREB5
PTRH1,PTRH1
NLRP5,NLRP5
NUTM1,NUTM1
PPARA,PPARA
GYPE,GYPE
PCDH19,PCDH19
FBXL12,FBXL12
MS4A8,MS4A8
HOXC13,HOXC13
MKRN3,MKRN3
RNMT,RNMT
CBLC,CBLC
HGNC:26630,HGNC:26630
RICTOR,RICTOR
HGNC:28582,HGNC:28582
RHOG,RHOG
GRSF1,GRSF1
CPSF6,CPSF6
CACUL1,CACUL1
TSPAN16,TSPAN16
UBE2F,UBE2F
MON1B,MON1B
HYKK,HYKK
PLD2,PLD2
RADIL,RADIL
TMEM9,TMEM9
CCDC178,CCDC178
GALNTL6,GALNTL6
REEP4,REEP4
GALNT3,GALNT3
YBX3,YBX3
APBA3,APBA3
C2orf16,C2orf16
C6orf47,C6orf47
ZP4,ZP4
RCBTB1,RCBTB1
SLC5A11,SLC5A11
RFWD3,RFWD3
TRMT6,TRMT6
SP8,SP8
IL17RC,IL17RC
NQO1,NQO1
HIPK1,HIPK1
PHKG1,PHKG1
USP27X,USP27X
KRTAP10-4,KRTAP10-4
KAZN,KAZN
COQ4,COQ4
BBC3,BBC3
PCBP1,PCBP1
TIGD6,TIGD6
MYNN,MYNN
SMAP1,SMAP1
UBE2D3,UBE2D3
PIK3R3,PIK3R3
FGFBP2,FGFBP2
RING1,RING1
ATAT1,ATAT1
SPOUT1,SPOUT1
KISS1R,KISS1R
WDR59,WDR59
DNAH6,DNAH6
PLS3,PLS3
TMEM39B,TMEM39B
BLOC1S3,BLOC1S3
TMEM260,TMEM260
TXNDC16,TXNDC16
ATP6V1E1,ATP6V1E1
MRPL42,MRPL42
BMP6,BMP6
IRF2BP1,IRF2BP1
RNLS,RNLS
LILRA3,LILRA3
TMED6,TMED6
ENSG00000250264,ENSG00000250264
PERP,PERP
PTK6,PTK6
YRDC,YRDC
DCXR,DCXR
LBP,LBP
CCT3,CCT3
CSRP1,CSRP1
CATSPERZ,CATSPERZ
ARHGAP40,ARHGAP40
TNFSF15,TNFSF15
KRTAP19-7,KRTAP19-7
C21orf140,C21orf140
HTRA4,HTRA4
HIBADH,HIBADH
GLUL,GLUL
NR2C2,NR2C2
ANKRD54,ANKRD54
ZDHHC9,ZDHHC9
RNF31,RNF31
RPS6,RPS6
ENSG00000259529,ENSG00000259529
MED6,MED6
RPS15A,RPS15A
FRZB,FRZB
RERG,RERG
SARS,SARS
THAP9,THAP9
SHISA3,SHISA3
PRM2,PRM2
FHDC1,FHDC1
HGNC:23395,HGNC:23395
IMP3,IMP3
MRO,MRO
REPS1,REPS1
HIST1H1E,HIST1H1E
SND1,SND1
ZNF251,ZNF251
CDADC1,CDADC1
ETFB,ETFB
SMCO1,SMCO1
LMO2,LMO2
CCDC170,CCDC170
TCEANC,TCEANC
MMGT1,MMGT1
GDI1,GDI1
STX17,STX17
INTS6,INTS6
RUFY4,RUFY4
CCDC25,CCDC25
CHRDL2,CHRDL2
KCTD6,KCTD6
ZNF827,ZNF827
NDST2,NDST2
SGTB,SGTB
CNPPD1,CNPPD1
TRAJ31,TRAJ31
MCM3AP,MCM3AP
C3orf67,C3orf67
ANKDD1B,ANKDD1B
MED17,MED17
EXOSC6,EXOSC6
TRPM6,TRPM6
INTS2,INTS2
PCDHA10,PCDHA10
VPS26B,VPS26B
MPHOSPH8,MPHOSPH8
TUBA8,TUBA8
ALS2,ALS2
ENSG00000267881,ENSG00000267881
SERPINB9,SERPINB9
OR51F2,OR51F2
RHBDL2,RHBDL2
CLASP1,CLASP1
DAPK2,DAPK2
EDEM1,EDEM1
MT1G,MT1G
ASCC1,ASCC1
UBXN6,UBXN6
RCC1L,RCC1L
GPR12,GPR12
CD3D,CD3D
PCBP3,PCBP3
GPNMB,GPNMB
PDXP,PDXP
FZD10,FZD10
ADM5,ADM5
ANKS4B,ANKS4B
CFAP43,CFAP43
ZCCHC17,ZCCHC17
NR5A2,NR5A2
INSIG2,INSIG2
SRP19,SRP19
CENPT,CENPT
PPP1R3A,PPP1R3A
COL21A1,COL21A1
EIF2AK4,EIF2AK4
ARID4A,ARID4A
GZF1,GZF1
ETNK2,ETNK2
ZNF229,ZNF229
KCNG4,KCNG4
WNT2B,WNT2B
ITIH1,ITIH1
SERAC1,SERAC1
HMOX2,HMOX2
KMT2D,KMT2D
FCER2,FCER2
GSTA3,GSTA3
PSME4,PSME4
TUBGCP5,TUBGCP5
DDN,DDN
DCTN5,DCTN5
DYNLT3,DYNLT3
TNIP1,TNIP1
NR1H3,NR1H3
ARL1,ARL1
IBSP,IBSP
INTS13,INTS13
TMEM88,TMEM88
PRKCQ,PRKCQ
DYNAP,DYNAP
ST5,ST5
SSH1,SSH1
MAGEB2,MAGEB2
CLPTM1L,CLPTM1L
SEMA3D,SEMA3D
PRR15,PRR15
TRGV1,TRGV1
ZNF124,ZNF124
APOBEC3G,APOBEC3G
LYPD6,LYPD6
ASAH2,ASAH2
GPC5,GPC5
TDRD10,TDRD10
FANCC,FANCC
MAPKAPK3,MAPKAPK3
OPRD1,OPRD1
FAM53B,FAM53B
PPM1N,PPM1N
APOBEC3D,APOBEC3D
RAD17,RAD17
DEFB126,DEFB126
METTL24,METTL24
RAB9A,RAB9A
HSFY1,HSFY1
MRPL51,MRPL51
RUNDC3A,RUNDC3A
PCDHA4,PCDHA4
PJVK,PJVK
KLF1,KLF1
GGN,GGN
ENSG00000256206,ENSG00000256206
IL20RB,IL20RB
LGALS3,LGALS3
NTSR1,NTSR1
S100Z,S100Z
FXYD6,FXYD6
C5orf56,C5orf56
CPN1,CPN1
PAN2,PAN2
IGHV4-39,IGHV4-39
MARC1,MARC1
ESPNL,ESPNL
OR9G1,OR9G1
SATB2,SATB2
TRAJ14,TRAJ14
MRPS35,MRPS35
SLN,SLN
PPP2R2C,PPP2R2C
SYT9,SYT9
BTBD10,BTBD10
SFI1,SFI1
ZNF267,ZNF267
ADAM23,ADAM23
KIFC3,KIFC3
FAM71E1,FAM71E1
KBTBD13,KBTBD13
SCN11A,SCN11A
ADCY5,ADCY5
ENSG00000261717,ENSG00000261717
LARP1B,LARP1B
TM2D2,TM2D2
ENSG00000241489,ENSG00000241489
OR2T7,OR2T7
ANGPTL4,ANGPTL4
SEC16B,SEC16B
RIT1,RIT1
C1orf74,C1orf74
NUDT5,NUDT5
FAM9A,FAM9A
PPIAL4A,PPIAL4A
TET1,TET1
NOL6,NOL6
GABARAPL1,GABARAPL1
ZNF91,ZNF91
FKBPL,FKBPL
UIMC1,UIMC1
UBR5,UBR5
SLC38A8,SLC38A8
ZNF222,ZNF222
ECSIT,ECSIT
RTP2,RTP2
ACADVL,ACADVL
TCTE3,TCTE3
TRBV23-1,TRBV23-1
ZP2,ZP2
FAM76B,FAM76B
ANKS3,ANKS3
FBXO25,FBXO25
CCDC167,CCDC167
NFS1,NFS1
KRTAP22-2,KRTAP22-2
RERGL,RERGL
UBE2R2,UBE2R2
TBX1,TBX1
POU6F2,POU6F2
EDRF1,EDRF1
ATP5C1,ATP5C1
FOXP3,FOXP3
ATF7,ATF7
DLST,DLST
LARS2,LARS2
CCHCR1,CCHCR1
C6orf120,C6orf120
MORC2,MORC2
MEFV,MEFV
EWSR1,EWSR1
ZNF764,ZNF764
USP6NL,USP6NL
PROSER2,PROSER2
PTH2,PTH2
ATP6V1G2,ATP6V1G2
CBLL1,CBLL1
YAE1D1,YAE1D1
AQP6,AQP6
FECH,FECH
KLRG2,KLRG2
DHDH,DHDH
TNFRSF10C,TNFRSF10C
TTC34,TTC34
SEC24B,SEC24B
OR4F16,OR4F16
TMEM59,TMEM59
FGFR3,FGFR3
NKX3-2,NKX3-2
ZBTB6,ZBTB6
MLKL,MLKL
PRAC1,PRAC1
PKHD1,PKHD1
TAS2R60,TAS2R60
AMY2A,AMY2A
COL15A1,COL15A1
C2CD4D,C2CD4D
TAF11,TAF11
LUC7L2,LUC7L2
UBXN2B,UBXN2B
HSPB2-C11orf52,HSPB2-C11orf52
TRIM26,TRIM26
SEMG2,SEMG2
SLC6A9,SLC6A9
ENSG00000256825,ENSG00000256825
SNAI3,SNAI3
OCIAD1,OCIAD1
ANKRD30BL,ANKRD30BL
GPR151,GPR151
UCN,UCN
CHRNE,CHRNE
SNX19,SNX19
UFC1,UFC1
SLC4A11,SLC4A11
TDRD3,TDRD3
CHPF,CHPF
COMMD4,COMMD4
PPP2CB,PPP2CB
HGNC:18372,HGNC:18372
JPH3,JPH3
CHGA,CHGA
MIER3,MIER3
TIMP2,TIMP2
CPA5,CPA5
C2CD4C,C2CD4C
GSC,GSC
RETSAT,RETSAT
TMEM44,TMEM44
DNAJC9,DNAJC9
HCRTR1,HCRTR1
TEPP,TEPP
GNG10,GNG10
MRS2,MRS2
CPA2,CPA2
PLIN4,PLIN4
TFAP2D,TFAP2D
RARG,RARG
OPN3,OPN3
LTC4S,LTC4S
CUL5,CUL5
SUPT5H,SUPT5H
KLHL26,KLHL26
WNT9A,WNT9A
OSGIN2,OSGIN2
TRAV2,TRAV2
MPP2,MPP2
BABAM1,BABAM1
PLEKHA1,PLEKHA1
GATM,GATM
ST7,ST7
PAM16,PAM16
ABCA3,ABCA3
ZNF138,ZNF138
KRT16,KRT16
GSPT1,GSPT1
ZBTB46,ZBTB46
TCEAL4,TCEAL4
STK25,STK25
ANKLE2,ANKLE2
OR13C3,OR13C3
TTC22,TTC22
UHRF2,UHRF2
TTC28,TTC28
CCDC183,CCDC183
NDP,NDP
KRT40,KRT40
CPE,CPE
LELP1,LELP1
TERT,TERT
PPIL1,PPIL1
C9orf66,C9orf66
COL24A1,COL24A1
B3GNT7,B3GNT7
UPF2,UPF2
TMEM185B,TMEM185B
DDR2,DDR2
NCKAP5,NCKAP5
SNIP1,SNIP1
TAGAP,TAGAP
CEND1,CEND1
TYK2,TYK2
RPGRIP1,RPGRIP1
MRPL34,MRPL34
CNPY4,CNPY4
OSER1,OSER1
NEURL2,NEURL2
TMEM50A,TMEM50A
IGHG1,IGHG1
MLLT3,MLLT3
CCDC71,CCDC71
RNF145,RNF145
ACTR3,ACTR3
CEP135,CEP135
YME1L1,YME1L1
ATPAF1,ATPAF1
CEMIP,CEMIP
TNNT1,TNNT1
UNC80,UNC80
NEK9,NEK9
PYGO1,PYGO1
MCCC1,MCCC1
YJEFN3,YJEFN3
NRG4,NRG4
COPS9,COPS9
TAS2R10,TAS2R10
CYB5A,CYB5A
KCNE4,KCNE4
PRKCI,PRKCI
STK17A,STK17A
JAGN1,JAGN1
FBXO18,FBXO18
ABCB5,ABCB5
PAQR5,PAQR5
GM2A,GM2A
CPSF4,CPSF4
XCL2,XCL2
ZNF385A,ZNF385A
CRIP3,CRIP3
CADM4,CADM4
MCHR1,MCHR1
ICAM1,ICAM1
MOV10,MOV10
RASIP1,RASIP1
KREMEN1,KREMEN1
OR6C70,OR6C70
UTY,UTY
THBD,THBD
TCHHL1,TCHHL1
IGKV1-17,IGKV1-17
RALY,RALY
OPALIN,OPALIN
NKAPL,NKAPL
APOA2,APOA2
SPATA48,SPATA48
GCC1,GCC1
FAM180B,FAM180B
C1orf122,C1orf122
EXOSC9,EXOSC9
GRIN3B,GRIN3B
H1F0,H1F0
ANOS1,ANOS1
NKX1-2,NKX1-2
NEIL3,NEIL3
CYLD,CYLD
CTAG2,CTAG2
CIB4,CIB4
PRSS12,PRSS12
HYAL4,HYAL4
PRDM11,PRDM11
EHD1,EHD1
TGM5,TGM5
PFN3,PFN3
CXXC4,CXXC4
BRDT,BRDT
FRG2,FRG2
XRRA1,XRRA1
FCAR,FCAR
MX1,MX1
EEF1D,EEF1D
AGPAT3,AGPAT3
PRELP,PRELP
ST3GAL5,ST3GAL5
MARCH7,MARCH7
MRPL57,MRPL57
COLCA2,COLCA2
MCMBP,MCMBP
KRTAP4-2,KRTAP4-2
NDUFS7,NDUFS7
ENY2,ENY2
MDGA2,MDGA2
GRHL3,GRHL3
EOMES,EOMES
HIST2H3C,HIST2H3C
ZFAND2A,ZFAND2A
DNAL4,DNAL4
CAMK1,CAMK1
RNF139,RNF139
PRKCA,PRKCA
IGFL3,IGFL3
PHB2,PHB2
SIRPD,SIRPD
ELMO2,ELMO2
CCDC42,CCDC42
ABLIM2,ABLIM2
HSPB3,HSPB3
FAM181B,FAM181B
KPRP,KPRP
KCNT1,KCNT1
TACR1,TACR1
FRA10AC1,FRA10AC1
GLIS3,GLIS3
DENR,DENR
LOX,LOX
UXS1,UXS1
ACVR1B,ACVR1B
FN1,FN1
NUDT6,NUDT6
ASH2L,ASH2L
ALOXE3,ALOXE3
GGTLC1,GGTLC1
PLA2G4B,PLA2G4B
OLAH,OLAH
BLID,BLID
DHX34,DHX34
RBM46,RBM46
LRRC75B,LRRC75B
KIF9,KIF9
CYB561A3,CYB561A3
IGKV3OR2-268,IGKV3OR2-268
RPS21,RPS21
ZSCAN9,ZSCAN9
CKS2,CKS2
CAMKMT,CAMKMT
NOM1,NOM1
TMEM167A,TMEM167A
ZPR1,ZPR1
ASB1,ASB1
ESR1,ESR1
JMJD1C,JMJD1C
AR,AR
HSPB11,HSPB11
HGNC:13747,HGNC:13747
PHOX2A,PHOX2A
C6orf52,C6orf52
RPS5,RPS5
SPRY3,SPRY3
RASGEF1C,RASGEF1C
TMEM119,TMEM119
CD300LD,CD300LD
MRPL2,MRPL2
PRPF4B,PRPF4B
IL15RA,IL15RA
CATSPERB,CATSPERB
CPNE1,CPNE1
AOC3,AOC3
TM4SF5,TM4SF5
VIRMA,VIRMA
UVSSA,UVSSA
KBTBD7,KBTBD7
FMR1NB,FMR1NB
UVRAG,UVRAG
KLF8,KLF8
GINS4,GINS4
MYH13,MYH13
IL17D,IL17D
GH2,GH2
SORBS2,SORBS2
PTK7,PTK7
CDK9,CDK9
RPL21,RPL21
FBXL16,FBXL16
ABCC8,ABCC8
HP,HP
PIGS,PIGS
FGB,FGB
ENSG00000228144,ENSG00000228144
TMEM147,TMEM147
SRGN,SRGN
NLGN4X,NLGN4X
COL11A1,COL11A1
ENPP2,ENPP2
NDN,NDN
MEGF6,MEGF6
ENSG00000258989,ENSG00000258989
CCDC113,CCDC113
SLC25A41,SLC25A41
SRPRA,SRPRA
UBE3B,UBE3B
HES4,HES4
CXCR5,CXCR5
PLSCR3,PLSCR3
PDE1B,PDE1B
SFRP2,SFRP2
SAMD14,SAMD14
POLR3K,POLR3K
BANK1,BANK1
GPR15,GPR15
REG1B,REG1B
ZBTB16,ZBTB16
LSM3,LSM3
MARVELD3,MARVELD3
NFXL1,NFXL1
HHEX,HHEX
LRRN3,LRRN3
GPR152,GPR152
JUN,JUN
KPTN,KPTN
SCG5,SCG5
AVPR2,AVPR2
GABRA3,GABRA3
SMG7,SMG7
WNT8A,WNT8A
PRKAR2A,PRKAR2A
WDR12,WDR12
PIK3IP1,PIK3IP1
POLE4,POLE4
GIF,GIF
CLCN5,CLCN5
LY86,LY86
C2orf88,C2orf88
CHKA,CHKA
SPEF1,SPEF1
CTHRC1,CTHRC1
NDUFB10,NDUFB10
SERPINA11,SERPINA11
TBX19,TBX19
RAC3,RAC3
KRTAP5-5,KRTAP5-5
BPIFB4,BPIFB4
GLT1D1,GLT1D1
SLC27A2,SLC27A2
STMN3,STMN3
ENSG00000279956,ENSG00000279956
SMIM11B,SMIM11B
MRPS22,MRPS22
CBY1,CBY1
GPR3,GPR3
ZNF648,ZNF648
NOBOX,NOBOX
OSTC,OSTC
AFF3,AFF3
CCR9,CCR9
PCDHB1,PCDHB1
RAN,RAN
ATF5,ATF5
TRIB1,TRIB1
C8orf33,C8orf33
PLRG1,PLRG1
PTTG1,PTTG1
COL10A1,COL10A1
UBA3,UBA3
PLEKHG1,PLEKHG1
AQP2,AQP2
ITPK1,ITPK1
ID2,ID2
ARNTL,ARNTL
BHLHA9,BHLHA9
CCNA2,CCNA2
NR1H2,NR1H2
MRPL21,MRPL21
RAPGEF4,RAPGEF4
TSKU,TSKU
F11R,F11R
IFT80,IFT80
PSPN,PSPN
GTF3C2,GTF3C2
IFNE,IFNE
HBA1,HBA1
ZNF320,ZNF320
PDE4A,PDE4A
IL37,IL37
IGF1,IGF1
TBPL1,TBPL1
SCRT1,SCRT1
PGR,PGR
TMEM175,TMEM175
HIST2H2BF,HIST2H2BF
SULT6B1,SULT6B1
RBM14,RBM14
SWT1,SWT1
SLC19A3,SLC19A3
NADSYN1,NADSYN1
C15orf40,C15orf40
APBA2,APBA2
CHMP3,CHMP3
SERPINB12,SERPINB12
ZNF791,ZNF791
SMG9,SMG9
AGA,AGA
TECRL,TECRL
MUC22,MUC22
GLDC,GLDC
WDYHV1,WDYHV1
FOXA1,FOXA1
TRAJ32,TRAJ32
FAM207A,FAM207A
TPO,TPO
SUMO3,SUMO3
CD40,CD40
JADE2,JADE2
PPP1R3B,PPP1R3B
ENSG00000255432,ENSG00000255432
SLFN12L,SLFN12L
NME7,NME7
TSPYL5,TSPYL5
NXT2,NXT2
PPP1R1A,PPP1R1A
TTBK1,TTBK1
STK26,STK26
CHCHD3,CHCHD3
KIAA2013,KIAA2013
ATP5H,ATP5H
OR4F21,OR4F21
SRY,SRY
CCND1,CCND1
KRTAP4-9,KRTAP4-9
C17orf78,C17orf78
PUS3,PUS3
OTUB1,OTUB1
TBC1D12,TBC1D12
NT5DC2,NT5DC2
FAM69C,FAM69C
GALR3,GALR3
PHOX2B,PHOX2B
CA3,CA3
AZIN1,AZIN1
PXYLP1,PXYLP1
DAXX,DAXX
DNM1,DNM1
PRKD2,PRKD2
CAPN12,CAPN12
PRSS54,PRSS54
SAA4,SAA4
RAB11B,RAB11B
MYO7A,MYO7A
HSF2,HSF2
C6orf163,C6orf163
LPIN3,LPIN3
JSRP1,JSRP1
SLC39A3,SLC39A3
HSD17B3,HSD17B3
GOLGA7B,GOLGA7B
SWAP70,SWAP70
SDS,SDS
PSMB6,PSMB6
OR2W1,OR2W1
FARS2,FARS2
CASP3,CASP3
CASP12,CASP12
SH2B1,SH2B1
CCBE1,CCBE1
SCHIP1,SCHIP1
SELPLG,SELPLG
TSPAN15,TSPAN15
TGFBRAP1,TGFBRAP1
CLDN16,CLDN16
SMOC2,SMOC2
RHOJ,RHOJ
RPL23A,RPL23A
RHOD,RHOD
IGKV3D-20,IGKV3D-20
STOM,STOM
VSIG8,VSIG8
DNAJC5B,DNAJC5B
TESC,TESC
CNTNAP3,CNTNAP3
GP6,GP6
MTDH,MTDH
KRTAP5-3,KRTAP5-3
CFAP161,CFAP161
STX5,STX5
FNTB,FNTB
ALKBH5,ALKBH5
DHX15,DHX15
SLC24A5,SLC24A5
ATG4C,ATG4C
TSPAN1,TSPAN1
PLXNA1,PLXNA1
TM4SF19,TM4SF19
AGR3,AGR3
SNCA,SNCA
FBN2,FBN2
ZNF487,ZNF487
TMEM223,TMEM223
PPP1R12A,PPP1R12A
FAM216B,FAM216B
OR7C1,OR7C1
IFT27,IFT27
ZNF454,ZNF454
GPR85,GPR85
IPO9,IPO9
ERMAP,ERMAP
SLC25A20,SLC25A20
NRF1,NRF1
IRAK2,IRAK2
GLI1,GLI1
RFFL,RFFL
SOX9,SOX9
CCSER2,CCSER2
S100B,S100B
BUB1,BUB1
COMMD6,COMMD6
LTB4R2,LTB4R2
RNF166,RNF166
ZNF419,ZNF419
CDK5RAP1,CDK5RAP1
EDC3,EDC3
CASQ2,CASQ2
TM2D1,TM2D1
PTS,PTS
ZNF765,ZNF765
PAPD4,PAPD4
YIPF7,YIPF7
CUEDC1,CUEDC1
SF1,SF1
CAMTA2,CAMTA2
KIF2A,KIF2A
HIST1H2BK,HIST1H2BK
RUNX1,RUNX1
DIO1,DIO1
C1orf216,C1orf216
HES3,HES3
CTAGE1,CTAGE1
PLA2G16,PLA2G16
PRSS57,PRSS57
WARS2,WARS2
GK5,GK5
PCCB,PCCB
MSL1,MSL1
SAGE1,SAGE1
OR6C6,OR6C6
LRCH1,LRCH1
CAPN9,CAPN9
ASXL3,ASXL3
TOMM20L,TOMM20L
UNC13D,UNC13D
KRTAP10-12,KRTAP10-12
RAB28,RAB28
SH3KBP1,SH3KBP1
CDKN3,CDKN3
CCL2,CCL2
HGNC:38686,HGNC:38686
SLC13A4,SLC13A4
SYT8,SYT8
OR4D6,OR4D6
OR56A1,OR56A1
TMED4,TMED4
KRT74,KRT74
SPCS3,SPCS3
SNED1,SNED1
DTX2,DTX2
ENSG00000258130,ENSG00000258130
ENSG00000260272,ENSG00000260272
TMEM202,TMEM202
NYAP1,NYAP1
FLCN,FLCN
CTSB,CTSB
PIKFYVE,PIKFYVE
ZSCAN2,ZSCAN2
ZNF780B,ZNF780B
SLC17A4,SLC17A4
GHR,GHR
ARHGAP24,ARHGAP24
GAL3ST4,GAL3ST4
ZNF551,ZNF551
PGLYRP1,PGLYRP1
THEMIS,THEMIS
TCF23,TCF23
MAPK6,MAPK6
SNRNP48,SNRNP48
CSTF3,CSTF3
DKK4,DKK4
PRKCD,PRKCD
TCTEX1D4,TCTEX1D4
TMEM105,TMEM105
DVL2,DVL2
TCF19,TCF19
CERCAM,CERCAM
PCDHA7,PCDHA7
EME2,EME2
SEL1L3,SEL1L3
ENSG00000273269,ENSG00000273269
NFAM1,NFAM1
MRPS25,MRPS25
ITGA9,ITGA9
SGPP1,SGPP1
TMEM125,TMEM125
IL12B,IL12B
ACTG2,ACTG2
SHH,SHH
C7orf33,C7orf33
CHUK,CHUK
HECTD2,HECTD2
HGNC:32061,HGNC:32061
CTCFL,CTCFL
ZNF563,ZNF563
MPPED2,MPPED2
LY6G5B,LY6G5B
ZNF676,ZNF676
P3H2,P3H2
PSG4,PSG4
CILP,CILP
IL1RAPL2,IL1RAPL2
MADCAM1,MADCAM1
PRSS58,PRSS58
SRSF2,SRSF2
OR8B4,OR8B4
OR14A2,OR14A2
MS4A3,MS4A3
VSTM2L,VSTM2L
ANKHD1,ANKHD1
PEMT,PEMT
ATP5J2-PTCD1,ATP5J2-PTCD1
PHF20L1,PHF20L1
LRIG1,LRIG1
TNP2,TNP2
TRMT5,TRMT5
SYS1,SYS1
THBS1,THBS1
PMVK,PMVK
BCS1L,BCS1L
MEIOC,MEIOC
TFAP4,TFAP4
IGHV2-70,IGHV2-70
TRAJ19,TRAJ19
CD99,CD99
MYL9,MYL9
VPS37A,VPS37A
LAIR1,LAIR1
TFF2,TFF2
ASB10,ASB10
SERPINB13,SERPINB13
HEPH,HEPH
PGAP1,PGAP1
LRP1B,LRP1B
ZNF613,ZNF613
VWA5A,VWA5A
FKBP11,FKBP11
TMEM267,TMEM267
IKZF2,IKZF2
MGAT4D,MGAT4D
KIF13B,KIF13B
OR10A2,OR10A2
KYAT1,KYAT1
GPX2,GPX2
KCNMB2,KCNMB2
MKL1,MKL1
ZIC2,ZIC2
DSC1,DSC1
NICN1,NICN1
RPL35A,RPL35A
PPCS,PPCS
USPL1,USPL1
MAGEB1,MAGEB1
DNASE1L3,DNASE1L3
PTCH1,PTCH1
TNFSF8,TNFSF8
TMEM244,TMEM244
ABCC2,ABCC2
TSPYL1,TSPYL1
IGLJ1,IGLJ1
NPY,NPY
ST6GALNAC4,ST6GALNAC4
ANXA7,ANXA7
CEP295,CEP295
ARFGEF1,ARFGEF1
EPM2AIP1,EPM2AIP1
ANKFN1,ANKFN1
MYL6B,MYL6B
MCF2,MCF2
ACO1,ACO1
UMOD,UMOD
COL18A1,COL18A1
LIPM,LIPM
MOCS3,MOCS3
ELL2,ELL2
ZNF2,ZNF2
CCDC134,CCDC134
UPP2,UPP2
ZNF891,ZNF891
OR5A1,OR5A1
RTL6,RTL6
FAM231B,FAM231B
HGNC:49509,HGNC:49509
MME,MME
RASGRP2,RASGRP2
BCKDK,BCKDK
MYH2,MYH2
SLCO2A1,SLCO2A1
FAM228A,FAM228A
PTGFRN,PTGFRN
DMGDH,DMGDH
DMRT1,DMRT1
OR2A12,OR2A12
IGHA1,IGHA1
MLF2,MLF2
TAF9,TAF9
C3orf30,C3orf30
PROP1,PROP1
RANBP6,RANBP6
TTC17,TTC17
WDFY4,WDFY4
COX7A2L,COX7A2L
CHD7,CHD7
ATF3,ATF3
IL36A,IL36A
WDR38,WDR38
CYP3A43,CYP3A43
KRT3,KRT3
HGNC:29553,HGNC:29553
ARHGEF1,ARHGEF1
SBF1,SBF1
NDUFA6,NDUFA6
DNAH8,DNAH8
PKN3,PKN3
FADD,FADD
SPINK1,SPINK1
FAM45A,FAM45A
OAS3,OAS3
TNFAIP2,TNFAIP2
MDH2,MDH2
IL4I1,IL4I1
BEND2,BEND2
PLA2G10,PLA2G10
CLEC4M,CLEC4M
CENPL,CENPL
NBN,NBN
PPM1H,PPM1H
EYS,EYS
KLF2,KLF2
TAB1,TAB1
SAMD10,SAMD10
SYTL1,SYTL1
TRAJ28,TRAJ28
AVPR1A,AVPR1A
GMNC,GMNC
TRAV8-3,TRAV8-3
TRPC7,TRPC7
ENSG00000276418,ENSG00000276418
CRYAB,CRYAB
HAGH,HAGH
HMGCLL1,HMGCLL1
DIRAS1,DIRAS1
PPFIA4,PPFIA4
NOL12,NOL12
HGH1,HGH1
HHIPL2,HHIPL2
DNAJA4,DNAJA4
NREP,NREP
ZNF24,ZNF24
NDRG4,NDRG4
C8orf44,C8orf44
TMEM35A,TMEM35A
EEF1A1,EEF1A1
IER5L,IER5L
EHMT2,EHMT2
ACOT13,ACOT13
FANCG,FANCG
MED25,MED25
ARSA,ARSA
EDN2,EDN2
TRGV10,TRGV10
CLDN20,CLDN20
SFPQ,SFPQ
ANKRD17,ANKRD17
C2orf80,C2orf80
SH3TC1,SH3TC1
SLC22A17,SLC22A17
DISP3,DISP3
GP2,GP2
ADAMTS10,ADAMTS10
ETV4,ETV4
ANKRD13D,ANKRD13D
MEP1B,MEP1B
MAPK1,MAPK1
RANGAP1,RANGAP1
PPEF2,PPEF2
ENSG00000244255,ENSG00000244255
ENSG00000255663,ENSG00000255663
MEOX1,MEOX1
PRR36,PRR36
NEK7,NEK7
FRS3,FRS3
OR5T2,OR5T2
GOLGA6L4,GOLGA6L4
SMIM11A,SMIM11A
OR8B2,OR8B2
PTPRC,PTPRC
C8orf34,C8orf34
CCDC24,CCDC24
INSL5,INSL5
CCP110,CCP110
SLC39A14,SLC39A14
ZNF792,ZNF792
MLH3,MLH3
VPS16,VPS16
MYH15,MYH15
RNASE1,RNASE1
TREX2,TREX2
PIGK,PIGK
CELA2A,CELA2A
GEMIN6,GEMIN6
TMEM270,TMEM270
PIWIL4,PIWIL4
GJB2,GJB2
ENSG00000284672,ENSG00000284672
VPS28,VPS28
XIRP1,XIRP1
ZNF714,ZNF714
CIR1,CIR1
EVI5,EVI5
EGR3,EGR3
ADCY4,ADCY4
BCL6B,BCL6B
DNASE1L1,DNASE1L1
PAH,PAH
HGNC:19427,HGNC:19427
PITPNB,PITPNB
LAPTM4A,LAPTM4A
ZNF184,ZNF184
XRCC3,XRCC3
YIPF2,YIPF2
ZZZ3,ZZZ3
MISP,MISP
SLC30A3,SLC30A3
FASTK,FASTK
PALM2,PALM2
NPR1,NPR1
SPTLC2,SPTLC2
CCT6B,CCT6B
BID,BID
CHIC2,CHIC2
ANKRD65,ANKRD65
KIF11,KIF11
DHCR7,DHCR7
MRPS21,MRPS21
MKLN1,MKLN1
ELK3,ELK3
CAPN15,CAPN15
TMED2,TMED2
C12orf71,C12orf71
RGMB,RGMB
TAS2R41,TAS2R41
ENSG00000282610,ENSG00000282610
TAL2,TAL2
TMPO,TMPO
RPS6KA2,RPS6KA2
PLEKHH1,PLEKHH1
ZNF630,ZNF630
SMARCD3,SMARCD3
TBC1D2B,TBC1D2B
GDF2,GDF2
JOSD2,JOSD2
ENKD1,ENKD1
SDCBP2,SDCBP2
MEPE,MEPE
OR8G5,OR8G5
KRTAP10-5,KRTAP10-5
SLC26A9,SLC26A9
TMEM139,TMEM139
KLHL42,KLHL42
FSIP2,FSIP2
IL6ST,IL6ST
TRAJ42,TRAJ42
OR6K2,OR6K2
CCT8L2,CCT8L2
CCNI,CCNI
PLEKHF1,PLEKHF1
ATF7IP,ATF7IP
FAM98B,FAM98B
ZBTB38,ZBTB38
FBXO8,FBXO8
ALKBH7,ALKBH7
ODF3B,ODF3B
LRRK1,LRRK1
EIF3H,EIF3H
INO80B-WBP1,INO80B-WBP1
HUS1,HUS1
RHO,RHO
LST1,LST1
PRMT5,PRMT5
INPP5J,INPP5J
SLC26A2,SLC26A2
SPAG6,SPAG6
SFTPD,SFTPD
UGGT2,UGGT2
EDA,EDA
NOS1,NOS1
ZNF485,ZNF485
CSH2,CSH2
PHF24,PHF24
CHORDC1,CHORDC1
HIPK3,HIPK3
MFSD7,MFSD7
ZNF227,ZNF227
IPPK,IPPK
PCDHA13,PCDHA13
OR2A14,OR2A14
TRIP11,TRIP11
OR13J1,OR13J1
RBM7,RBM7
ENSG00000271949,ENSG00000271949
GOLT1B,GOLT1B
HID1,HID1
CPSF2,CPSF2
PTGR1,PTGR1
TRA2A,TRA2A
TSN,TSN
SLC36A1,SLC36A1
CMA1,CMA1
DEK,DEK
UBXN1,UBXN1
SLC25A43,SLC25A43
ZNF136,ZNF136
KLC3,KLC3
TMEM248,TMEM248
VTI1A,VTI1A
COX8A,COX8A
MYADM,MYADM
YARS,YARS
SNRNP40,SNRNP40
GAGE10,GAGE10
ABRACL,ABRACL
HGNC:26598,HGNC:26598
CFL1,CFL1
RGS14,RGS14
LIMK1,LIMK1
APOL1,APOL1
AADACL2,AADACL2
TMEM100,TMEM100
CLEC1B,CLEC1B
SP140,SP140
CASKIN2,CASKIN2
PUS10,PUS10
CLIC1,CLIC1
BCL2,BCL2
ARRDC4,ARRDC4
HNRNPD,HNRNPD
SEC61A2,SEC61A2
LAMB3,LAMB3
TNFAIP8L1,TNFAIP8L1
VCY,VCY
TRAF4,TRAF4
ANKRD63,ANKRD63
DOLPP1,DOLPP1
FRY,FRY
C14orf177,C14orf177
N4BP1,N4BP1
PLXNA3,PLXNA3
TRDMT1,TRDMT1
ADAP1,ADAP1
MCRS1,MCRS1
KRTAP2-2,KRTAP2-2
TBX6,TBX6
SLC5A10,SLC5A10
THRA,THRA
COL19A1,COL19A1
FAM210B,FAM210B
SLC25A6,SLC25A6
PAGE4,PAGE4
ENSG00000260869,ENSG00000260869
BFSP1,BFSP1
ZNF25,ZNF25
ARMCX5,ARMCX5
ADGRE1,ADGRE1
PTCRA,PTCRA
CCDC9,CCDC9
SLC47A2,SLC47A2
USP18,USP18
NMUR1,NMUR1
CNGA4,CNGA4
GLI3,GLI3
SLITRK1,SLITRK1
ARHGEF11,ARHGEF11
C1orf123,C1orf123
ARL10,ARL10
CDC25C,CDC25C
RALGPS1,RALGPS1
LZTS2,LZTS2
SECISBP2L,SECISBP2L
ANXA1,ANXA1
MYLK3,MYLK3
SLC25A17,SLC25A17
HGNC:26322,HGNC:26322
RELL1,RELL1
TRIM27,TRIM27
REXO5,REXO5
PLEKHA4,PLEKHA4
HSD3B7,HSD3B7
PCDHA2,PCDHA2
ZNF787,ZNF787
SAMD13,SAMD13
ASAH1,ASAH1
NAP1L1,NAP1L1
DYRK4,DYRK4
EMILIN3,EMILIN3
TRAK1,TRAK1
CSRP3,CSRP3
OR4C5,OR4C5
SUCLA2,SUCLA2
DNER,DNER
APBB1IP,APBB1IP
CDH12,CDH12
HLA-DOA,HLA-DOA
PGAP2,PGAP2
BOLA2-SMG1P6,BOLA2-SMG1P6
CALHM6,CALHM6
HDAC9,HDAC9
TADA2A,TADA2A
TYRP1,TYRP1
SRMS,SRMS
SPSB1,SPSB1
THAP5,THAP5
OR10P1,OR10P1
STOX2,STOX2
SRC,SRC
SMPDL3B,SMPDL3B
ORAI3,ORAI3
HGNC:37706,HGNC:37706
C8orf48,C8orf48
IGHJ2,IGHJ2
CCDC36,CCDC36
ENSG00000269237,ENSG00000269237
BHLHE41,BHLHE41
PGM2,PGM2
HIVEP1,HIVEP1
KBTBD11,KBTBD11
GIP,GIP
UBA7,UBA7
ALG14,ALG14
DUSP27,DUSP27
KLHL32,KLHL32
OR2H1,OR2H1
APBB1,APBB1
FAM198A,FAM198A
TXLNG,TXLNG
ADGRG6,ADGRG6
MEGF11,MEGF11
MLXIPL,MLXIPL
DOCK8,DOCK8
TMEM177,TMEM177
IER2,IER2
TRIM67,TRIM67
ACVR1C,ACVR1C
EBNA1BP2,EBNA1BP2
NPIPA3,NPIPA3
RTEL1,RTEL1
RIPPLY2,RIPPLY2
LGI4,LGI4
CSE1L,CSE1L
LMAN1L,LMAN1L
RABGAP1L,RABGAP1L
NEK4,NEK4
PNMA6A,PNMA6A
DET1,DET1
BUD13,BUD13
FAM3D,FAM3D
C9orf3,C9orf3
ZFR,ZFR
PPIA,PPIA
CCER2,CCER2
GJB1,GJB1
CAPN11,CAPN11
GCFC2,GCFC2
PIK3CA,PIK3CA
ACOT7,ACOT7
CACNB3,CACNB3
CFAP99,CFAP99
FAM131B,FAM131B
TBCK,TBCK
RNF185,RNF185
CARD9,CARD9
EIF3B,EIF3B
GGCT,GGCT
SI,SI
SELENOS,SELENOS
XPO1,XPO1
NR6A1,NR6A1
LGI3,LGI3
SLC52A3,SLC52A3
HYAL2,HYAL2
GREM1,GREM1
SPPL2A,SPPL2A
RNF24,RNF24
LAT,LAT
METTL2B,METTL2B
ARIH2,ARIH2
ZNF26,ZNF26
PPP2R5D,PPP2R5D
MPP6,MPP6
FRMD4B,FRMD4B
RGS9BP,RGS9BP
FAM72D,FAM72D
CTDSP1,CTDSP1
AKR1C3,AKR1C3
EMP2,EMP2
GOLPH3,GOLPH3
CRISPLD2,CRISPLD2
NDUFB4,NDUFB4
PCDHA12,PCDHA12
PDCD11,PDCD11
RNF152,RNF152
C4orf47,C4orf47
GPR35,GPR35
UNC5CL,UNC5CL
KRTAP10-2,KRTAP10-2
HEBP1,HEBP1
WDR87,WDR87
HS3ST3B1,HS3ST3B1
MIER1,MIER1
CD79B,CD79B
DMRT2,DMRT2
AP2S1,AP2S1
NEMP2,NEMP2
TRABD2A,TRABD2A
SNX2,SNX2
TMEM181,TMEM181
TCTEX1D1,TCTEX1D1
NCR3,NCR3
ACE2,ACE2
FBXW11,FBXW11
MYO18A,MYO18A
CACNB1,CACNB1
ARAF,ARAF
SCP2,SCP2
C2CD6,C2CD6
AKAP4,AKAP4
HGNC:5628,HGNC:5628
LONRF2,LONRF2
HEXIM2,HEXIM2
INHBB,INHBB
JMJD8,JMJD8
ZNF443,ZNF443
SIAH3,SIAH3
TRBV28,TRBV28
EGR4,EGR4
DMC1,DMC1
MCM2,MCM2
SMIM24,SMIM24
HIRIP3,HIRIP3
ZNF449,ZNF449
DNASE2B,DNASE2B
DPCD,DPCD
OR8B8,OR8B8
FBXO41,FBXO41
DPH5,DPH5
PPID,PPID
TMEM107,TMEM107
SYCN,SYCN
SPTLC1,SPTLC1
PLEC,PLEC
C10orf53,C10orf53
IGHV3-35,IGHV3-35
HOXB5,HOXB5
ARIH2OS,ARIH2OS
PPP3CA,PPP3CA
DHRS7,DHRS7
DLX4,DLX4
POLR3G,POLR3G
ZNF16,ZNF16
FGFR1OP2,FGFR1OP2
TUBD1,TUBD1
FKBP10,FKBP10
GRIA2,GRIA2
SBSPON,SBSPON
DDIT4,DDIT4
MYOD1,MYOD1
ASNS,ASNS
TBC1D10B,TBC1D10B
PELP1,PELP1
CHIC1,CHIC1
SLC9A3R1,SLC9A3R1
DAPP1,DAPP1
HNRNPH3,HNRNPH3
HGNC:26601,HGNC:26601
THEG,THEG
NSMF,NSMF
ZNF442,ZNF442
CCL19,CCL19
LARGE2,LARGE2
CNRIP1,CNRIP1
BBS4,BBS4
MYO3A,MYO3A
PHTF2,PHTF2
IL9R,IL9R
IDI2,IDI2
GRXCR2,GRXCR2
HOXA2,HOXA2
LAMC3,LAMC3
TRBV3-1,TRBV3-1
FAM13B,FAM13B
OR1C1,OR1C1
UBR3,UBR3
TUBA1A,TUBA1A
NUTM2D,NUTM2D
ADAD2,ADAD2
SCRN1,SCRN1
TMX2-CTNND1,TMX2-CTNND1
HGNC:32332,HGNC:32332
OR10AG1,OR10AG1
OR2V1,OR2V1
PGAM1,PGAM1
MTIF2,MTIF2
METTL7B,METTL7B
KRTAP4-6,KRTAP4-6
SNRPD3,SNRPD3
CAMK1G,CAMK1G
LATS2,LATS2
KIAA1614,KIAA1614
BHLHE22,BHLHE22
PCDHB13,PCDHB13
LAMA2,LAMA2
C3orf38,C3orf38
AVPI1,AVPI1
TMEM217,TMEM217
IL26,IL26
ARHGAP27,ARHGAP27
ARHGAP36,ARHGAP36
LSM5,LSM5
GINM1,GINM1
COA7,COA7
IL7,IL7
OR11H12,OR11H12
NUP93,NUP93
UBQLN3,UBQLN3
PFKL,PFKL
ERI1,ERI1
RMND1,RMND1
ENPP5,ENPP5
ZFP82,ZFP82
LIPI,LIPI
FAM71B,FAM71B
HTR2C,HTR2C
TMEM169,TMEM169
NRP2,NRP2
CCR1,CCR1
CILP2,CILP2
DTD2,DTD2
KLHL9,KLHL9
SLC20A2,SLC20A2
TLL1,TLL1
GAS2L2,GAS2L2
OR4D11,OR4D11
TECR,TECR
ABHD11,ABHD11
OR2AG2,OR2AG2
SCAMP3,SCAMP3
NLRP13,NLRP13
RAB18,RAB18
CCDC77,CCDC77
OR6V1,OR6V1
RORA,RORA
IGSF23,IGSF23
BIN1,BIN1
TRERF1,TRERF1
TRAJ33,TRAJ33
TTLL5,TTLL5
ZFP91-CNTF,ZFP91-CNTF
SCO1,SCO1
CHN2,CHN2
GPHN,GPHN
ARID1A,ARID1A
ZNF131,ZNF131
ZDHHC11,ZDHHC11
TP53AIP1,TP53AIP1
TGM1,TGM1
OSTF1,OSTF1
SMTNL2,SMTNL2
STXBP2,STXBP2
AP1M1,AP1M1
F8,F8
PLA2R1,PLA2R1
TEX22,TEX22
CXorf67,CXorf67
ACTR1A,ACTR1A
WNT16,WNT16
SIM1,SIM1
HCFC1R1,HCFC1R1
ENC1,ENC1
LSAMP,LSAMP
VAV3,VAV3
BTNL2,BTNL2
FOXG1,FOXG1
C6orf136,C6orf136
HR,HR
PPIP5K1,PPIP5K1
SOBP,SOBP
PTCD3,PTCD3
DGCR6,DGCR6
MKI67,MKI67
PPP6R1,PPP6R1
SNRPN,SNRPN
KIRREL3,KIRREL3
NUP37,NUP37
FAM185A,FAM185A
C15orf53,C15orf53
PPP1R15A,PPP1R15A
ATP1A2,ATP1A2
TOPAZ1,TOPAZ1
STAP1,STAP1
RNF14,RNF14
GOLGA8Q,GOLGA8Q
RTP3,RTP3
SERPINA4,SERPINA4
STAMBPL1,STAMBPL1
UBTF,UBTF
PHF2,PHF2
ENSG00000258466,ENSG00000258466
ZMPSTE24,ZMPSTE24
OTC,OTC
HOXD9,HOXD9
ATP9B,ATP9B
IFFO1,IFFO1
PAX9,PAX9
SMARCD2,SMARCD2
PLPP5,PLPP5
WDHD1,WDHD1
C14orf39,C14orf39
RPS19,RPS19
CBFA2T2,CBFA2T2
DGCR6L,DGCR6L
TXK,TXK
FOLH1,FOLH1
SBSN,SBSN
ATXN7,ATXN7
SMCHD1,SMCHD1
KCNC2,KCNC2
DCAF4,DCAF4
SLC35F5,SLC35F5
C8orf58,C8orf58
KDM1A,KDM1A
SLC8B1,SLC8B1
ADAMTS18,ADAMTS18
PSMD12,PSMD12
OARD1,OARD1
AK1,AK1
BAALC,BAALC
GKN1,GKN1
GPBAR1,GPBAR1
DNAJC3,DNAJC3
EIF2AK2,EIF2AK2
MOB4,MOB4
PXMP2,PXMP2
WFDC10B,WFDC10B
EPS15L1,EPS15L1
ZBBX,ZBBX
RASGRP3,RASGRP3
TRGV11,TRGV11
CFAP20,CFAP20
ZNF776,ZNF776
NLRC4,NLRC4
NKIRAS1,NKIRAS1
TRIM33,TRIM33
ENSG00000255863,ENSG00000255863
SLC10A5,SLC10A5
ITLN1,ITLN1
HGNC:30443,HGNC:30443
CPEB3,CPEB3
OR2Z1,OR2Z1
SALL4,SALL4
FAM131A,FAM131A
CITED2,CITED2
COX5A,COX5A
NAT16,NAT16
PHYHD1,PHYHD1
NTS,NTS
CCDC175,CCDC175
CTBS,CTBS
SPANXN2,SPANXN2
LMNB2,LMNB2
GNB1,GNB1
PAFAH2,PAFAH2
MED12L,MED12L
PROB1,PROB1
FAM174B,FAM174B
BAHD1,BAHD1
HSD17B1,HSD17B1
KIF7,KIF7
OR5D14,OR5D14
CLCN2,CLCN2
SLC25A12,SLC25A12
COL2A1,COL2A1
SHMT1,SHMT1
PRR22,PRR22
KRTAP8-1,KRTAP8-1
GPATCH2,GPATCH2
RFLNA,RFLNA
MROH9,MROH9
MSTO1,MSTO1
RFX8,RFX8
PCDHA11,PCDHA11
BTNL9,BTNL9
ASIC3,ASIC3
ANKRD33,ANKRD33
NOLC1,NOLC1
SLC19A1,SLC19A1
ASB17,ASB17
CNOT6,CNOT6
SSFA2,SSFA2
BCL7A,BCL7A
RAB4B,RAB4B
ENKUR,ENKUR
ASXL1,ASXL1
NKTR,NKTR
OR4A5,OR4A5
EXTL3,EXTL3
CLK2,CLK2
PADI3,PADI3
DPY19L2,DPY19L2
ENSG00000170091,ENSG00000170091
TMEM201,TMEM201
PIH1D2,PIH1D2
KRTAP12-3,KRTAP12-3
TRAV10,TRAV10
FAM9B,FAM9B
ROBO1,ROBO1
PUSL1,PUSL1
DDX46,DDX46
IFNA17,IFNA17
LIPJ,LIPJ
FAM149B1,FAM149B1
ZNF490,ZNF490
PLA2G7,PLA2G7
PCBD1,PCBD1
GNAZ,GNAZ
C2orf82,C2orf82
DGAT2,DGAT2
TRAV13-1,TRAV13-1
LPAR3,LPAR3
TARBP2,TARBP2
ZNF221,ZNF221
PCDHGA11,PCDHGA11
RGS7BP,RGS7BP
OR52E4,OR52E4
SLC1A7,SLC1A7
CXCR2,CXCR2
IMMP1L,IMMP1L
FBF1,FBF1
GADD45GIP1,GADD45GIP1
COL4A5,COL4A5
MAEL,MAEL
CNTD1,CNTD1
MCTP2,MCTP2
KRT19,KRT19
STYXL1,STYXL1
SPHKAP,SPHKAP
ADGRG1,ADGRG1
CHRM5,CHRM5
CTRB1,CTRB1
APPL2,APPL2
SFTPA1,SFTPA1
BAX,BAX
ENSG00000268465,ENSG00000268465
GATA3,GATA3
NRG2,NRG2
SURF2,SURF2
UBIAD1,UBIAD1
MTMR11,MTMR11
SLC38A9,SLC38A9
RASA2,RASA2
LRRC3C,LRRC3C
ZNF491,ZNF491
PLPPR2,PLPPR2
PDGFB,PDGFB
TMEM108,TMEM108
LYRM2,LYRM2
ZNF57,ZNF57
CDCA7,CDCA7
EPHA4,EPHA4
ATP5J2,ATP5J2
CHFR,CHFR
FBXO40,FBXO40
PAWR,PAWR
LCE1C,LCE1C
MYO1E,MYO1E
YOD1,YOD1
BTD,BTD
ANO5,ANO5
PIGC,PIGC
ENSG00000260861,ENSG00000260861
LYRM4,LYRM4
POTEF,POTEF
SHOX,SHOX
TOPBP1,TOPBP1
IL11,IL11
EPSTI1,EPSTI1
OSBPL2,OSBPL2
COA3,COA3
FAM163B,FAM163B
GNAT3,GNAT3
NPY2R,NPY2R
NAT8L,NAT8L
PP2D1,PP2D1
DYNLRB2,DYNLRB2
SERPINB7,SERPINB7
PCDH18,PCDH18
GHRL,GHRL
TDGF1,TDGF1
OR9G4,OR9G4
SCG3,SCG3
CSTB,CSTB
KLHL40,KLHL40
ATP7B,ATP7B
SARDH,SARDH
NIFK,NIFK
KIAA1958,KIAA1958
ATG16L2,ATG16L2
MYF6,MYF6
ENSG00000261611,ENSG00000261611
LPIN2,LPIN2
ZXDB,ZXDB
WDR44,WDR44
SPAG17,SPAG17
NXNL1,NXNL1
WFDC9,WFDC9
SGSH,SGSH
BCL2L1,BCL2L1
GORASP2,GORASP2
PRR23A,PRR23A
MEF2C,MEF2C
FAM160B2,FAM160B2
IFT46,IFT46
GPR135,GPR135
ZNF175,ZNF175
CEP152,CEP152
ISM1,ISM1
GJA9,GJA9
FAM47A,FAM47A
GRAMD1C,GRAMD1C
OSGEP,OSGEP
MOAP1,MOAP1
ZNF845,ZNF845
NR0B1,NR0B1
CDK13,CDK13
PTH2R,PTH2R
UBTD1,UBTD1
NEUROD2,NEUROD2
FRMPD4,FRMPD4
ADAMTS3,ADAMTS3
THAP6,THAP6
LOXL4,LOXL4
COL6A2,COL6A2
HGNC:34432,HGNC:34432
USP11,USP11
CIAO1,CIAO1
SLC25A51,SLC25A51
ZNF286A,ZNF286A
ADCY9,ADCY9
FARP1,FARP1
PHOSPHO2,PHOSPHO2
ZNF687,ZNF687
SLC25A53,SLC25A53
FAM19A2,FAM19A2
GIMAP2,GIMAP2
ETNPPL,ETNPPL
GRK1,GRK1
GSDMC,GSDMC
SLC35F1,SLC35F1
URGCP-MRPS24,URGCP-MRPS24
PRAME,PRAME
GALT,GALT
SLC30A8,SLC30A8
GAS2,GAS2
MTPN,MTPN
KAT7,KAT7
USP29,USP29
TSPEAR,TSPEAR
REL,REL
GRM2,GRM2
SFT2D1,SFT2D1
UFL1,UFL1
ACY3,ACY3
CRNN,CRNN
OCLN,OCLN
MYLK2,MYLK2
PRDM12,PRDM12
UBXN11,UBXN11
KRT14,KRT14
ARNT2,ARNT2
CETN3,CETN3
ACSM5,ACSM5
OR2A4,OR2A4
OXLD1,OXLD1
APOLD1,APOLD1
LHX8,LHX8
KRTAP6-2,KRTAP6-2
BFSP2,BFSP2
TIMM9,TIMM9
CPNE7,CPNE7
GLRX5,GLRX5
RSPH9,RSPH9
GFM1,GFM1
PAQR9,PAQR9
ACTN1,ACTN1
SHROOM1,SHROOM1
CDK5RAP3,CDK5RAP3
SMIM5,SMIM5
TOX3,TOX3
MACC1,MACC1
ARL5A,ARL5A
CTXN1,CTXN1
CLDN34,CLDN34
TNNC2,TNNC2
CCDC84,CCDC84
TMCO3,TMCO3
GALC,GALC
SNTG1,SNTG1
OR1L3,OR1L3
THADA,THADA
C6orf118,C6orf118
TIGD5,TIGD5
CFC1B,CFC1B
GBF1,GBF1
SLITRK5,SLITRK5
OR2F2,OR2F2
C1QL2,C1QL2
PDHB,PDHB
HIKESHI,HIKESHI
IGHV3-64,IGHV3-64
SOCS1,SOCS1
CRKL,CRKL
CTAGE15,CTAGE15
GNLY,GNLY
PARD6A,PARD6A
LRCH2,LRCH2
ARMCX4,ARMCX4
KLF17,KLF17
TRAPPC3L,TRAPPC3L
FBXO47,FBXO47
GALK2,GALK2
PAPSS1,PAPSS1
TMBIM6,TMBIM6
NHSL2,NHSL2
RNF183,RNF183
TBC1D8B,TBC1D8B
C19orf18,C19orf18
ADAM7,ADAM7
GRB7,GRB7
CLDN7,CLDN7
MBTPS2,MBTPS2
TRGJP1,TRGJP1
GPN2,GPN2
ADCY10,ADCY10
LRRC32,LRRC32
RPS6KL1,RPS6KL1
CCR8,CCR8
KNG1,KNG1
LANCL1,LANCL1
ENSG00000183889,ENSG00000183889
LEMD1,LEMD1
DLG5,DLG5
POSTN,POSTN
PSME2,PSME2
ZNF114,ZNF114
TLE2,TLE2
RHOXF2,RHOXF2
TMEM47,TMEM47
KIF1BP,KIF1BP
ZNF852,ZNF852
H2AFX,H2AFX
UGGT1,UGGT1
SLC35A1,SLC35A1
RAB1B,RAB1B
SEMA5A,SEMA5A
CABLES1,CABLES1
ASAP3,ASAP3
CLSTN2,CLSTN2
MCEE,MCEE
OR8D2,OR8D2
C1QTNF8,C1QTNF8
HGNC:15707,HGNC:15707
DLC1,DLC1
NUDT21,NUDT21
ZNF554,ZNF554
CCDC126,CCDC126
ASB5,ASB5
ZNF627,ZNF627
ENSG00000248713,ENSG00000248713
ZNF398,ZNF398
RHOQ,RHOQ
KCNH3,KCNH3
ITPRIPL2,ITPRIPL2
PROKR2,PROKR2
HIST2H2BE,HIST2H2BE
CCNDBP1,CCNDBP1
PRSS38,PRSS38
GPR26,GPR26
TLDC2,TLDC2
PCDH10,PCDH10
TCF20,TCF20
CTAGE4,CTAGE4
ZCCHC3,ZCCHC3
SCN1B,SCN1B
ENSG00000179240,ENSG00000179240
PSORS1C1,PSORS1C1
SP7,SP7
BDNF,BDNF
IGFBP1,IGFBP1
HGNC:17737,HGNC:17737
DDX39B,DDX39B
CACYBP,CACYBP
OR7G3,OR7G3
FERMT2,FERMT2
SDF2,SDF2
ZNF790,ZNF790
NAT9,NAT9
ZNF317,ZNF317
FMNL1,FMNL1
WISP3,WISP3
ANXA3,ANXA3
EIF4E,EIF4E
FMO2,FMO2
ARHGEF3,ARHGEF3
KRT18,KRT18
ZNF710,ZNF710
JUP,JUP
TEAD2,TEAD2
KIRREL2,KIRREL2
EIF4ENIF1,EIF4ENIF1
WRAP53,WRAP53
FGF14,FGF14
DDX55,DDX55
CRYBG1,CRYBG1
NXF3,NXF3
MND1,MND1
PPM1K,PPM1K
APH1B,APH1B
CCDC151,CCDC151
A1BG,A1BG
MTO1,MTO1
MIA,MIA
HRH2,HRH2
TRBJ2-3,TRBJ2-3
VPS13B,VPS13B
RNF20,RNF20
GPRC5B,GPRC5B
AFF2,AFF2
ZNF90,ZNF90
ZRANB2,ZRANB2
NDRG1,NDRG1
OR6X1,OR6X1
ZNF208,ZNF208
C8orf88,C8orf88
CTBP2,CTBP2
TAF1D,TAF1D
IFT43,IFT43
PLCXD2,PLCXD2
RND3,RND3
CSN3,CSN3
EFHB,EFHB
NEUROG1,NEUROG1
PRR5L,PRR5L
TMEM230,TMEM230
HNRNPUL2-BSCL2,HNRNPUL2-BSCL2
PCDHGA9,PCDHGA9
CDK16,CDK16
PPP1R9A,PPP1R9A
FBXO36,FBXO36
IGFLR1,IGFLR1
CCER1,CCER1
FAM83G,FAM83G
SRPK1,SRPK1
EVI2B,EVI2B
TSFM,TSFM
NAT10,NAT10
ESPN,ESPN
TNFAIP8L2,TNFAIP8L2
CLK4,CLK4
GFI1,GFI1
APOM,APOM
TMEM161B,TMEM161B
EDNRB,EDNRB
CA8,CA8
VPS33A,VPS33A
MYPN,MYPN
L3HYPDH,L3HYPDH
VCAM1,VCAM1
SPP2,SPP2
CTXN2,CTXN2
FAM19A1,FAM19A1
SRPX,SRPX
RGS4,RGS4
LSM10,LSM10
FPGT-TNNI3K,FPGT-TNNI3K
OR2M2,OR2M2
SF3B2,SF3B2
CASP10,CASP10
DIABLO,DIABLO
GJC1,GJC1
C6orf222,C6orf222
HS6ST3,HS6ST3
LRRC4B,LRRC4B
ZNF585B,ZNF585B
FGF1,FGF1
PRELID2,PRELID2
UBE3A,UBE3A
AGR2,AGR2
TGM6,TGM6
GNAT2,GNAT2
IFNA8,IFNA8
ACPP,ACPP
ATP11A,ATP11A
NXPH1,NXPH1
KRTAP13-2,KRTAP13-2
CACNB4,CACNB4
PTPRF,PTPRF
SERINC2,SERINC2
TMCC3,TMCC3
GNG2,GNG2
PGM3,PGM3
TTLL12,TTLL12
PPIE,PPIE
RAB5C,RAB5C
IGFL4,IGFL4
ANKRD20A1,ANKRD20A1
TMEM50B,TMEM50B
SPATA2L,SPATA2L
GLB1L,GLB1L
IFT20,IFT20
ACP7,ACP7
RAB2A,RAB2A
ENOPH1,ENOPH1
FAM53C,FAM53C
SEC23B,SEC23B
DNTTIP1,DNTTIP1
SCN4B,SCN4B
ENSG00000198211,ENSG00000198211
KLHDC8B,KLHDC8B
EXOG,EXOG
N4BP2L1,N4BP2L1
NEUROD4,NEUROD4
CISD3,CISD3
TTC7B,TTC7B
OR4A16,OR4A16
CHRFAM7A,CHRFAM7A
ZNF397,ZNF397
SELENOM,SELENOM
NKAPD1,NKAPD1
KLK6,KLK6
JAK1,JAK1
UTP20,UTP20
PDE7B,PDE7B
GPD1L,GPD1L
APOBR,APOBR
VPS25,VPS25
POPDC3,POPDC3
PLEKHB2,PLEKHB2
RIMS1,RIMS1
RBFA,RBFA
CNTNAP5,CNTNAP5
FAM83A,FAM83A
PPEF1,PPEF1
F10,F10
UGT2A3,UGT2A3
LAMTOR2,LAMTOR2
PEBP4,PEBP4
APOA5,APOA5
CDYL2,CDYL2
SLC26A5,SLC26A5
PDIA5,PDIA5
HGNC:31706,HGNC:31706
ABCD2,ABCD2
KIF23,KIF23
MLPH,MLPH
APEH,APEH
MUTYH,MUTYH
TRIM63,TRIM63
SYNE1,SYNE1
FRK,FRK
PSMB1,PSMB1
FANCF,FANCF
LRGUK,LRGUK
FBXO11,FBXO11
STX1B,STX1B
LRRC46,LRRC46
ACTRT2,ACTRT2
HES1,HES1
HAND2,HAND2
CCDC43,CCDC43
MEX3B,MEX3B
NRROS,NRROS
NIPA1,NIPA1
FAM53A,FAM53A
JAKMIP2,JAKMIP2
PEX3,PEX3
NGF,NGF
CA5A,CA5A
MCM8,MCM8
CLSTN1,CLSTN1
PARVG,PARVG
DCAF11,DCAF11
FAT2,FAT2
GH1,GH1
SON,SON
SLC9C1,SLC9C1
MYO1D,MYO1D
HIST3H3,HIST3H3
DUSP7,DUSP7
TM2D3,TM2D3
FAM13C,FAM13C
FBLN5,FBLN5
FUOM,FUOM
SMAD2,SMAD2
ZSCAN30,ZSCAN30
ENSG00000266728,ENSG00000266728
MEF2B,MEF2B
USP26,USP26
DUSP23,DUSP23
KLRF1,KLRF1
SSTR3,SSTR3
NADK,NADK
IGHJ1,IGHJ1
MTR,MTR
SMR3B,SMR3B
PSAT1,PSAT1
MECR,MECR
DCTN3,DCTN3
ZFAND3,ZFAND3
METTL25,METTL25
PSMC3IP,PSMC3IP
CYLC1,CYLC1
TRPV1,TRPV1
DUSP10,DUSP10
PWP1,PWP1
IGKJ5,IGKJ5
MKRN2,MKRN2
F2R,F2R
RAD54L,RAD54L
BVES,BVES
ATG2A,ATG2A
GPR27,GPR27
DBR1,DBR1
DCBLD1,DCBLD1
KCNG3,KCNG3
RBM15B,RBM15B
DGAT1,DGAT1
IFT74,IFT74
EDDM3A,EDDM3A
SOX11,SOX11
CEBPZOS,CEBPZOS
XPNPEP3,XPNPEP3
KCNH7,KCNH7
ADH5,ADH5
SDC4,SDC4
LY6G6C,LY6G6C
RBM4B,RBM4B
PDE6A,PDE6A
SGCD,SGCD
SLC39A1,SLC39A1
MAGEB4,MAGEB4
TCF12,TCF12
B4GALT5,B4GALT5
TLDC1,TLDC1
PIMREG,PIMREG
WSB2,WSB2
ARHGDIG,ARHGDIG
ARHGEF33,ARHGEF33
CHSY3,CHSY3
SORCS1,SORCS1
RPL26,RPL26
NEXN,NEXN
PACS2,PACS2
CKAP5,CKAP5
TRAJ48,TRAJ48
SLC2A3,SLC2A3
TMEM131,TMEM131
IL17B,IL17B
NCKAP1,NCKAP1
ADAM19,ADAM19
CUTC,CUTC
LRRN2,LRRN2
NDUFS3,NDUFS3
MAPKAPK5,MAPKAPK5
IGHV4-59,IGHV4-59
EIF5AL1,EIF5AL1
SERPINE1,SERPINE1
OGFOD2,OGFOD2
PCK1,PCK1
SH2B3,SH2B3
WNT2,WNT2
AKR1B15,AKR1B15
PLAC8L1,PLAC8L1
DLX2,DLX2
ZNF436,ZNF436
CYP11B1,CYP11B1
EIF2B2,EIF2B2
ANO1,ANO1
OR51I2,OR51I2
NUMA1,NUMA1
FAM46C,FAM46C
RBBP5,RBBP5
HLA-DOB,HLA-DOB
RAET1G,RAET1G
ZNF786,ZNF786
CCNE2,CCNE2
IGFBPL1,IGFBPL1
CDC123,CDC123
ZNF445,ZNF445
ZFP91,ZFP91
NFYA,NFYA
NAF1,NAF1
DEFB110,DEFB110
SAMD3,SAMD3
RBM14-RBM4,RBM14-RBM4
TRAJ10,TRAJ10
DNAJB11,DNAJB11
CCDC47,CCDC47
DEFB123,DEFB123
DNAJA2,DNAJA2
AVL9,AVL9
MRPS11,MRPS11
TNFRSF11A,TNFRSF11A
PHAX,PHAX
MGAT4A,MGAT4A
NT5DC3,NT5DC3
GNB1L,GNB1L
TPX2,TPX2
OR4C11,OR4C11
CBLN4,CBLN4
SLC35G1,SLC35G1
FRAT1,FRAT1
DCUN1D2,DCUN1D2
PLPP1,PLPP1
SLC6A8,SLC6A8
CDR2L,CDR2L
RNF146,RNF146
PARVA,PARVA
BNIPL,BNIPL
OR1M1,OR1M1
CLNK,CLNK
GOLGA8N,GOLGA8N
BPIFB2,BPIFB2
RNF34,RNF34
ROBO2,ROBO2
MAFA,MAFA
OR2G2,OR2G2
TIMD4,TIMD4
NRGN,NRGN
RBM38,RBM38
NUDC,NUDC
CHCHD7,CHCHD7
C2orf66,C2orf66
ARHGAP9,ARHGAP9
NTAN1,NTAN1
PELI2,PELI2
IFT52,IFT52
CRYGA,CRYGA
ETV3L,ETV3L
IL23A,IL23A
SSBP2,SSBP2
VCX2,VCX2
B4GALT6,B4GALT6
METTL11B,METTL11B
FAM110C,FAM110C
ENSG00000261884,ENSG00000261884
STXBP6,STXBP6
CLEC16A,CLEC16A
CDCP2,CDCP2
YWHAH,YWHAH
IMP4,IMP4
L1CAM,L1CAM
TAAR6,TAAR6
GMEB1,GMEB1
ZW10,ZW10
TEX30,TEX30
OR52A1,OR52A1
ELOA,ELOA
ZIC5,ZIC5
ZBTB47,ZBTB47
CDC25A,CDC25A
MDM4,MDM4
ZNF283,ZNF283
PDE6C,PDE6C
BIRC7,BIRC7
PNMA1,PNMA1
PRKAR1B,PRKAR1B
C7,C7
ARHGAP19,ARHGAP19
TRIM47,TRIM47
JAG2,JAG2
TRIM34,TRIM34
ENSG00000268643,ENSG00000268643
GPR137,GPR137
ASB7,ASB7
FAM220A,FAM220A
ZNF671,ZNF671
KLHL24,KLHL24
CELA3A,CELA3A
TRIT1,TRIT1
ABHD16A,ABHD16A
FZD7,FZD7
FANCE,FANCE
HADH,HADH
RLN1,RLN1
KATNBL1,KATNBL1
TSTD2,TSTD2
PRRT4,PRRT4
GNL1,GNL1
NUDT4,NUDT4
GSTM5,GSTM5
CYP26A1,CYP26A1
LARP4,LARP4
REEP5,REEP5
CD36,CD36
CIT,CIT
IGHV1OR15-1,IGHV1OR15-1
MMEL1,MMEL1
MARCH6,MARCH6
TTC14,TTC14
CNPY1,CNPY1
FBXL13,FBXL13
SLC25A10,SLC25A10
GMPS,GMPS
HEG1,HEG1
PI4K2A,PI4K2A
MTCH1,MTCH1
CEP164,CEP164
ENSG00000268533,ENSG00000268533
TKFC,TKFC
PRORY,PRORY
ZNF3,ZNF3
CRYGN,CRYGN
DHRS2,DHRS2
LARP4B,LARP4B
IGLL1,IGLL1
EAF1,EAF1
METTL22,METTL22
PRDM1,PRDM1
GOLGA5,GOLGA5
RNF2,RNF2
TYW5,TYW5
NUDT22,NUDT22
RNGTT,RNGTT
C7orf43,C7orf43
TFIP11,TFIP11
PNISR,PNISR
RRP9,RRP9
B3GNT4,B3GNT4
TXNDC5,TXNDC5
USP2,USP2
SNRNP35,SNRNP35
C5orf38,C5orf38
GRM3,GRM3
BOD1,BOD1
PAN3,PAN3
TRAJ16,TRAJ16
SLC35G3,SLC35G3
ZDHHC19,ZDHHC19
LKAAEAR1,LKAAEAR1
TUBG2,TUBG2
TRAJ49,TRAJ49
IGKV3-7,IGKV3-7
RAB43,RAB43
MICAL1,MICAL1
VAMP1,VAMP1
KRTAP4-11,KRTAP4-11
ZNF559-ZNF177,ZNF559-ZNF177
ANKRD37,ANKRD37
INTS12,INTS12
LYL1,LYL1
HYLS1,HYLS1
OR2D3,OR2D3
RASAL3,RASAL3
CD68,CD68
TTC30B,TTC30B
VASH2,VASH2
NDUFAB1,NDUFAB1
SPATA24,SPATA24
MLANA,MLANA
OR52B6,OR52B6
RIPOR1,RIPOR1
RIT2,RIT2
EYA2,EYA2
APOBEC3C,APOBEC3C
PTPN13,PTPN13
RPH3AL,RPH3AL
KCNK18,KCNK18
ABCG2,ABCG2
FAM219B,FAM219B
MITF,MITF
MAT2B,MAT2B
B4GALNT4,B4GALNT4
SPATS2L,SPATS2L
OR5P3,OR5P3
RNASE10,RNASE10
ATRIP,ATRIP
MS4A1,MS4A1
MAGED1,MAGED1
SLC38A11,SLC38A11
VWA8,VWA8
CCNE1,CCNE1
SIVA1,SIVA1
CXCR1,CXCR1
DEFB118,DEFB118
PLCB1,PLCB1
C17orf62,C17orf62
KCNS1,KCNS1
TFB1M,TFB1M
ANKMY2,ANKMY2
IPP,IPP
SOX2,SOX2
SP110,SP110
ZNF804B,ZNF804B
ARAP1,ARAP1
PPBP,PPBP
KLRF2,KLRF2
CDX4,CDX4
HIF1A,HIF1A
MMP8,MMP8
GXYLT1,GXYLT1
MYOZ2,MYOZ2
ADAMTS14,ADAMTS14
CHTF18,CHTF18
TRDN,TRDN
TREML2,TREML2
OFD1,OFD1
ALDH7A1,ALDH7A1
ADD2,ADD2
ST8SIA6,ST8SIA6
PNPLA7,PNPLA7
OR6C65,OR6C65
LSM12,LSM12
SLC29A2,SLC29A2
OR5B2,OR5B2
EDIL3,EDIL3
ZNF385B,ZNF385B
FAM47E,FAM47E
SMPDL3A,SMPDL3A
LY6L,LY6L
KLC1,KLC1
DUOX2,DUOX2
TTC19,TTC19
ZNF772,ZNF772
C18orf25,C18orf25
FAM160B1,FAM160B1
HAS1,HAS1
PICK1,PICK1
NRAP,NRAP
TMEM232,TMEM232
UCKL1,UCKL1
MYH4,MYH4
SDHAF3,SDHAF3
SEMA4G,SEMA4G
KIF13A,KIF13A
SAR1A,SAR1A
UTP6,UTP6
MED10,MED10
NHLH1,NHLH1
MRPS14,MRPS14
OBSCN,OBSCN
PDZD3,PDZD3
TMEM133,TMEM133
BIRC8,BIRC8
ECT2L,ECT2L
TOX,TOX
WDR3,WDR3
OR3A3,OR3A3
NEURL1,NEURL1
TRAV16,TRAV16
VWA3A,VWA3A
FYTTD1,FYTTD1
ZDHHC22,ZDHHC22
CHRNA9,CHRNA9
INVS,INVS
NTHL1,NTHL1
UAP1,UAP1
FCMR,FCMR
SYAP1,SYAP1
ZYX,ZYX
CCAR2,CCAR2
CHAC2,CHAC2
TRIM28,TRIM28
EHMT1,EHMT1
UGT8,UGT8
C2orf70,C2orf70
VKORC1L1,VKORC1L1
TPM2,TPM2
C5orf47,C5orf47
PABPC1L2A,PABPC1L2A
SLC22A9,SLC22A9
ENSG00000267179,ENSG00000267179
ELOC,ELOC
PABPN1,PABPN1
A2ML1,A2ML1
ERAP1,ERAP1
NIPA2,NIPA2
PCNT,PCNT
C9orf47,C9orf47
TBL2,TBL2
YBX2,YBX2
CLCA1,CLCA1
MVB12B,MVB12B
MED9,MED9
DAP,DAP
STK32C,STK32C
UBE2D2,UBE2D2
FASTKD1,FASTKD1
ZBTB39,ZBTB39
ERAP2,ERAP2
ANKRD6,ANKRD6
MMP16,MMP16
AP3M1,AP3M1
ZDHHC16,ZDHHC16
GLYAT,GLYAT
TRAJ35,TRAJ35
ASB18,ASB18
QARS,QARS
CCDC125,CCDC125
EBP,EBP
ZG16,ZG16
S100P,S100P
NCAPD3,NCAPD3
SYF2,SYF2
ITGAE,ITGAE
ZNF345,ZNF345
TSPAN31,TSPAN31
HGNC:33759,HGNC:33759
ENSG00000260092,ENSG00000260092
ITGB4,ITGB4
TIAL1,TIAL1
KRT28,KRT28
FNDC3B,FNDC3B
HEMK1,HEMK1
AMBN,AMBN
CRYBA2,CRYBA2
PLA2G5,PLA2G5
NCR3LG1,NCR3LG1
CPB2,CPB2
AKIRIN1,AKIRIN1
EPRS,EPRS
FASTKD2,FASTKD2
FDPS,FDPS
CCK,CCK
SPRY2,SPRY2
CPNE4,CPNE4
SPTB,SPTB
MYDGF,MYDGF
ENSG00000269755,ENSG00000269755
RPRD1B,RPRD1B
AASDHPPT,AASDHPPT
FNDC1,FNDC1
HLA-DPA1,HLA-DPA1
LRRD1,LRRD1
NACC2,NACC2
C12orf42,C12orf42
PRR7,PRR7
TFCP2,TFCP2
SEMA3C,SEMA3C
IMPDH2,IMPDH2
ZMYM2,ZMYM2
SEMA6D,SEMA6D
RPS10-NUDT3,RPS10-NUDT3
HNRNPUL1,HNRNPUL1
NOC3L,NOC3L
GNA11,GNA11
SNX8,SNX8
JMJD7,JMJD7
ENSG00000268797,ENSG00000268797
MZT1,MZT1
CELA2B,CELA2B
NDFIP2,NDFIP2
LRRCC1,LRRCC1
CACNG2,CACNG2
EFS,EFS
C7orf61,C7orf61
OR4N5,OR4N5
KRT6C,KRT6C
GTSF1,GTSF1
SEPT9,SEPT9
IGHV4OR15-8,IGHV4OR15-8
RSPO1,RSPO1
HNF1B,HNF1B
UQCR11,UQCR11
RALGAPB,RALGAPB
TRBV11-1,TRBV11-1
CDK19,CDK19
KLF12,KLF12
KBTBD6,KBTBD6
FAM83F,FAM83F
HMX2,HMX2
PPP2CA,PPP2CA
MRPS27,MRPS27
ASCL2,ASCL2
KIF5A,KIF5A
ENSG00000281899,ENSG00000281899
POLR2I,POLR2I
COX11,COX11
SLC12A7,SLC12A7
CETN2,CETN2
TRIM6-TRIM34,TRIM6-TRIM34
MGEA5,MGEA5
GRIK5,GRIK5
TRANK1,TRANK1
LAYN,LAYN
RNASET2,RNASET2
ISPD,ISPD
EFCAB12,EFCAB12
BLVRA,BLVRA
PRSS42,PRSS42
ZBTB11,ZBTB11
TEX10,TEX10
TPP2,TPP2
DTNBP1,DTNBP1
NXPE3,NXPE3
BTF3,BTF3
ITGB1,ITGB1
AP3S2,AP3S2
ANKEF1,ANKEF1
SERP1,SERP1
EPDR1,EPDR1
CPNE5,CPNE5
RAB19,RAB19
C17orf49,C17orf49
RCVRN,RCVRN
FAM181A,FAM181A
EIF1AD,EIF1AD
ELOB,ELOB
TBC1D8,TBC1D8
POM121C,POM121C
ENSG00000273259,ENSG00000273259
ZNF608,ZNF608
MLN,MLN
CABP5,CABP5
GRHL2,GRHL2
MC1R,MC1R
TP53I13,TP53I13
CSDC2,CSDC2
COL5A3,COL5A3
ATRN,ATRN
NUDT12,NUDT12
ZNFX1,ZNFX1
KLHDC7B,KLHDC7B
CFAP57,CFAP57
CHID1,CHID1
TP53BP1,TP53BP1
MAGEA12,MAGEA12
BATF3,BATF3
RGS12,RGS12
PTPMT1,PTPMT1
C1QTNF12,C1QTNF12
CRH,CRH
SNAPIN,SNAPIN
PCDHA3,PCDHA3
GIPC2,GIPC2
EBLN2,EBLN2
AAED1,AAED1
SLC27A1,SLC27A1
SNX9,SNX9
MYH10,MYH10
NOTCH2NL,NOTCH2NL
MKNK2,MKNK2
FAM180A,FAM180A
DAGLB,DAGLB
ZNF597,ZNF597
ZNF519,ZNF519
KCNJ2,KCNJ2
DDX39A,DDX39A
PLCD4,PLCD4
SLC7A8,SLC7A8
ZNF618,ZNF618
MBD5,MBD5
CSAD,CSAD
STARD9,STARD9
ARPP19,ARPP19
TRMT1L,TRMT1L
PPP1R2,PPP1R2
LRRC36,LRRC36
PREPL,PREPL
ZNF202,ZNF202
PREP,PREP
CFHR2,CFHR2
HILPDA,HILPDA
PHLDA3,PHLDA3
CSNK1G2,CSNK1G2
HGNC:26718,HGNC:26718
TRMT2B,TRMT2B
PRPF18,PRPF18
XPO4,XPO4
UNQ9165/PRO28630,UNQ9165/PRO28630
DOPEY2,DOPEY2
SLC41A3,SLC41A3
GART,GART
HAND1,HAND1
SFXN2,SFXN2
TMEM210,TMEM210
DNASE2,DNASE2
BMF,BMF
PPY,PPY
KLHL20,KLHL20
KIAA1210,KIAA1210
TUBG1,TUBG1
OR10H4,OR10H4
ECI2,ECI2
GRHPR,GRHPR
CALCB,CALCB
SCNN1A,SCNN1A
ARHGEF16,ARHGEF16
WBP2NL,WBP2NL
CSF3,CSF3
PGF,PGF
PCYT1B,PCYT1B
SERPINA6,SERPINA6
TMEM250,TMEM250
ZC3H14,ZC3H14
LCK,LCK
EID2,EID2
C1orf162,C1orf162
NEO1,NEO1
RELB,RELB
SFTA3,SFTA3
SPEG,SPEG
ZNF330,ZNF330
CDHR1,CDHR1
MYO15A,MYO15A
IDH3B,IDH3B
USP17L20,USP17L20
ENSG00000272305,ENSG00000272305
ZGLP1,ZGLP1
CAP1,CAP1
FKBP8,FKBP8
HGNC:45036,HGNC:45036
PHKA1,PHKA1
NAB1,NAB1
ATXN10,ATXN10
PCDHB14,PCDHB14
NDUFV3,NDUFV3
PLA2G1B,PLA2G1B
XK,XK
JPT1,JPT1
FAM72B,FAM72B
ARHGAP35,ARHGAP35
PCDH12,PCDH12
EIF4E1B,EIF4E1B
ZNF396,ZNF396
PLXDC2,PLXDC2
MEIOB,MEIOB
TOE1,TOE1
RPS8,RPS8
NBPF11,NBPF11
TAP2,TAP2
UBAP1,UBAP1
HKDC1,HKDC1
TM6SF2,TM6SF2
VAMP3,VAMP3
SLC4A4,SLC4A4
XCL1,XCL1
TRIM49C,TRIM49C
SGO1,SGO1
SLC37A3,SLC37A3
TSPAN3,TSPAN3
GSTP1,GSTP1
ARHGEF12,ARHGEF12
ENSG00000273154,ENSG00000273154
DEFB105A,DEFB105A
HOXB1,HOXB1
HES7,HES7
TAMM41,TAMM41
PLCH2,PLCH2
CCDC102B,CCDC102B
GJC2,GJC2
HS6ST2,HS6ST2
DCST2,DCST2
DGKQ,DGKQ
TNKS2,TNKS2
NCF1,NCF1
SCAMP2,SCAMP2
IMPA2,IMPA2
TRUB1,TRUB1
AMDHD1,AMDHD1
SACM1L,SACM1L
RPL35,RPL35
ERMARD,ERMARD
IFIT3,IFIT3
BIRC6,BIRC6
MYO1F,MYO1F
NECAB1,NECAB1
ABCB10,ABCB10
MARCKSL1,MARCKSL1
H2AFY2,H2AFY2
TBX3,TBX3
PIAS1,PIAS1
HDAC4,HDAC4
USP4,USP4
GRM4,GRM4
TPD52L3,TPD52L3
ATP2A3,ATP2A3
SYMPK,SYMPK
LCN9,LCN9
DNAAF5,DNAAF5
PUM1,PUM1
RASAL2,RASAL2
GLIS1,GLIS1
GRB2,GRB2
CEP89,CEP89
WDR45B,WDR45B
TMPRSS11E,TMPRSS11E
CCDC106,CCDC106
EXOC3L1,EXOC3L1
FAM135A,FAM135A
FITM1,FITM1
KBTBD2,KBTBD2
ZNF586,ZNF586
HPF1,HPF1
CALR3,CALR3
UBE2E3,UBE2E3
SLX4,SLX4
ZNF581,ZNF581
GFOD2,GFOD2
DEGS2,DEGS2
RSRP1,RSRP1
ITGAV,ITGAV
OR11H6,OR11H6
TONSL,TONSL
SPG21,SPG21
CDH20,CDH20
HYOU1,HYOU1
PCDHA5,PCDHA5
RPL36,RPL36
CFAP61,CFAP61
C4orf48,C4orf48
NCR1,NCR1
AMPH,AMPH
OR2F1,OR2F1
PMPCB,PMPCB
ABHD3,ABHD3
STKLD1,STKLD1
BTBD1,BTBD1
MFF,MFF
POLR1C,POLR1C
MSANTD2,MSANTD2
CORO2A,CORO2A
ATF6,ATF6
C16orf71,C16orf71
HGNC:32295,HGNC:32295
IFNK,IFNK
FBXL5,FBXL5
KCNAB2,KCNAB2
CHRND,CHRND
FCGR1B,FCGR1B
MPP4,MPP4
ANKZF1,ANKZF1
TRIML2,TRIML2
METTL13,METTL13
USP17L18,USP17L18
PTPDC1,PTPDC1
NR5A1,NR5A1
ARHGAP15,ARHGAP15
AUTS2,AUTS2
E2F8,E2F8
CD247,CD247
MS4A10,MS4A10
KRTAP9-3,KRTAP9-3
MTAP,MTAP
CPO,CPO
CSMD3,CSMD3
MXI1,MXI1
LILRA2,LILRA2
FUNDC2,FUNDC2
EGFLAM,EGFLAM
LIG3,LIG3
ANKRD7,ANKRD7
TSPY8,TSPY8
TWNK,TWNK
CSNK2B,CSNK2B
KRTAP10-7,KRTAP10-7
POLM,POLM
SLC25A30,SLC25A30
DCAF8,DCAF8
UROS,UROS
HLF,HLF
FIZ1,FIZ1
MAP6D1,MAP6D1
ATP6V1C2,ATP6V1C2
FOXL1,FOXL1
NOC2L,NOC2L
DNAJC1,DNAJC1
MANSC1,MANSC1
DBF4B,DBF4B
WNT7B,WNT7B
ATMIN,ATMIN
SGO2,SGO2
TMCO4,TMCO4
HHLA3,HHLA3
ANAPC4,ANAPC4
GLTPD2,GLTPD2
FSTL3,FSTL3
CD22,CD22
SYNPO,SYNPO
PRR4,PRR4
RPAP2,RPAP2
FANCB,FANCB
IFNG,IFNG
MINOS1,MINOS1
ENSG00000258417,ENSG00000258417
LRRC3,LRRC3
ALDH6A1,ALDH6A1
ACSF3,ACSF3
MRPS30,MRPS30
ARSE,ARSE
ILDR1,ILDR1
BCAT1,BCAT1
BNIP2,BNIP2
AHSP,AHSP
ESS2,ESS2
MRPL46,MRPL46
PIK3R5,PIK3R5
ACAD9,ACAD9
SH3D21,SH3D21
LCE2D,LCE2D
SEMA3A,SEMA3A
ACOT4,ACOT4
BTN3A2,BTN3A2
TMED3,TMED3
RPL36A-HNRNPH2,RPL36A-HNRNPH2
NDRG2,NDRG2
LHB,LHB
GBP6,GBP6
ANKRD28,ANKRD28
SMKR1,SMKR1
AFMID,AFMID
DEFB113,DEFB113
PNO1,PNO1
TARDBP,TARDBP
EXPH5,EXPH5
DRC7,DRC7
SLC41A1,SLC41A1
AP1AR,AP1AR
PLK2,PLK2
GALNT6,GALNT6
DOC2A,DOC2A
VDAC3,VDAC3
TECPR2,TECPR2
KRT38,KRT38
ARID5A,ARID5A
HIST1H2AC,HIST1H2AC
AMBP,AMBP
SLC16A1,SLC16A1
TSPAN11,TSPAN11
ENSG00000188897,ENSG00000188897
SIGLECL1,SIGLECL1
SLC34A3,SLC34A3
CHP2,CHP2
HIST1H1D,HIST1H1D
DOK7,DOK7
MTM1,MTM1
KANSL1L,KANSL1L
PARN,PARN
PHF21A,PHF21A
PHRF1,PHRF1
LRRC41,LRRC41
ILF2,ILF2
SMC1A,SMC1A
NUS1,NUS1
IFITM10,IFITM10
INHBE,INHBE
FSCN2,FSCN2
ZNF610,ZNF610
LBH,LBH
CYP39A1,CYP39A1
CBWD3,CBWD3
FRMD6,FRMD6
GNMT,GNMT
PKD2L2,PKD2L2
TPP1,TPP1
LILRA6,LILRA6
CCR3,CCR3
SPARCL1,SPARCL1
MAT2A,MAT2A
SRP68,SRP68
FCHSD2,FCHSD2
MARCH10,MARCH10
PIP5K1C,PIP5K1C
RANBP1,RANBP1
PTP4A2,PTP4A2
OR2T34,OR2T34
BAG3,BAG3
ANKRD12,ANKRD12
APLF,APLF
NMRAL1,NMRAL1
ZNF665,ZNF665
ACRBP,ACRBP
C16orf91,C16orf91
TLCD1,TLCD1
DAOA,DAOA
PDCD5,PDCD5
SH3GLB1,SH3GLB1
C1orf185,C1orf185
AKAP14,AKAP14
WNT8B,WNT8B
EXOC3L4,EXOC3L4
HOXA10,HOXA10
FAM196B,FAM196B
USP16,USP16
LRRC37A2,LRRC37A2
AKT1,AKT1
SSTR1,SSTR1
GALNT7,GALNT7
ADAMTS6,ADAMTS6
ENSG00000272162,ENSG00000272162
ABHD17A,ABHD17A
KLHDC10,KLHDC10
UBAP2L,UBAP2L
NOP16,NOP16
CAST,CAST
RPL19,RPL19
NPHP1,NPHP1
TMEM63B,TMEM63B
NET1,NET1
ALOX12B,ALOX12B
RPL15,RPL15
ZNF587,ZNF587
LIN54,LIN54
IL27,IL27
SEC22A,SEC22A
C10orf120,C10orf120
OR2A25,OR2A25
SPACA7,SPACA7
TMEM62,TMEM62
NDUFA2,NDUFA2
MRPL14,MRPL14
TGFBR1,TGFBR1
RPL36A,RPL36A
IQCA1,IQCA1
PTPRR,PTPRR
NARS2,NARS2
CTRL,CTRL
PSMF1,PSMF1
TSGA10,TSGA10
RASA1,RASA1
SLC27A5,SLC27A5
ENG,ENG
NXF1,NXF1
AIP,AIP
SLK,SLK
WDR86,WDR86
SYT16,SYT16
TTC39C,TTC39C
ENSG00000282246,ENSG00000282246
PTCHD1,PTCHD1
RASSF5,RASSF5
TARSL2,TARSL2
ANGPTL2,ANGPTL2
OR9Q1,OR9Q1
DRD2,DRD2
TRAIP,TRAIP
CAPN1,CAPN1
C2orf91,C2orf91
CCDC121,CCDC121
PDE2A,PDE2A
MT1E,MT1E
TRAPPC1,TRAPPC1
DEPDC4,DEPDC4
KRTAP3-2,KRTAP3-2
CPEB1,CPEB1
LILRB5,LILRB5
DROSHA,DROSHA
DRD5,DRD5
NPTN,NPTN
ERG28,ERG28
SHISA9,SHISA9
PIGG,PIGG
KPNA4,KPNA4
CCDC58,CCDC58
GABBR1,GABBR1
UCMA,UCMA
IGHJ6,IGHJ6
DNAH10,DNAH10
LRIG2,LRIG2
PLCZ1,PLCZ1
NXPH4,NXPH4
OR10G4,OR10G4
AGFG1,AGFG1
RPS23,RPS23
DCAF4L1,DCAF4L1
PABPC4,PABPC4
FABP3,FABP3
RAB20,RAB20
EPB42,EPB42
LPCAT4,LPCAT4
RAI1,RAI1
IRF3,IRF3
SLX4IP,SLX4IP
CXorf40B,CXorf40B
ENSG00000251012,ENSG00000251012
METTL3,METTL3
KDM5D,KDM5D
GSDME,GSDME
TAAR8,TAAR8
DSTYK,DSTYK
FAM187B,FAM187B
FAM96A,FAM96A
CMTM7,CMTM7
OR6P1,OR6P1
RTN4R,RTN4R
CREB3L1,CREB3L1
BSN,BSN
SLC6A19,SLC6A19
ADGRE2,ADGRE2
HIST1H2BH,HIST1H2BH
MINK1,MINK1
HIST1H2BN,HIST1H2BN
ENSG00000261915,ENSG00000261915
ZNF784,ZNF784
TAS1R2,TAS1R2
IQSEC1,IQSEC1
TRAJ50,TRAJ50
ENSG00000203546,ENSG00000203546
ANGPT4,ANGPT4
PCDHB7,PCDHB7
ZNF256,ZNF256
BTBD17,BTBD17
KRT75,KRT75
HSD11B1L,HSD11B1L
CLOCK,CLOCK
NRTN,NRTN
TOLLIP,TOLLIP
IGHD1-1,IGHD1-1
ZNF749,ZNF749
EMCN,EMCN
CAPZA3,CAPZA3
ZNF253,ZNF253
CYP24A1,CYP24A1
NCBP1,NCBP1
HPSE2,HPSE2
TP53I11,TP53I11
SYT2,SYT2
CUL2,CUL2
ZNF805,ZNF805
UBE2D1,UBE2D1
ENTPD8,ENTPD8
OR51B4,OR51B4
FAM174A,FAM174A
TMEM120B,TMEM120B
EFNA2,EFNA2
SLC5A3,SLC5A3
ZFHX2,ZFHX2
SLC25A5,SLC25A5
CRLS1,CRLS1
PRMT8,PRMT8
SEC61B,SEC61B
HOXA5,HOXA5
TRAV34,TRAV34
TMEM259,TMEM259
IGSF10,IGSF10
SPATA5,SPATA5
RPS6KA1,RPS6KA1
FBXO9,FBXO9
FAM106A,FAM106A
SORD,SORD
DDX52,DDX52
ABCC12,ABCC12
CACNA2D2,CACNA2D2
COLEC10,COLEC10
DLL4,DLL4
ISL1,ISL1
WDR72,WDR72
USP43,USP43
TOMM6,TOMM6
ST6GALNAC6,ST6GALNAC6
RASSF7,RASSF7
GABARAPL2,GABARAPL2
FBXO45,FBXO45
AGO3,AGO3
COA6,COA6
IGKV2D-30,IGKV2D-30
OR9A2,OR9A2
CRTC1,CRTC1
CMAS,CMAS
CTSZ,CTSZ
PRADC1,PRADC1
MROH1,MROH1
RNF17,RNF17
SLC25A47,SLC25A47
DMXL2,DMXL2
GAA,GAA
FAM89A,FAM89A
MTRNR2L11,MTRNR2L11
OSGEPL1,OSGEPL1
FAM122A,FAM122A
RAB27B,RAB27B
EPN3,EPN3
LAD1,LAD1
SMN1,SMN1
PSG11,PSG11
AANAT,AANAT
GSK3A,GSK3A
RNPC3,RNPC3
GAB2,GAB2
OMA1,OMA1
SETD9,SETD9
SLFN13,SLFN13
CC2D1A,CC2D1A
EMC6,EMC6
GPALPP1,GPALPP1
TAT,TAT
SLC22A15,SLC22A15
SAR1B,SAR1B
CYP2B6,CYP2B6
THAP4,THAP4
PDIA3,PDIA3
OR2T8,OR2T8
VGF,VGF
POLD1,POLD1
TOMM22,TOMM22
PDS5B,PDS5B
VPS72,VPS72
RHOBTB2,RHOBTB2
ZNF589,ZNF589
ERICH1,ERICH1
ARPC4-TTLL3,ARPC4-TTLL3
ZNF800,ZNF800
SNX25,SNX25
ALG8,ALG8
C12orf66,C12orf66
HIST1H1T,HIST1H1T
BAG5,BAG5
IGHJ5,IGHJ5
HFM1,HFM1
C17orf50,C17orf50
SERBP1,SERBP1
NF1,NF1
PUM2,PUM2
SERINC4,SERINC4
HRH3,HRH3
ARHGEF17,ARHGEF17
UBR2,UBR2
ZNF337,ZNF337
FDX2,FDX2
NDUFB2,NDUFB2
OR4C46,OR4C46
WDR54,WDR54
MYRFL,MYRFL
LCA5L,LCA5L
UBE2L3,UBE2L3
LCOR,LCOR
MEI4,MEI4
NTF4,NTF4
IGHV3OR16-9,IGHV3OR16-9
SLC2A11,SLC2A11
MIA3,MIA3
BLOC1S5-TXNDC5,BLOC1S5-TXNDC5
ZNF814,ZNF814
TMEM161A,TMEM161A
CLDN4,CLDN4
ANGEL2,ANGEL2
PRPF6,PRPF6
BAAT,BAAT
PNRC1,PNRC1
SEMA3F,SEMA3F
SLC25A19,SLC25A19
IGHV3-73,IGHV3-73
VAT1L,VAT1L
ZNF426,ZNF426
CA2,CA2
ST3GAL3,ST3GAL3
SNTG2,SNTG2
PKD2L1,PKD2L1
PLEKHB1,PLEKHB1
PGM2L1,PGM2L1
PIP4P1,PIP4P1
DSTN,DSTN
LOR,LOR
NOL11,NOL11
GCH1,GCH1
FXYD3,FXYD3
UPP1,UPP1
INPPL1,INPPL1
SCNN1D,SCNN1D
COMMD9,COMMD9
ASMT,ASMT
PTPN12,PTPN12
MGAT5,MGAT5
TM4SF4,TM4SF4
MDGA1,MDGA1
TIMM10,TIMM10
FOXD4L6,FOXD4L6
TMEM208,TMEM208
ABHD14B,ABHD14B
RGPD3,RGPD3
RGN,RGN
SOX7,SOX7
ZFAND6,ZFAND6
VCX3A,VCX3A
TMEM225,TMEM225
PJA2,PJA2
STAR,STAR
NRP1,NRP1
ENSG00000260851,ENSG00000260851
DERL2,DERL2
BMT2,BMT2
GNA15,GNA15
QRFPR,QRFPR
TMEM136,TMEM136
LHX2,LHX2
OR4N4,OR4N4
ANK3,ANK3
ZDHHC11B,ZDHHC11B
HGNC:31949,HGNC:31949
OR52B4,OR52B4
LCMT2,LCMT2
PM20D2,PM20D2
ARHGAP8,ARHGAP8
MYO5C,MYO5C
MEOX2,MEOX2
STEAP1B,STEAP1B
VGLL3,VGLL3
UFD1,UFD1
NIF3L1,NIF3L1
FOXC1,FOXC1
FOXD4L1,FOXD4L1
RBP3,RBP3
TCERG1L,TCERG1L
C11orf98,C11orf98
POM121,POM121
GLT8D2,GLT8D2
SOCS2,SOCS2
SLC1A6,SLC1A6
SNAP29,SNAP29
FAM151A,FAM151A
EMD,EMD
PDZD11,PDZD11
SERF2,SERF2
THBS2,THBS2
DUS1L,DUS1L
SLC35A3,SLC35A3
PLEKHH2,PLEKHH2
FLVCR1,FLVCR1
SLC51B,SLC51B
TLR5,TLR5
RFNG,RFNG
ABT1,ABT1
LHFPL2,LHFPL2
TRIM39,TRIM39
GCNT2,GCNT2
ZACN,ZACN
MARCH8,MARCH8
CT47A11,CT47A11
LNPK,LNPK
USP13,USP13
ST3GAL2,ST3GAL2
RAPGEF5,RAPGEF5
KIAA1551,KIAA1551
FAM107B,FAM107B
SRRM2,SRRM2
CCL16,CCL16
MTHFD1L,MTHFD1L
CDIPT,CDIPT
ICA1L,ICA1L
ERCC3,ERCC3
SSC4D,SSC4D
RUNX2,RUNX2
DENND2A,DENND2A
KPNA3,KPNA3
HSDL1,HSDL1
PRPF8,PRPF8
GCAT,GCAT
DDX53,DDX53
CANX,CANX
SLC2A5,SLC2A5
LRRC17,LRRC17
EXTL2,EXTL2
PNPT1,PNPT1
CENPN,CENPN
SREK1,SREK1
PFDN2,PFDN2
CTDSPL2,CTDSPL2
ZNF793,ZNF793
FYB2,FYB2
METTL21C,METTL21C
POLR3E,POLR3E
RYR2,RYR2
USP54,USP54
MAN2C1,MAN2C1
RAVER2,RAVER2
SLC51A,SLC51A
IGHD6-13,IGHD6-13
HLA-DQA2,HLA-DQA2
KIAA1257,KIAA1257
AMOTL2,AMOTL2
EPHA2,EPHA2
JAKMIP1,JAKMIP1
PIGY,PIGY
HDGFL1,HDGFL1
HRASLS2,HRASLS2
SLC35D2,SLC35D2
KRTAP24-1,KRTAP24-1
FTHL17,FTHL17
CAT,CAT
PRR14L,PRR14L
ZBTB10,ZBTB10
VTI1B,VTI1B
PANX2,PANX2
CNBP,CNBP
ADAM21,ADAM21
ACTR10,ACTR10
CAPS,CAPS
ATP2A1,ATP2A1
TGIF2LX,TGIF2LX
IGKV1D-17,IGKV1D-17
B3GAT3,B3GAT3
COX7B2,COX7B2
SLC15A2,SLC15A2
HTATSF1,HTATSF1
TRMT10A,TRMT10A
PLP2,PLP2
PTH,PTH
KLHL31,KLHL31
SPDYE1,SPDYE1
CCT4,CCT4
SAMD15,SAMD15
PRAMEF14,PRAMEF14
USP17L21,USP17L21
HGNC:33712,HGNC:33712
PCNX1,PCNX1
TRAF3,TRAF3
MPP5,MPP5
IGHV2-26,IGHV2-26
NPIPA1,NPIPA1
SH3D19,SH3D19
GPR63,GPR63
SPATA16,SPATA16
MED21,MED21
CARNMT1,CARNMT1
ABLIM1,ABLIM1
GAS2L3,GAS2L3
HERC5,HERC5
DMBT1,DMBT1
DIAPH3,DIAPH3
ZNF541,ZNF541
PDZRN3,PDZRN3
ANXA9,ANXA9
PROKR1,PROKR1
PTPN4,PTPN4
KCNK7,KCNK7
ZNF85,ZNF85
QKI,QKI
FICD,FICD
TYMP,TYMP
CRAT,CRAT
GALE,GALE
CCDC152,CCDC152
CCDC158,CCDC158
PON1,PON1
RPTN,RPTN
ASGR2,ASGR2
OR11L1,OR11L1
TEX29,TEX29
TSPAN32,TSPAN32
MYH3,MYH3
NOL4L,NOL4L
TAAR1,TAAR1
ENPP3,ENPP3
HOXC6,HOXC6
COQ10B,COQ10B
DUSP2,DUSP2
MERTK,MERTK
SPOP,SPOP
GLS2,GLS2
AXDND1,AXDND1
KCTD5,KCTD5
PCIF1,PCIF1
DCPS,DCPS
HPR,HPR
ZNF282,ZNF282
SIK2,SIK2
GREB1L,GREB1L
BARX2,BARX2
CD79A,CD79A
DAND5,DAND5
TMEM237,TMEM237
MRPL35,MRPL35
NFIA,NFIA
POU3F2,POU3F2
ETS1,ETS1
PDCD2L,PDCD2L
IFIT5,IFIT5
RASGEF1B,RASGEF1B
IMPG2,IMPG2
HAUS8,HAUS8
ECHS1,ECHS1
CRYGC,CRYGC
PARP1,PARP1
MELK,MELK
DDX43,DDX43
GHRH,GHRH
LBX2,LBX2
PRKACG,PRKACG
CD2BP2,CD2BP2
PANK4,PANK4
SPARC,SPARC
NSMCE4A,NSMCE4A
SYCP3,SYCP3
KIAA1328,KIAA1328
ZNF626,ZNF626
LHPP,LHPP
UPF1,UPF1
BTBD9,BTBD9
RHCG,RHCG
MSANTD4,MSANTD4
KCTD1,KCTD1
DUSP22,DUSP22
STAP2,STAP2
PDX1,PDX1
MROH2B,MROH2B
SRBD1,SRBD1
TMEM263,TMEM263
PDLIM3,PDLIM3
SPA17,SPA17
NPY5R,NPY5R
IL18R1,IL18R1
CSB-PGBD3,CSB-PGBD3
GAB4,GAB4
PLEKHO2,PLEKHO2
C2orf69,C2orf69
ENSG00000283149,ENSG00000283149
PRR3,PRR3
HIGD2A,HIGD2A
TRIM62,TRIM62
RPP38,RPP38
IL17RD,IL17RD
ENSG00000167807,ENSG00000167807
PRSS35,PRSS35
BGLAP,BGLAP
FNTA,FNTA
HIGD2B,HIGD2B
S1PR3,S1PR3
ADIRF,ADIRF
PGBD4,PGBD4
SLC9A9,SLC9A9
NEURL1B,NEURL1B
NEURL4,NEURL4
MLX,MLX
TRIM32,TRIM32
CCR4,CCR4
C9orf72,C9orf72
RASSF4,RASSF4
LRRC20,LRRC20
OMP,OMP
STXBP4,STXBP4
ENSG00000187695,ENSG00000187695
VHL,VHL
TMEM218,TMEM218
MYO3B,MYO3B
SCGB2A2,SCGB2A2
TRBV20-1,TRBV20-1
MLC1,MLC1
TSR2,TSR2
CAPZA1,CAPZA1
SHPK,SHPK
PRSS37,PRSS37
CEBPD,CEBPD
MINDY2,MINDY2
SPAG11B,SPAG11B
MT1H,MT1H
RAMP2,RAMP2
KLHL23,KLHL23
SEC13,SEC13
MRPS6,MRPS6
TRIM21,TRIM21
YIPF3,YIPF3
CD19,CD19
AAGAB,AAGAB
KCTD13,KCTD13
LCN12,LCN12
YWHAZ,YWHAZ
LAMB2,LAMB2
AQP9,AQP9
KLK8,KLK8
ZBTB7B,ZBTB7B
COL3A1,COL3A1
MAP1LC3B,MAP1LC3B
ZMYM1,ZMYM1
TFPI,TFPI
ENSG00000268107,ENSG00000268107
ERCC6L,ERCC6L
BCAS1,BCAS1
SLC25A13,SLC25A13
PHGR1,PHGR1
CDCA3,CDCA3
RCE1,RCE1
AP1G2,AP1G2
PPP5C,PPP5C
GJB5,GJB5
FGG,FGG
CACNA2D3,CACNA2D3
RALYL,RALYL
TMEM254,TMEM254
CUL3,CUL3
IQCF6,IQCF6
UNC13C,UNC13C
SKA3,SKA3
ARSJ,ARSJ
HBEGF,HBEGF
ZNF813,ZNF813
NIPAL3,NIPAL3
BACH2,BACH2
VOPP1,VOPP1
PRF1,PRF1
ANAPC7,ANAPC7
OR6C1,OR6C1
GBA2,GBA2
RDH5,RDH5
KIAA0232,KIAA0232
IQCF1,IQCF1
PC,PC
FOXE3,FOXE3
OR5H1,OR5H1
TCF3,TCF3
ENSG00000258728,ENSG00000258728
ENSG00000269476,ENSG00000269476
HEBP2,HEBP2
TULP3,TULP3
CLCF1,CLCF1
SLC22A23,SLC22A23
IGSF3,IGSF3
DMRTC1,DMRTC1
ZNF416,ZNF416
CRIP2,CRIP2
DZANK1,DZANK1
CRP,CRP
CLDN23,CLDN23
CHD2,CHD2
KIAA1143,KIAA1143
KRCC1,KRCC1
C1QL3,C1QL3
ENSG00000267261,ENSG00000267261
TBX4,TBX4
A1CF,A1CF
TIRAP,TIRAP
PRRT2,PRRT2
S1PR5,S1PR5
GPR180,GPR180
SEC14L4,SEC14L4
MAGEA4,MAGEA4
ARX,ARX
TRAPPC9,TRAPPC9
ZRANB3,ZRANB3
YAP1,YAP1
SLC15A5,SLC15A5
TSPOAP1,TSPOAP1
ADNP2,ADNP2
PATE3,PATE3
FLRT2,FLRT2
TRAV12-2,TRAV12-2
ZNF514,ZNF514
IL36G,IL36G
CHRNA3,CHRNA3
FAF2,FAF2
ENSG00000283580,ENSG00000283580
PLN,PLN
CYP2W1,CYP2W1
OR52L1,OR52L1
PVRIG,PVRIG
ESRP1,ESRP1
SLC19A2,SLC19A2
HGNC:27409,HGNC:27409
NDST4,NDST4
CACNA1G,CACNA1G
SUPT4H1,SUPT4H1
PRLHR,PRLHR
ZNF329,ZNF329
PAX1,PAX1
MTF2,MTF2
BBX,BBX
NIPSNAP3B,NIPSNAP3B
CNBD1,CNBD1
PTEN,PTEN
MNAT1,MNAT1
DDX28,DDX28
TNIP2,TNIP2
NBPF4,NBPF4
NCBP2L,NCBP2L
FEN1,FEN1
HSPG2,HSPG2
UPB1,UPB1
FMO3,FMO3
OR4E2,OR4E2
CXXC1,CXXC1
SLC1A2,SLC1A2
SGSM2,SGSM2
ZHX1,ZHX1
CD5L,CD5L
SPATS1,SPATS1
SLC17A9,SLC17A9
MKRN2OS,MKRN2OS
DUPD1,DUPD1
TRAJ12,TRAJ12
CLIC6,CLIC6
LAPTM5,LAPTM5
RIOX2,RIOX2
GABRR2,GABRR2
AUH,AUH
LYZL6,LYZL6
TRAJ6,TRAJ6
SLC17A1,SLC17A1
CYP27C1,CYP27C1
STRA8,STRA8
RPS11,RPS11
DUSP8,DUSP8
LMBR1,LMBR1
PEPD,PEPD
C16orf92,C16orf92
CABP7,CABP7
LY9,LY9
FBRS,FBRS
KCTD20,KCTD20
SLC28A1,SLC28A1
NDST3,NDST3
DPYSL3,DPYSL3
MAN2B2,MAN2B2
COL9A1,COL9A1
EEF1AKMT1,EEF1AKMT1
TCN1,TCN1
HGNC:17505,HGNC:17505
MDH1B,MDH1B
KRTAP20-1,KRTAP20-1
SLC14A2,SLC14A2
KLHL17,KLHL17
LGR6,LGR6
MAGED4B,MAGED4B
OR7A17,OR7A17
CCNL1,CCNL1
TNKS,TNKS
NOC4L,NOC4L
CPXM2,CPXM2
CCL23,CCL23
MOCOS,MOCOS
GLIPR1,GLIPR1
C18orf32,C18orf32
SOAT2,SOAT2
ANAPC1,ANAPC1
NUDT9,NUDT9
CHAT,CHAT
OR5A2,OR5A2
SOWAHA,SOWAHA
ENSG00000259060,ENSG00000259060
EBLN1,EBLN1
MAEA,MAEA
KLF14,KLF14
TIMM23,TIMM23
ZMYND15,ZMYND15
FAM122B,FAM122B
PDE4DIP,PDE4DIP
OTUD3,OTUD3
ANK1,ANK1
PTCD2,PTCD2
DSCC1,DSCC1
TNFSF11,TNFSF11
HRG,HRG
ATG4D,ATG4D
TEX15,TEX15
PDP1,PDP1
OR51V1,OR51V1
FUT8,FUT8
TAS2R8,TAS2R8
C19orf73,C19orf73
VPS9D1,VPS9D1
PGAM4,PGAM4
RCAN1,RCAN1
PNMA5,PNMA5
FJX1,FJX1
VAMP4,VAMP4
OR6C2,OR6C2
MTRF1,MTRF1
WDR53,WDR53
SCARB2,SCARB2
C4orf45,C4orf45
TRIM61,TRIM61
PPP1R3G,PPP1R3G
VCL,VCL
KRT82,KRT82
PLET1,PLET1
KIAA0753,KIAA0753
TMED5,TMED5
NAPSA,NAPSA
DBNDD2,DBNDD2
SLC22A16,SLC22A16
PRKX,PRKX
SLC6A7,SLC6A7
XPNPEP1,XPNPEP1
ARG1,ARG1
FHOD1,FHOD1
DDX5,DDX5
FEM1B,FEM1B
MRGPRE,MRGPRE
RITA1,RITA1
SPDYE3,SPDYE3
TRBV7-7,TRBV7-7
ZNF503,ZNF503
UBAP1L,UBAP1L
TNNI3,TNNI3
ARL6IP5,ARL6IP5
BBS9,BBS9
BZW2,BZW2
PSTPIP1,PSTPIP1
GLIPR1L1,GLIPR1L1
BSX,BSX
NBAS,NBAS
SLC43A3,SLC43A3
RANBP3L,RANBP3L
RAD9A,RAD9A
LTK,LTK
RPA1,RPA1
LRRC25,LRRC25
DUSP18,DUSP18
ZNF44,ZNF44
XBP1,XBP1
IFIT2,IFIT2
DHODH,DHODH
RNASE9,RNASE9
SEMA6A,SEMA6A
TRDJ1,TRDJ1
SYP,SYP
NPFFR1,NPFFR1
MNS1,MNS1
RPS6KA6,RPS6KA6
TTI1,TTI1
TMEM74,TMEM74
METTL4,METTL4
NRBP1,NRBP1
PSKH2,PSKH2
VWA2,VWA2
PAQR4,PAQR4
CLDN6,CLDN6
MRRF,MRRF
PCSK7,PCSK7
ARHGEF35,ARHGEF35
TRAJ7,TRAJ7
MET,MET
ID4,ID4
ENSG00000257046,ENSG00000257046
TMEM132C,TMEM132C
SCNN1B,SCNN1B
CHST12,CHST12
MRPL24,MRPL24
HFE2,HFE2
MAGEH1,MAGEH1
DNLZ,DNLZ
THUMPD2,THUMPD2
CSNK2A2,CSNK2A2
DAB2,DAB2
IL6R,IL6R
PLG,PLG
PHF20,PHF20
CADM1,CADM1
LSMEM1,LSMEM1
HLA-G,HLA-G
ABHD17C,ABHD17C
THPO,THPO
CENPQ,CENPQ
CD83,CD83
ALG6,ALG6
ARPC5L,ARPC5L
MTERF1,MTERF1
YWHAE,YWHAE
GGTLC2,GGTLC2
DHDDS,DHDDS
TP53TG3,TP53TG3
RAF1,RAF1
HDX,HDX
ENSG00000250424,ENSG00000250424
SOGA1,SOGA1
RABGGTB,RABGGTB
ZBED1,ZBED1
C18orf54,C18orf54
SRGAP1,SRGAP1
TMEM190,TMEM190
C1orf61,C1orf61
PARVB,PARVB
PDGFA,PDGFA
ALDH5A1,ALDH5A1
DEFB132,DEFB132
CCDC68,CCDC68
DAPL1,DAPL1
BRD4,BRD4
CAV2,CAV2
C11orf45,C11orf45
TPSD1,TPSD1
NUP58,NUP58
MYL6,MYL6
CEP250,CEP250
GABRA1,GABRA1
OVCA2,OVCA2
SELENON,SELENON
GPRC5A,GPRC5A
OR8J3,OR8J3
KLK1,KLK1
AGO2,AGO2
OLFM4,OLFM4
PLA2G2E,PLA2G2E
CDC16,CDC16
IRF7,IRF7
MARK2,MARK2
MXD4,MXD4
TRDV2,TRDV2
CFHR5,CFHR5
DAZL,DAZL
SKIV2L2,SKIV2L2
CCDC94,CCDC94
RNF40,RNF40
EXT2,EXT2
GABRG1,GABRG1
MRGPRX2,MRGPRX2
CDS2,CDS2
RAB3B,RAB3B
LRRTM4,LRRTM4
TRH,TRH
ZNF536,ZNF536
SH2D4A,SH2D4A
AMT,AMT
OR5L1,OR5L1
BORCS8,BORCS8
TSC2,TSC2
ENSG00000283787,ENSG00000283787
CLEC4G,CLEC4G
ARL14,ARL14
CLIC3,CLIC3
TRAV4,TRAV4
C2orf68,C2orf68
HTRA3,HTRA3
IQGAP2,IQGAP2
KIAA1324L,KIAA1324L
OR1L8,OR1L8
MAN1C1,MAN1C1
TDRD9,TDRD9
LDHAL6B,LDHAL6B
ZNF266,ZNF266
ZNF350,ZNF350
DMKN,DMKN
PEG3,PEG3
TTC3,TTC3
ASMTL,ASMTL
SEC14L6,SEC14L6
CDRT1,CDRT1
UBE2S,UBE2S
SMURF2,SMURF2
GPR149,GPR149
RGS22,RGS22
HGNC:28818,HGNC:28818
HAAO,HAAO
PCSK2,PCSK2
MAGEA2B,MAGEA2B
MPO,MPO
SAMD12,SAMD12
AGPAT4,AGPAT4
ANKLE1,ANKLE1
SLCO6A1,SLCO6A1
LMO3,LMO3
NPTX2,NPTX2
ANO8,ANO8
ENSG00000256566,ENSG00000256566
CYP3A7,CYP3A7
METRN,METRN
CLK1,CLK1
NLRP10,NLRP10
PASD1,PASD1
HGNC:26915,HGNC:26915
C1QBP,C1QBP
TGIF2,TGIF2
IMMT,IMMT
FGF20,FGF20
TMEM179B,TMEM179B
TRIP13,TRIP13
IL4,IL4
LILRB2,LILRB2
FASTKD3,FASTKD3
TRIM66,TRIM66
SLC7A3,SLC7A3
TMEM42,TMEM42
TMEM18,TMEM18
CNST,CNST
GUCA1A,GUCA1A
HTR2B,HTR2B
ABHD16B,ABHD16B
TRAJ9,TRAJ9
GLRA3,GLRA3
PRKAR2B,PRKAR2B
RRP15,RRP15
TACC1,TACC1
TEX43,TEX43
ARNT,ARNT
FBXO10,FBXO10
EIF4A2,EIF4A2
HAS2,HAS2
ARMC3,ARMC3
ATAD3B,ATAD3B
LUM,LUM
E2F7,E2F7
TUBA1B,TUBA1B
AMER2,AMER2
CHMP2B,CHMP2B
HTR4,HTR4
VPS52,VPS52
MOS,MOS
APOBEC1,APOBEC1
FGF4,FGF4
HINT2,HINT2
HOGA1,HOGA1
UBE2QL1,UBE2QL1
MAN2A1,MAN2A1
SLC30A2,SLC30A2
OR10G9,OR10G9
ZNF844,ZNF844
CDHR2,CDHR2
KIF14,KIF14
DSCR4,DSCR4
ZNF525,ZNF525
MDN1,MDN1
ZNF831,ZNF831
MEI1,MEI1
IL36B,IL36B
GPATCH11,GPATCH11
SKI,SKI
FAM71E2,FAM71E2
PGGT1B,PGGT1B
IL6,IL6
ZEB1,ZEB1
SH2D4B,SH2D4B
MLYCD,MLYCD
ZNF215,ZNF215
PPP2R5A,PPP2R5A
RNF208,RNF208
PPP1R7,PPP1R7
ZFPM1,ZFPM1
FAM78A,FAM78A
PYDC1,PYDC1
TIE1,TIE1
SARAF,SARAF
DMWD,DMWD
KDM6A,KDM6A
REG3A,REG3A
ABRA,ABRA
ADAL,ADAL
TNMD,TNMD
FASLG,FASLG
RGS10,RGS10
C19orf66,C19orf66
APOOL,APOOL
ZFC3H1,ZFC3H1
PKN2,PKN2
CDH10,CDH10
GLIPR1L2,GLIPR1L2
NOV,NOV
MISP3,MISP3
BEST3,BEST3
CENPE,CENPE
DEFB104A,DEFB104A
CYS1,CYS1
C17orf51,C17orf51
CDT1,CDT1
OBP2B,OBP2B
SHC2,SHC2
ATG14,ATG14
TJP3,TJP3
NODAL,NODAL
ARHGAP5,ARHGAP5
CIITA,CIITA
HERC4,HERC4
CYTL1,CYTL1
TM7SF3,TM7SF3
ENSG00000259753,ENSG00000259753
NFKBID,NFKBID
APOC3,APOC3
HAS3,HAS3
AFP,AFP
GPRASP1,GPRASP1
OR5J2,OR5J2
ZDHHC18,ZDHHC18
ARMC12,ARMC12
CLEC17A,CLEC17A
HFE,HFE
HGNC:21404,HGNC:21404
HTN3,HTN3
HK2,HK2
DLEC1,DLEC1
TCEAL5,TCEAL5
MAN1B1,MAN1B1
TEX35,TEX35
ZNF682,ZNF682
IWS1,IWS1
AICDA,AICDA
ZNF45,ZNF45
SNAPC2,SNAPC2
C4orf3,C4orf3
PSMC6,PSMC6
CARMIL2,CARMIL2
PLA2G15,PLA2G15
COPRS,COPRS
C17orf107,C17orf107
PSKH1,PSKH1
C1orf226,C1orf226
ZNF430,ZNF430
OR2C3,OR2C3
ZDHHC13,ZDHHC13
ST13,ST13
CIB1,CIB1
NLK,NLK
OTX1,OTX1
TATDN2,TATDN2
KCNIP2,KCNIP2
PDE4C,PDE4C
BCL11B,BCL11B
ASB8,ASB8
RBL1,RBL1
DPM3,DPM3
NRCAM,NRCAM
ADAMTS7,ADAMTS7
SLC16A11,SLC16A11
OR7C2,OR7C2
ANGPTL8,ANGPTL8
SERPINA12,SERPINA12
DCAF4L2,DCAF4L2
TMEM165,TMEM165
HSD17B14,HSD17B14
IGHD3-3,IGHD3-3
GSPT2,GSPT2
DCAF8L1,DCAF8L1
ZDHHC20,ZDHHC20
RAPH1,RAPH1
PPP2R3A,PPP2R3A
ZNF366,ZNF366
CNR1,CNR1
ZNF22,ZNF22
C11orf24,C11orf24
TIGD7,TIGD7
POP5,POP5
PTGIR,PTGIR
PYGO2,PYGO2
PPAN,PPAN
PTCHD3,PTCHD3
DCSTAMP,DCSTAMP
PYGM,PYGM
CLSPN,CLSPN
SEC61A1,SEC61A1
TSGA13,TSGA13
NECAB2,NECAB2
CDC37,CDC37
ZNF28,ZNF28
SAMD7,SAMD7
PKIA,PKIA
SLC39A9,SLC39A9
SIPA1,SIPA1
EQTN,EQTN
TMA16,TMA16
CCNO,CCNO
CNTN3,CNTN3
FAM189B,FAM189B
ISY1,ISY1
POLR3D,POLR3D
BFAR,BFAR
TM7SF2,TM7SF2
DPEP2,DPEP2
SLC7A6,SLC7A6
OBSL1,OBSL1
MRPS9,MRPS9
WDR81,WDR81
ZNF865,ZNF865
ZNF566,ZNF566
CHST5,CHST5
ZNF808,ZNF808
DIO2,DIO2
PCSK1,PCSK1
C12orf4,C12orf4
GPR32,GPR32
VPS26A,VPS26A
PITHD1,PITHD1
CCL8,CCL8
PSORS1C2,PSORS1C2
CCDC63,CCDC63
SRD5A1,SRD5A1
PLEKHH3,PLEKHH3
CD86,CD86
DEPDC1,DEPDC1
DEFB1,DEFB1
SLCO1B1,SLCO1B1
PMEL,PMEL
ATP5J,ATP5J
ELMOD3,ELMOD3
ABCB8,ABCB8
SP140L,SP140L
SIRT1,SIRT1
RNFT2,RNFT2
ENSG00000256029,ENSG00000256029
STON1,STON1
NMUR2,NMUR2
PRPF39,PRPF39
MS4A7,MS4A7
LCE1E,LCE1E
VMP1,VMP1
ZNF273,ZNF273
UGT3A1,UGT3A1
CPEB4,CPEB4
CLEC12B,CLEC12B
RAX,RAX
OR8H1,OR8H1
HPGDS,HPGDS
TAF4,TAF4
KRTAP19-2,KRTAP19-2
ELANE,ELANE
STMN4,STMN4
ENTPD7,ENTPD7
CCT6A,CCT6A
ZNRD1,ZNRD1
N4BP2L2,N4BP2L2
KIAA0141,KIAA0141
DCLK2,DCLK2
CAGE1,CAGE1
MMP26,MMP26
C9orf172,C9orf172
SEC24C,SEC24C
CAMLG,CAMLG
ATOX1,ATOX1
ZNF214,ZNF214
BMPR2,BMPR2
KLF13,KLF13
SLC9A6,SLC9A6
PRR5,PRR5
MEDAG,MEDAG
C22orf23,C22orf23
SOS1,SOS1
OSBPL7,OSBPL7
HEPN1,HEPN1
LRRC4,LRRC4
MRPS23,MRPS23
KLHDC3,KLHDC3
RAB38,RAB38
SKOR2,SKOR2
UGT3A2,UGT3A2
OR4L1,OR4L1
HGNC:1296,HGNC:1296
AQP8,AQP8
NOX4,NOX4
RDM1,RDM1
GRM1,GRM1
CYYR1,CYYR1
C15orf48,C15orf48
GCK,GCK
VTN,VTN
ATP8A1,ATP8A1
GBP4,GBP4
TFAP2B,TFAP2B
MED30,MED30
SH3BP1,SH3BP1
MNX1,MNX1
KCTD17,KCTD17
GSTM4,GSTM4
RBSN,RBSN
LGALS12,LGALS12
CPA1,CPA1
SIPA1L1,SIPA1L1
SLF1,SLF1
CACTIN,CACTIN
GDI2,GDI2
LRP5L,LRP5L
RGCC,RGCC
KIAA0319,KIAA0319
GJE1,GJE1
NSUN3,NSUN3
GOLGA6A,GOLGA6A
ENSG00000249773,ENSG00000249773
DAAM2,DAAM2
CDC14A,CDC14A
TTC24,TTC24
URB2,URB2
NAT14,NAT14
MOV10L1,MOV10L1
PLA2G4A,PLA2G4A
CYLC2,CYLC2
FBLL1,FBLL1
ENSG00000261147,ENSG00000261147
SMARCB1,SMARCB1
HINT3,HINT3
RIMBP2,RIMBP2
AACS,AACS
WDTC1,WDTC1
SPATA31A6,SPATA31A6
SYT10,SYT10
CHKB-CPT1B,CHKB-CPT1B
TMEM229B,TMEM229B
CYP11A1,CYP11A1
CCDC18,CCDC18
IFNL2,IFNL2
RNF19B,RNF19B
CLSTN3,CLSTN3
DIRC1,DIRC1
ASPA,ASPA
TRAPPC12,TRAPPC12
TWF2,TWF2
TMEM170A,TMEM170A
WFDC13,WFDC13
DMRTA2,DMRTA2
PAX2,PAX2
S100G,S100G
SRPX2,SRPX2
UTP15,UTP15
C10orf62,C10orf62
ZNF561,ZNF561
FAM110A,FAM110A
HADHB,HADHB
KIAA0319L,KIAA0319L
CCNJL,CCNJL
ANKRD34C,ANKRD34C
NRARP,NRARP
ARPC4,ARPC4
RNF150,RNF150
SERPINE3,SERPINE3
NPEPPS,NPEPPS
COQ7,COQ7
OXTR,OXTR
TNFRSF13C,TNFRSF13C
UXT,UXT
BEX4,BEX4
CHST10,CHST10
KRT7,KRT7
PPM1J,PPM1J
TCERG1,TCERG1
FAM186B,FAM186B
GPR143,GPR143
ST3GAL1,ST3GAL1
WNT5B,WNT5B
FLT1,FLT1
KYNU,KYNU
LCE3D,LCE3D
CXCL17,CXCL17
KCNH5,KCNH5
BEND5,BEND5
NDUFS6,NDUFS6
OR6Q1,OR6Q1
SLC5A4,SLC5A4
XPR1,XPR1
ATP6V1G2-DDX39B,ATP6V1G2-DDX39B
LRP2BP,LRP2BP
PSMB10,PSMB10
INTS1,INTS1
UQCRB,UQCRB
LY6G5C,LY6G5C
RASAL1,RASAL1
ZC3H18,ZC3H18
HMGA1,HMGA1
RBAK,RBAK
CFAP52,CFAP52
GFOD1,GFOD1
TEX44,TEX44
COL8A1,COL8A1
IQUB,IQUB
HSFX1,HSFX1
PDZD9,PDZD9
POLG2,POLG2
ENSG00000258653,ENSG00000258653
LINGO2,LINGO2
FGFBP3,FGFBP3
CDX2,CDX2
ETV3,ETV3
BMP2K,BMP2K
TCFL5,TCFL5
HGNC:23469,HGNC:23469
SSTR5,SSTR5
TEN1,TEN1
TDRD7,TDRD7
PIGF,PIGF
WDR43,WDR43
TAS1R1,TAS1R1
CLEC1A,CLEC1A
GPR68,GPR68
ENSG00000267303,ENSG00000267303
CDC42EP1,CDC42EP1
SERPINB1,SERPINB1
SFTA2,SFTA2
CALHM2,CALHM2
OR2A42,OR2A42
SGIP1,SGIP1
UCK2,UCK2
TCF7L2,TCF7L2
OR2B6,OR2B6
C3AR1,C3AR1
AREG,AREG
TRBV20OR9-2,TRBV20OR9-2
NAGS,NAGS
ENSG00000262621,ENSG00000262621
OR51H1,OR51H1
AAK1,AAK1
MANF,MANF
PSAPL1,PSAPL1
LGALS13,LGALS13
OSBP,OSBP
IGLV3-27,IGLV3-27
NUDT18,NUDT18
ZNF705B,ZNF705B
PLIN1,PLIN1
GPR157,GPR157
AATK,AATK
HSD3B1,HSD3B1
SLBP,SLBP
SPINK7,SPINK7
SUN3,SUN3
GDA,GDA
CCDC177,CCDC177
TBXA2R,TBXA2R
CFAP206,CFAP206
ARMCX1,ARMCX1
MRI1,MRI1
KRIT1,KRIT1
CCDC89,CCDC89
OR9K2,OR9K2
CLPTM1,CLPTM1
ZNF444,ZNF444
CACFD1,CACFD1
CBWD2,CBWD2
PRDM7,PRDM7
ZC3H8,ZC3H8
RNF169,RNF169
CDK5,CDK5
CISD2,CISD2
DCDC2B,DCDC2B
TRIM43,TRIM43
CHERP,CHERP
SFRP5,SFRP5
CCDC54,CCDC54
GGT5,GGT5
SMIM3,SMIM3
MOB1A,MOB1A
CFAP100,CFAP100
KCNA10,KCNA10
SGPL1,SGPL1
ARMC4,ARMC4
IL17F,IL17F
SDHAF2,SDHAF2
NEIL1,NEIL1
ZNF319,ZNF319
FAM173A,FAM173A
RYR1,RYR1
RBMXL1,RBMXL1
TTC7A,TTC7A
TRBV21OR9-2,TRBV21OR9-2
GMDS,GMDS
ZNF565,ZNF565
TGFBR3L,TGFBR3L
MICAL3,MICAL3
CBWD1,CBWD1
HGNC:49233,HGNC:49233
ADH1A,ADH1A
SUDS3,SUDS3
CCDC185,CCDC185
KLK11,KLK11
SPHAR,SPHAR
DEFA4,DEFA4
CD209,CD209
MMP27,MMP27
ACSF2,ACSF2
RAI14,RAI14
FUS,FUS
IL17C,IL17C
TRBV29-1,TRBV29-1
RANBP3,RANBP3
TTC31,TTC31
BMP2,BMP2
NRXN1,NRXN1
TNXB,TNXB
ADGRE5,ADGRE5
RBMS3,RBMS3
EFNA1,EFNA1
IGHV5-51,IGHV5-51
LRRC8D,LRRC8D
OR1I1,OR1I1
USP3,USP3
NFKBIA,NFKBIA
PUS7,PUS7
CLASRP,CLASRP
SHC4,SHC4
ARHGAP30,ARHGAP30
LRRC40,LRRC40
DHRS11,DHRS11
KDM8,KDM8
PCYOX1,PCYOX1
IGLV1-47,IGLV1-47
TBCEL,TBCEL
GRIA4,GRIA4
HGNC:27492,HGNC:27492
SPDEF,SPDEF
CA14,CA14
CYCS,CYCS
FERMT3,FERMT3
SEPT14,SEPT14
SLC37A2,SLC37A2
HAO2,HAO2
SYT1,SYT1
C14orf2,C14orf2
SLC17A8,SLC17A8
RFX3,RFX3
OR8H2,OR8H2
SETD2,SETD2
MPV17L,MPV17L
HSPA4L,HSPA4L
TMPRSS2,TMPRSS2
GPR150,GPR150
ANKRD2,ANKRD2
RASL10A,RASL10A
C15orf52,C15orf52
TECTB,TECTB
MPRIP,MPRIP
TFAP2C,TFAP2C
CLEC4D,CLEC4D
AGXT2,AGXT2
ZCCHC7,ZCCHC7
OR56B1,OR56B1
FAAP100,FAAP100
ALPK2,ALPK2
HUNK,HUNK
RAC2,RAC2
C11orf91,C11orf91
COL4A6,COL4A6
NMT2,NMT2
SLC25A34,SLC25A34
GANAB,GANAB
PAXBP1,PAXBP1
MYL2,MYL2
PNOC,PNOC
MRPL11,MRPL11
FCGR2A,FCGR2A
RMND5B,RMND5B
BLNK,BLNK
JDP2,JDP2
PMEPA1,PMEPA1
TCTEX1D2,TCTEX1D2
AQP7,AQP7
SALL3,SALL3
PML,PML
BRAF,BRAF
C5orf58,C5orf58
ADTRP,ADTRP
PHYHIP,PHYHIP
GARS,GARS
ESCO1,ESCO1
PANK3,PANK3
SECISBP2,SECISBP2
RSL24D1,RSL24D1
ARL4D,ARL4D
TDRD5,TDRD5
TRIM41,TRIM41
FBXW2,FBXW2
EPS8L3,EPS8L3
SNRPB2,SNRPB2
CCNB1,CCNB1
BRSK2,BRSK2
AMMECR1L,AMMECR1L
ULK4,ULK4
HSD11B2,HSD11B2
SETD6,SETD6
CNTNAP1,CNTNAP1
PEX5,PEX5
WBP2,WBP2
PRSS48,PRSS48
GALNT13,GALNT13
ZNF107,ZNF107
IKZF5,IKZF5
OR8B3,OR8B3
CCDC130,CCDC130
USP24,USP24
BCLAF3,BCLAF3
HGNC:28655,HGNC:28655
STARD6,STARD6
RSL1D1,RSL1D1
CBLN2,CBLN2
DNAJC18,DNAJC18
FAM227B,FAM227B
SEMA4F,SEMA4F
CERS6,CERS6
LACRT,LACRT
AP4S1,AP4S1
PAK1IP1,PAK1IP1
CYP2E1,CYP2E1
ADGRA3,ADGRA3
CASP4,CASP4
RBM25,RBM25
KCNA1,KCNA1
APBA1,APBA1
PTPN3,PTPN3
KDM4C,KDM4C
ADGRL1,ADGRL1
PCED1A,PCED1A
HTR1D,HTR1D
B3GALT6,B3GALT6
ENSG00000256591,ENSG00000256591
NINJ1,NINJ1
HS2ST1,HS2ST1
FBXO28,FBXO28
CENPB,CENPB
ANG,ANG
SPAG4,SPAG4
ATN1,ATN1
PAX7,PAX7
INTS5,INTS5
FOXA2,FOXA2
FAM129B,FAM129B
SMYD2,SMYD2
TLR9,TLR9
DALRD3,DALRD3
ZNF518B,ZNF518B
CFAP46,CFAP46
WDR11,WDR11
ZDHHC23,ZDHHC23
NUDT17,NUDT17
SNX21,SNX21
ZFYVE9,ZFYVE9
MTMR1,MTMR1
EIF4EBP2,EIF4EBP2
SRP72,SRP72
CDKN2AIP,CDKN2AIP
PLAT,PLAT
URI1,URI1
PAIP2,PAIP2
TIGD4,TIGD4
LRRC1,LRRC1
CDNF,CDNF
GALNT18,GALNT18
TBCE,TBCE
LACC1,LACC1
GPRC5D,GPRC5D
CTF1,CTF1
TWSG1,TWSG1
ZNF263,ZNF263
HSF4,HSF4
TACR3,TACR3
FOXP4,FOXP4
PAQR7,PAQR7
DCDC2,DCDC2
HDAC6,HDAC6
OR10J5,OR10J5
ENSG00000268434,ENSG00000268434
CX3CR1,CX3CR1
EIF6,EIF6
ATP6V0C,ATP6V0C
VNN1,VNN1
ENSG00000283496,ENSG00000283496
C11orf53,C11orf53
WDR93,WDR93
OR3A2,OR3A2
STAB1,STAB1
APPL1,APPL1
HBZ,HBZ
ARHGDIB,ARHGDIB
ICE1,ICE1
FPGS,FPGS
WISP1,WISP1
HAPLN2,HAPLN2
RBMY1J,RBMY1J
SPX,SPX
ABTB1,ABTB1
C21orf59,C21orf59
ZDHHC17,ZDHHC17
PPP4R4,PPP4R4
MVP,MVP
GPC4,GPC4
SERPINB8,SERPINB8
CST8,CST8
ACOT1,ACOT1
FCN1,FCN1
ANKRD62,ANKRD62
SART1,SART1
IGHV7-81,IGHV7-81
CGRRF1,CGRRF1
TMEM106C,TMEM106C
MAP7D1,MAP7D1
PRR19,PRR19
ITGA1,ITGA1
RPL31,RPL31
GIN1,GIN1
FARSA,FARSA
RETREG1,RETREG1
VSX1,VSX1
TRBV6-8,TRBV6-8
TFCP2L1,TFCP2L1
GMPR2,GMPR2
MAL,MAL
ACOT2,ACOT2
ARFGEF3,ARFGEF3
LRP12,LRP12
SGPP2,SGPP2
DLGAP1,DLGAP1
INSL4,INSL4
PPP6R2,PPP6R2
SNRNP200,SNRNP200
CUZD1,CUZD1
JOSD1,JOSD1
CNOT11,CNOT11
SERPINA5,SERPINA5
SCGB3A2,SCGB3A2
TKT,TKT
RNF213,RNF213
SPTY2D1,SPTY2D1
SGSM1,SGSM1
ATP11C,ATP11C
SNTA1,SNTA1
COX7B,COX7B
KATNB1,KATNB1
ZCCHC18,ZCCHC18
AHDC1,AHDC1
FNBP1L,FNBP1L
P2RX2,P2RX2
TCTE1,TCTE1
APLP2,APLP2
FAP,FAP
MTMR10,MTMR10
HGNC:16159,HGNC:16159
MAML2,MAML2
TNFRSF19,TNFRSF19
HIF3A,HIF3A
FBXO17,FBXO17
FKBP9,FKBP9
KCTD9,KCTD9
DNAJC27,DNAJC27
HCRT,HCRT
ZNF766,ZNF766
C19orf47,C19orf47
C19orf24,C19orf24
CYFIP1,CYFIP1
CYSLTR1,CYSLTR1
SPANXA1,SPANXA1
BTBD16,BTBD16
WSB1,WSB1
ATP13A5,ATP13A5
PTPRJ,PTPRJ
UBR1,UBR1
KLHL25,KLHL25
INMT,INMT
PDZD8,PDZD8
IGHG2,IGHG2
LPO,LPO
ARPC2,ARPC2
MEX3D,MEX3D
DOK5,DOK5
EGR1,EGR1
LGMN,LGMN
TCEA2,TCEA2
NSL1,NSL1
PPA1,PPA1
G3BP1,G3BP1
RUNDC1,RUNDC1
SLC25A25,SLC25A25
RUSC1,RUSC1
RPL17-C18orf32,RPL17-C18orf32
ZNF182,ZNF182
BRINP3,BRINP3
ZNF367,ZNF367
PCDHGA7,PCDHGA7
RPL7L1,RPL7L1
TRAJ47,TRAJ47
FGF13,FGF13
SNRPE,SNRPE
PPARGC1A,PPARGC1A
TTC5,TTC5
TPM1,TPM1
CRYZL1,CRYZL1
HIST1H2BD,HIST1H2BD
C7orf57,C7orf57
TRDJ4,TRDJ4
SPATA25,SPATA25
CNNM3,CNNM3
HGNC:23128,HGNC:23128
SERINC3,SERINC3
THAP1,THAP1
KIF4B,KIF4B
EVX2,EVX2
LRRC66,LRRC66
ZNF160,ZNF160
RUSC2,RUSC2
POP4,POP4
LSM4,LSM4
ARVCF,ARVCF
DCUN1D5,DCUN1D5
FOXK2,FOXK2
GLI4,GLI4
MANBA,MANBA
WNT9B,WNT9B
GMFB,GMFB
GRIK3,GRIK3
CKAP2,CKAP2
ZMYND19,ZMYND19
ASTE1,ASTE1
KIAA1109,KIAA1109
SOS2,SOS2
GRB14,GRB14
NME5,NME5
TMPRSS4,TMPRSS4
DPPA2,DPPA2
RETREG2,RETREG2
KRT85,KRT85
ENSG00000267385,ENSG00000267385
CENPM,CENPM
ST6GAL2,ST6GAL2
RGS5,RGS5
TTC23,TTC23
PTPRH,PTPRH
MAML1,MAML1
PIGA,PIGA
SGCB,SGCB
OR10Z1,OR10Z1
FBL,FBL
POU4F1,POU4F1
LFNG,LFNG
ZNF672,ZNF672
PNCK,PNCK
ZNF679,ZNF679
CDK2,CDK2
SESTD1,SESTD1
MAGEB17,MAGEB17
IGLJ6,IGLJ6
ZNF843,ZNF843
CAPZA2,CAPZA2
ATP11B,ATP11B
NANOGNB,NANOGNB
ENSG00000280537,ENSG00000280537
MARCH5,MARCH5
ENSG00000251537,ENSG00000251537
FAM104A,FAM104A
TKTL1,TKTL1
APOL6,APOL6
PCDH7,PCDH7
ZNF474,ZNF474
ARL8A,ARL8A
VAMP5,VAMP5
CMYA5,CMYA5
ZUFSP,ZUFSP
WFDC8,WFDC8
ZNF169,ZNF169
FNIP2,FNIP2
PCSK5,PCSK5
NDUFAF7,NDUFAF7
MRPL13,MRPL13
LRRC8B,LRRC8B
MBD3L1,MBD3L1
TMEM189,TMEM189
EFCAB2,EFCAB2
TMPRSS5,TMPRSS5
MT1HL1,MT1HL1
RAB3IP,RAB3IP
CPSF1,CPSF1
MSX1,MSX1
TSPO2,TSPO2
HGNC:23465,HGNC:23465
FSHB,FSHB
PSMD11,PSMD11
HIVEP3,HIVEP3
RTF1,RTF1
PDSS2,PDSS2
GEMIN2,GEMIN2
NMNAT2,NMNAT2
CNTN6,CNTN6
MPDZ,MPDZ
MIF,MIF
TRAJ41,TRAJ41
UROD,UROD
DYNC1I2,DYNC1I2
ADH6,ADH6
ZNF37A,ZNF37A
CEP290,CEP290
ERO1A,ERO1A
TRAF3IP1,TRAF3IP1
CCDC86,CCDC86
AGAP5,AGAP5
VSIG10,VSIG10
RNF39,RNF39
TMEM266,TMEM266
CRADD,CRADD
FAM24B,FAM24B
NCKIPSD,NCKIPSD
SF3B1,SF3B1
ASXL2,ASXL2
STT3B,STT3B
SPIB,SPIB
VSNL1,VSNL1
GNA12,GNA12
DCAF16,DCAF16
GCNT4,GCNT4
HOXC10,HOXC10
C2orf50,C2orf50
RFC1,RFC1
FOXD3,FOXD3
CSTA,CSTA
SERPING1,SERPING1
TOR1B,TOR1B
P2RY13,P2RY13
SULT4A1,SULT4A1
CCDC60,CCDC60
CSDE1,CSDE1
IPMK,IPMK
LDHD,LDHD
ZNF555,ZNF555
C19orf81,C19orf81
ITGA3,ITGA3
TRAPPC3,TRAPPC3
NR4A2,NR4A2
C6orf106,C6orf106
L2HGDH,L2HGDH
ASIC2,ASIC2
MT1F,MT1F
OLIG2,OLIG2
TMEM45B,TMEM45B
ERI2,ERI2
TMBIM4,TMBIM4
KRT34,KRT34
GEMIN5,GEMIN5
RPRML,RPRML
GPR34,GPR34
FGFR2,FGFR2
FDX1,FDX1
TXNRD2,TXNRD2
FBXO48,FBXO48
FFAR2,FFAR2
TSEN54,TSEN54
CASP1,CASP1
ITIH6,ITIH6
POLR2A,POLR2A
SLCO4A1,SLCO4A1
NECAP2,NECAP2
CSRNP3,CSRNP3
PKDCC,PKDCC
FBXL6,FBXL6
MRPL58,MRPL58
SAMD5,SAMD5
NDNF,NDNF
HGNC:26805,HGNC:26805
RIBC2,RIBC2
ERBB4,ERBB4
ABTB2,ABTB2
PPAN-P2RY11,PPAN-P2RY11
EGLN1,EGLN1
RBMXL3,RBMXL3
FAM9C,FAM9C
AFDN,AFDN
SKOR1,SKOR1
MTMR9,MTMR9
HIVEP2,HIVEP2
COX6A2,COX6A2
FRMPD3,FRMPD3
STARD7,STARD7
TPRN,TPRN
RTP4,RTP4
PRSS36,PRSS36
TXNDC8,TXNDC8
OR10G2,OR10G2
SLC18A2,SLC18A2
ACOXL,ACOXL
TRAV8-4,TRAV8-4
DLK1,DLK1
OSBPL6,OSBPL6
LALBA,LALBA
URB1,URB1
FBXO42,FBXO42
PQBP1,PQBP1
ZMAT2,ZMAT2
ENSG00000275740,ENSG00000275740
ZNF429,ZNF429
RANBP17,RANBP17
PLCB3,PLCB3
ADAMTS13,ADAMTS13
FCGBP,FCGBP
TTC16,TTC16
BBIP1,BBIP1
KIAA2026,KIAA2026
LY6G6F,LY6G6F
ZNF816-ZNF321P,ZNF816-ZNF321P
DECR2,DECR2
HGNC:32041,HGNC:32041
RBAK-RBAKDN,RBAK-RBAKDN
THAP12,THAP12
FYN,FYN
KLRC1,KLRC1
RIPOR2,RIPOR2
PCDHGB6,PCDHGB6
TPRG1,TPRG1
ITGAM,ITGAM
CCDC61,CCDC61
ZBTB40,ZBTB40
PGA4,PGA4
ALG11,ALG11
CD248,CD248
MCOLN2,MCOLN2
CDC42BPB,CDC42BPB
ENSG00000269167,ENSG00000269167
LGALS4,LGALS4
YTHDC1,YTHDC1
LCE3A,LCE3A
HIST1H2BJ,HIST1H2BJ
CBX3,CBX3
TESPA1,TESPA1
C1orf87,C1orf87
CDC7,CDC7
ATP10D,ATP10D
KLK3,KLK3
LRCH3,LRCH3
CTU1,CTU1
ZNF451,ZNF451
POLQ,POLQ
SDF4,SDF4
RB1CC1,RB1CC1
CLIP2,CLIP2
MAF,MAF
FOXM1,FOXM1
DEFB124,DEFB124
UBE2V2,UBE2V2
IKZF4,IKZF4
DNAH5,DNAH5
COL6A6,COL6A6
GSTCD,GSTCD
ANKRD60,ANKRD60
SPAST,SPAST
TUBGCP3,TUBGCP3
TBC1D9B,TBC1D9B
ANKIB1,ANKIB1
RPE65,RPE65
TRIP6,TRIP6
NIPAL4,NIPAL4
PMP2,PMP2
MAPK8IP3,MAPK8IP3
ZFAND4,ZFAND4
ACAA2,ACAA2
PLAUR,PLAUR
UBE2N,UBE2N
PRAF2,PRAF2
PDE8A,PDE8A
S100A6,S100A6
TNNI3K,TNNI3K
TRAJ44,TRAJ44
USE1,USE1
PECR,PECR
FREM2,FREM2
GRIN3A,GRIN3A
DEDD2,DEDD2
OR5M9,OR5M9
EPS8,EPS8
LIPE,LIPE
C5orf15,C5orf15
FAM120B,FAM120B
DSCR3,DSCR3
SFXN5,SFXN5
ARRDC1,ARRDC1
USP7,USP7
CCDC88A,CCDC88A
PTGDR2,PTGDR2
ENSG00000267281,ENSG00000267281
DCAF6,DCAF6
IGHV3-43,IGHV3-43
MBNL3,MBNL3
PLSCR1,PLSCR1
KCNB1,KCNB1
CREBL2,CREBL2
ALDH3A1,ALDH3A1
COMMD7,COMMD7
MYL1,MYL1
CAPN6,CAPN6
PLEKHG5,PLEKHG5
AIG1,AIG1
PRDX4,PRDX4
PALD1,PALD1
GAPVD1,GAPVD1
WDR70,WDR70
LY96,LY96
RAPGEF3,RAPGEF3
PSME1,PSME1
ACTC1,ACTC1
ATAD3A,ATAD3A
ATXN3,ATXN3
BTRC,BTRC
GSDMD,GSDMD
RPLP1,RPLP1
TRPA1,TRPA1
B3GNT2,B3GNT2
PNLIPRP1,PNLIPRP1
PPFIBP1,PPFIBP1
PRDX6,PRDX6
TIGD2,TIGD2
ETFA,ETFA
PDZK1,PDZK1
HCN1,HCN1
STARD3NL,STARD3NL
GP9,GP9
RBPJ,RBPJ
MGAM2,MGAM2
IFNA10,IFNA10
RAB30,RAB30
RBPMS2,RBPMS2
COX7A1,COX7A1
SH3RF1,SH3RF1
ATP1B2,ATP1B2
TAS2R19,TAS2R19
COL16A1,COL16A1
EVA1C,EVA1C
NLRP4,NLRP4
ARID3C,ARID3C
E4F1,E4F1
PTPN18,PTPN18
SMARCD1,SMARCD1
M6PR,M6PR
C15orf62,C15orf62
PCYOX1L,PCYOX1L
HOXD4,HOXD4
IGHD5OR15-5A,IGHD5OR15-5A
ZNF446,ZNF446
HGNC:32346,HGNC:32346
SPINK5,SPINK5
ZDHHC12,ZDHHC12
PACSIN2,PACSIN2
C2orf71,C2orf71
HSPA1L,HSPA1L
PARP12,PARP12
NAV2,NAV2
NUSAP1,NUSAP1
ITGAD,ITGAD
NFATC2IP,NFATC2IP
DPH3,DPH3
PCDHA6,PCDHA6
KCNH6,KCNH6
CRISP2,CRISP2
GNPAT,GNPAT
UGDH,UGDH
HIST1H2BG,HIST1H2BG
USP17L19,USP17L19
UBN2,UBN2
COPS5,COPS5
PTGDR,PTGDR
GAST,GAST
SLC43A2,SLC43A2
PRKAR1A,PRKAR1A
TMEM56,TMEM56
PDCL,PDCL
EIF2S2,EIF2S2
HIPK4,HIPK4
HCRTR2,HCRTR2
IFNA21,IFNA21
FRMPD2,FRMPD2
HRCT1,HRCT1
TIMP4,TIMP4
ENSG00000267228,ENSG00000267228
NAGK,NAGK
MSS51,MSS51
RBM15,RBM15
OR5T3,OR5T3
TOP3A,TOP3A
ERV3-1,ERV3-1
DTNB,DTNB
PPP2R3B,PPP2R3B
ITGB3,ITGB3
FZD3,FZD3
PTK2,PTK2
EMP1,EMP1
KLHDC4,KLHDC4
KRTAP20-4,KRTAP20-4
FAM166B,FAM166B
HIST4H4,HIST4H4
SPATA31A3,SPATA31A3
RAB32,RAB32
MYH1,MYH1
FAM49B,FAM49B
RGS17,RGS17
EML4,EML4
RPL22,RPL22
LCE1D,LCE1D
APC,APC
SOX5,SOX5
DAG1,DAG1
OR52E8,OR52E8
HTR1E,HTR1E
ABHD18,ABHD18
RNF10,RNF10
CD33,CD33
PDCD6,PDCD6
EZR,EZR
LMAN1,LMAN1
DKK1,DKK1
MORC3,MORC3
SMUG1,SMUG1
SPHK2,SPHK2
PPP1R16B,PPP1R16B
SHISA5,SHISA5
PDCD10,PDCD10
CPSF4L,CPSF4L
CRHR1,CRHR1
RMND5A,RMND5A
YES1,YES1
CEACAM6,CEACAM6
METTL1,METTL1
KLHL5,KLHL5
SIKE1,SIKE1
EEA1,EEA1
ACP2,ACP2
STRAP,STRAP
PIF1,PIF1
NKG7,NKG7
SIGLEC5,SIGLEC5
NXT1,NXT1
TMEM132D,TMEM132D
POLDIP3,POLDIP3
RAB26,RAB26
WRAP73,WRAP73
IGLV4-69,IGLV4-69
XKRX,XKRX
RPL23,RPL23
DMRTC2,DMRTC2
TTLL7,TTLL7
MIS18A,MIS18A
ANXA6,ANXA6
SYPL1,SYPL1
OPRK1,OPRK1
USP17L2,USP17L2
ASB13,ASB13
TMEM98,TMEM98
ZNF570,ZNF570
STMP1,STMP1
SOD3,SOD3
FCN2,FCN2
ZNF571,ZNF571
GAPDHS,GAPDHS
NECAB3,NECAB3
ZNF408,ZNF408
GPX8,GPX8
LMOD2,LMOD2
OR6C76,OR6C76
KRTAP6-1,KRTAP6-1
SUPT7L,SUPT7L
LYPLA1,LYPLA1
MTFR2,MTFR2
PRMT6,PRMT6
MT1X,MT1X
SLC16A12,SLC16A12
FMN2,FMN2
ANKRD53,ANKRD53
G6PD,G6PD
R3HDM1,R3HDM1
KEAP1,KEAP1
PRND,PRND
PQLC3,PQLC3
KIF5C,KIF5C
PIP4P2,PIP4P2
KMT5B,KMT5B
ABCA8,ABCA8
ZC2HC1B,ZC2HC1B
KLHL35,KLHL35
MYT1L,MYT1L
VAPA,VAPA
SLC13A2,SLC13A2
SNX27,SNX27
LRRIQ4,LRRIQ4
ENSG00000258465,ENSG00000258465
MED22,MED22
CHMP4A,CHMP4A
PCP4,PCP4
XRCC2,XRCC2
B3GALT1,B3GALT1
XRCC5,XRCC5
OR51B2,OR51B2
NRN1L,NRN1L
PIK3R1,PIK3R1
STARD10,STARD10
XAB2,XAB2
TREML1,TREML1
RECQL5,RECQL5
FITM2,FITM2
NOX1,NOX1
MTFR1L,MTFR1L
DYRK1A,DYRK1A
MS4A2,MS4A2
PTOV1,PTOV1
CFAP73,CFAP73
SH2D1B,SH2D1B
EID1,EID1
MAP4,MAP4
OR1L1,OR1L1
PHYH,PHYH
PTPRB,PTPRB
ENO1,ENO1
EIF2B5,EIF2B5
LRIT3,LRIT3
SLC2A8,SLC2A8
TNFAIP6,TNFAIP6
PIAS3,PIAS3
CCNA1,CCNA1
TNS4,TNS4
RPL29,RPL29
RGL3,RGL3
DNAJB4,DNAJB4
GORAB,GORAB
CCDC163,CCDC163
NACAD,NACAD
SAMSN1,SAMSN1
CNKSR2,CNKSR2
ZNF684,ZNF684
KRBA2,KRBA2
SKP1,SKP1
TPI1,TPI1
CERK,CERK
PPP1R35,PPP1R35
CCAR1,CCAR1
SLC12A1,SLC12A1
GCC2,GCC2
RAB40B,RAB40B
CLTCL1,CLTCL1
SLC6A17,SLC6A17
OR1B1,OR1B1
CKM,CKM
GOLGA8R,GOLGA8R
SQLE,SQLE
ZNF404,ZNF404
OSGIN1,OSGIN1
MFSD13A,MFSD13A
S100A7A,S100A7A
ARSK,ARSK
C7orf31,C7orf31
PDE11A,PDE11A
ROPN1,ROPN1
GEMIN4,GEMIN4
MATN2,MATN2
ZMYM6,ZMYM6
DGKA,DGKA
VRTN,VRTN
LYPD3,LYPD3
PNKD,PNKD
DCANP1,DCANP1
MUC5B,MUC5B
MTNR1B,MTNR1B
TMEM14B,TMEM14B
KRT27,KRT27
KCTD16,KCTD16
GGA3,GGA3
ENSG00000269026,ENSG00000269026
ZFP42,ZFP42
UBL4A,UBL4A
PTPN14,PTPN14
JADE1,JADE1
ACER3,ACER3
PLCG2,PLCG2
FCGR2B,FCGR2B
GPR139,GPR139
CDY1,CDY1
CCDC122,CCDC122
SLC35B2,SLC35B2
COL12A1,COL12A1
OSR2,OSR2
FGD4,FGD4
PXMP4,PXMP4
TSNAXIP1,TSNAXIP1
GAL3ST1,GAL3ST1
TNFRSF18,TNFRSF18
TRIM11,TRIM11
INO80E,INO80E
PRKACB,PRKACB
ZP3,ZP3
SUOX,SUOX
GIT2,GIT2
RCL1,RCL1
ATP8B1,ATP8B1
HNRNPLL,HNRNPLL
GNG7,GNG7
MARVELD2,MARVELD2
PCDHGA10,PCDHGA10
OR52E6,OR52E6
EIF2D,EIF2D
LRR1,LRR1
SATL1,SATL1
UNC93A,UNC93A
KMT2B,KMT2B
SPATA12,SPATA12
DNAH14,DNAH14
ADAM32,ADAM32
CHST7,CHST7
ZNF837,ZNF837
EGF,EGF
PSMC5,PSMC5
CCDC124,CCDC124
KANK3,KANK3
MC3R,MC3R
TMEM38B,TMEM38B
SMIM2,SMIM2
PRR11,PRR11
BAG6,BAG6
PRPF40B,PRPF40B
GNB4,GNB4
CSAG1,CSAG1
RIIAD1,RIIAD1
RSBN1L,RSBN1L
HIST3H2A,HIST3H2A
MB21D2,MB21D2
GSAP,GSAP
SKP2,SKP2
SLC30A4,SLC30A4
COL28A1,COL28A1
AP2A1,AP2A1
TGFA,TGFA
CCDC96,CCDC96
ACOT6,ACOT6
OTUD1,OTUD1
MKNK1,MKNK1
KBTBD12,KBTBD12
FOCAD,FOCAD
AGBL2,AGBL2
SMCO3,SMCO3
TREM2,TREM2
PLOD1,PLOD1
METTL6,METTL6
LMBRD1,LMBRD1
KDM7A,KDM7A
IGSF9B,IGSF9B
ZNF140,ZNF140
ENSG00000260170,ENSG00000260170
BAZ1B,BAZ1B
CLCNKB,CLCNKB
OPTC,OPTC
AP3M2,AP3M2
PHF11,PHF11
GOSR2,GOSR2
S100A13,S100A13
RAP2B,RAP2B
TEX45,TEX45
TRAV21,TRAV21
RBP2,RBP2
BPIFA2,BPIFA2
FAM13A,FAM13A
MFSD4A,MFSD4A
NEMP1,NEMP1
PIGL,PIGL
RAD51AP2,RAD51AP2
OR1N1,OR1N1
CNOT2,CNOT2
DHCR24,DHCR24
CENPJ,CENPJ
CCDC102A,CCDC102A
SLC35F4,SLC35F4
BRI3BP,BRI3BP
TRIM7,TRIM7
QPRT,QPRT
OR2A2,OR2A2
IGKV1-8,IGKV1-8
LEFTY2,LEFTY2
AK3,AK3
ISLR,ISLR
SLC25A46,SLC25A46
CREG2,CREG2
ZNF318,ZNF318
CBFB,CBFB
TOMM70,TOMM70
SNRNP25,SNRNP25
PSMA7,PSMA7
SGMS2,SGMS2
SPG7,SPG7
ACP5,ACP5
RNH1,RNH1
DOCK4,DOCK4
NCF4,NCF4
BEX1,BEX1
ZSCAN16,ZSCAN16
SDSL,SDSL
KCNJ14,KCNJ14
GABRG2,GABRG2
TRAJ43,TRAJ43
SUZ12,SUZ12
HEATR6,HEATR6
CD69,CD69
ENSG00000267120,ENSG00000267120
OPHN1,OPHN1
TMSB4X,TMSB4X
SETD1B,SETD1B
WFDC1,WFDC1
ZCCHC13,ZCCHC13
DHRS7C,DHRS7C
MCCC2,MCCC2
PTGR2,PTGR2
ZNF277,ZNF277
RAP2C,RAP2C
SELENOF,SELENOF
MRGPRF,MRGPRF
TMED9,TMED9
S100A3,S100A3
METTL5,METTL5
P2RX3,P2RX3
BTN2A1,BTN2A1
PIEZO1,PIEZO1
MAP2K5,MAP2K5
PSMA3,PSMA3
SORT1,SORT1
OR2M7,OR2M7
TMC2,TMC2
SAP30L,SAP30L
CHIA,CHIA
ELK4,ELK4
CD84,CD84
RNASE12,RNASE12
LDHA,LDHA
PLPBP,PLPBP
AKAP9,AKAP9
KRTAP10-6,KRTAP10-6
GIMAP5,GIMAP5
ZIM3,ZIM3
INTS14,INTS14
PPP6C,PPP6C
RPS4X,RPS4X
PYCR2,PYCR2
NANOS1,NANOS1
PSMB9,PSMB9
SYT4,SYT4
BCHE,BCHE
CRACR2B,CRACR2B
ABHD12B,ABHD12B
UNKL,UNKL
DENND4B,DENND4B
BMPR1A,BMPR1A
RACGAP1,RACGAP1
ENDOU,ENDOU
TMEM121,TMEM121
STK39,STK39
RAB41,RAB41
CTR9,CTR9
MAP3K3,MAP3K3
TRBV5-3,TRBV5-3
GBP1,GBP1
MRPL12,MRPL12
CASKIN1,CASKIN1
IGHV3-7,IGHV3-7
LPAR2,LPAR2
PPTC7,PPTC7
TRBV24-1,TRBV24-1
OR6C68,OR6C68
SMOC1,SMOC1
TRAJ29,TRAJ29
KREMEN2,KREMEN2
IL23R,IL23R
PHF1,PHF1
NGLY1,NGLY1
LRRC75A,LRRC75A
CEBPE,CEBPE
SIGLEC9,SIGLEC9
SGSM3,SGSM3
SSBP4,SSBP4
CHURC1,CHURC1
ZNF558,ZNF558
DIS3L,DIS3L
HSPB7,HSPB7
CCSER1,CCSER1
TTPAL,TTPAL
RIPPLY1,RIPPLY1
GATAD2B,GATAD2B
SIPA1L2,SIPA1L2
MORN4,MORN4
LYVE1,LYVE1
RIN1,RIN1
PGD,PGD
ANKRD13A,ANKRD13A
MORC1,MORC1
MT1A,MT1A
KCTD19,KCTD19
GPT2,GPT2
ALDOA,ALDOA
ENSG00000243501,ENSG00000243501
ZNF185,ZNF185
ALG3,ALG3
CELF4,CELF4
SEL1L2,SEL1L2
SLC9B1,SLC9B1
CCNI2,CCNI2
MELTF,MELTF
TTK,TTK
CRYM,CRYM
ZNF17,ZNF17
PLK1,PLK1
CXCL14,CXCL14
SCGB3A1,SCGB3A1
SDR16C5,SDR16C5
CSTL1,CSTL1
RNASE11,RNASE11
P3H4,P3H4
AKR1C2,AKR1C2
TMEM14C,TMEM14C
HDAC10,HDAC10
PBX2,PBX2
ELFN2,ELFN2
TRBV5-4,TRBV5-4
C22orf39,C22orf39
C1QTNF9B,C1QTNF9B
ANKMY1,ANKMY1
TTC27,TTC27
EPHB4,EPHB4
HIST1H2BA,HIST1H2BA
TMCC2,TMCC2
LRRFIP1,LRRFIP1
SLC2A6,SLC2A6
RNF113B,RNF113B
MMP1,MMP1
APBB3,APBB3
ZNF880,ZNF880
SOST,SOST
HAUS4,HAUS4
NLRP12,NLRP12
OR2T29,OR2T29
TNP1,TNP1
CCDC71L,CCDC71L
NOP9,NOP9
USP17L13,USP17L13
ZIC3,ZIC3
QRICH1,QRICH1
ASPH,ASPH
SERTM1,SERTM1
HGNC:32674,HGNC:32674
IGLV1-44,IGLV1-44
PCBP2,PCBP2
IFT88,IFT88
SULT1A2,SULT1A2
ASF1B,ASF1B
TESK2,TESK2
GAS7,GAS7
CCDC120,CCDC120
EMC2,EMC2
SPTBN1,SPTBN1
NCKAP1L,NCKAP1L
CCDC168,CCDC168
CHMP5,CHMP5
SLC22A25,SLC22A25
ENSG00000257341,ENSG00000257341
C16orf46,C16orf46
MED29,MED29
SPO11,SPO11
LIX1,LIX1
EXT1,EXT1
CHSY1,CHSY1
ZC2HC1A,ZC2HC1A
F2,F2
FGL1,FGL1
EYA4,EYA4
RNF224,RNF224
GRM5,GRM5
CPB1,CPB1
APOBEC3F,APOBEC3F
ITK,ITK
DIP2C,DIP2C
ZNF517,ZNF517
FN3K,FN3K
CLTA,CLTA
ZCCHC2,ZCCHC2
ACO2,ACO2
ARMT1,ARMT1
OR2L5,OR2L5
HGNC:37636,HGNC:37636
ZFHX3,ZFHX3
LOXL2,LOXL2
CAVIN4,CAVIN4
UQCC2,UQCC2
HEATR4,HEATR4
CAMKV,CAMKV
FEZF1,FEZF1
IGKV3-11,IGKV3-11
ELP1,ELP1
PAK5,PAK5
NAPB,NAPB
POF1B,POF1B
HGNC:13716,HGNC:13716
MED12,MED12
ATRAID,ATRAID
FMR1,FMR1
IL2RB,IL2RB
KLC4,KLC4
OIT3,OIT3
ACTRT1,ACTRT1
SEMA7A,SEMA7A
TMEM158,TMEM158
FBXO39,FBXO39
MATK,MATK
AIRE,AIRE
HES5,HES5
VSIG4,VSIG4
ATOH1,ATOH1
IKBKG,IKBKG
OBSCN-AS1,OBSCN-AS1
KDM6B,KDM6B
HIST2H3PS2,HIST2H3PS2
SLC25A32,SLC25A32
CCDC87,CCDC87
RIPK4,RIPK4
FANCD2,FANCD2
RPF2,RPF2
SLC25A24,SLC25A24
CLUAP1,CLUAP1
ACADM,ACADM
RAB5B,RAB5B
TMEM45A,TMEM45A
PET100,PET100
FAM151B,FAM151B
MID1IP1,MID1IP1
COL4A1,COL4A1
CD3E,CD3E
SRRM3,SRRM3
LRIG3,LRIG3
KRT80,KRT80
WASF3,WASF3
TRAPPC11,TRAPPC11
TMPPE,TMPPE
UFSP2,UFSP2
WNK3,WNK3
MAML3,MAML3
IMPA1,IMPA1
GRXCR1,GRXCR1
CTSF,CTSF
DLL3,DLL3
KLHL11,KLHL11
CSTF1,CSTF1
MYH14,MYH14
PROM1,PROM1
NMRK1,NMRK1
BTBD19,BTBD19
PUS1,PUS1
HGNC:4069,HGNC:4069
HIRA,HIRA
PANK1,PANK1
C16orf86,C16orf86
CFAP221,CFAP221
NAMPT,NAMPT
SFN,SFN
CHCHD1,CHCHD1
SNRPA1,SNRPA1
ZNF667,ZNF667
ZBTB9,ZBTB9
ADAMTS15,ADAMTS15
KLRB1,KLRB1
MS4A13,MS4A13
PARL,PARL
CNTN1,CNTN1
SOX21,SOX21
ENSG00000144785,ENSG00000144785
ABHD1,ABHD1
BYSL,BYSL
NMNAT3,NMNAT3
WDR61,WDR61
CEPT1,CEPT1
RWDD3,RWDD3
PTPN6,PTPN6
VAMP2,VAMP2
MOGS,MOGS
SLC25A4,SLC25A4
TAF13,TAF13
CDC42EP3,CDC42EP3
SH3PXD2B,SH3PXD2B
RPS4Y2,RPS4Y2
PLEKHA7,PLEKHA7
CLEC2A,CLEC2A
LARP6,LARP6
ACTR1B,ACTR1B
KIAA1147,KIAA1147
ARHGAP1,ARHGAP1
LXN,LXN
HEMGN,HEMGN
EPN2,EPN2
DNAH11,DNAH11
SLC9A3,SLC9A3
NLGN3,NLGN3
COX14,COX14
PEX19,PEX19
COLEC12,COLEC12
VAX1,VAX1
ZNF534,ZNF534
ATG10,ATG10
ITGA4,ITGA4
NSA2,NSA2
PROC,PROC
SLC44A1,SLC44A1
ALCAM,ALCAM
ZBTB22,ZBTB22
SLC7A13,SLC7A13
CLUH,CLUH
FAM155A,FAM155A
CLEC10A,CLEC10A
ZNF614,ZNF614
UQCC1,UQCC1
CC2D2A,CC2D2A
MGST1,MGST1
KRTDAP,KRTDAP
MSL3,MSL3
LRRC56,LRRC56
WDR17,WDR17
VSIG10L,VSIG10L
MAPRE2,MAPRE2
AIFM1,AIFM1
TSSK6,TSSK6
CDC20B,CDC20B
SLC30A9,SLC30A9
LDHAL6A,LDHAL6A
CA5B,CA5B
CST9,CST9
POTEI,POTEI
FCGR1A,FCGR1A
CEP44,CEP44
DUSP5,DUSP5
PLEKHG4,PLEKHG4
FAM117B,FAM117B
ZNF669,ZNF669
PIM3,PIM3
RIOK3,RIOK3
SIRT3,SIRT3
EHD2,EHD2
ZNF12,ZNF12
HGNC:33817,HGNC:33817
SPRR2D,SPRR2D
PTGIS,PTGIS
VPREB1,VPREB1
GZMB,GZMB
MAGEA3,MAGEA3
CNTNAP3B,CNTNAP3B
SMG1,SMG1
ADGRD1,ADGRD1
RSAD1,RSAD1
SH3RF3,SH3RF3
KIF21B,KIF21B
EIF4E3,EIF4E3
ENSG00000267706,ENSG00000267706
NIPAL1,NIPAL1
PCGF3,PCGF3
ENSG00000204003,ENSG00000204003
LRFN5,LRFN5
NUDT11,NUDT11
ITGBL1,ITGBL1
IGKV2-30,IGKV2-30
NEU3,NEU3
COPZ1,COPZ1
RSBN1,RSBN1
SPATA21,SPATA21
PAX6,PAX6
IGKV2D-26,IGKV2D-26
CLEC12A,CLEC12A
CYP27A1,CYP27A1
LRRC26,LRRC26
FES,FES
CALR,CALR
SULF1,SULF1
FLRT3,FLRT3
RBM19,RBM19
HK1,HK1
SGF29,SGF29
RPS6KA3,RPS6KA3
HGNC:23524,HGNC:23524
CLRN2,CLRN2
LDLRAD1,LDLRAD1
PDE4B,PDE4B
MLLT11,MLLT11
HNRNPR,HNRNPR
ST6GALNAC2,ST6GALNAC2
NRIP3,NRIP3
CYB561D2,CYB561D2
ECHDC1,ECHDC1
PMCH,PMCH
PPP4R3A,PPP4R3A
ERCC1,ERCC1
SUN5,SUN5
LATS1,LATS1
TRO,TRO
BRMS1,BRMS1
AP5B1,AP5B1
KIAA0100,KIAA0100
B3GLCT,B3GLCT
AK6,AK6
TMEM214,TMEM214
ZNF225,ZNF225
GPR107,GPR107
STAC3,STAC3
SLC16A13,SLC16A13
CCDC157,CCDC157
RPL9,RPL9
CCL21,CCL21
DTX4,DTX4
KPNB1,KPNB1
CDV3,CDV3
GID8,GID8
POTEC,POTEC
ALPI,ALPI
NUDT3,NUDT3
IRAK4,IRAK4
DHX38,DHX38
SLC35B4,SLC35B4
RASA4B,RASA4B
WAPL,WAPL
TRIM49B,TRIM49B
SCMH1,SCMH1
PAFAH1B1,PAFAH1B1
IGHV4-34,IGHV4-34
ALB,ALB
C18orf8,C18orf8
EML2,EML2
CCDC73,CCDC73
FAM172A,FAM172A
SEMA5B,SEMA5B
WDR5,WDR5
VCAN,VCAN
OR10G8,OR10G8
SHC3,SHC3
OR56B4,OR56B4
TRIM65,TRIM65
MAP1S,MAP1S
COL27A1,COL27A1
FANCI,FANCI
ARHGEF5,ARHGEF5
STYK1,STYK1
ZFP62,ZFP62
FBXO15,FBXO15
AGMO,AGMO
DEFB114,DEFB114
LUC7L3,LUC7L3
NLN,NLN
EVL,EVL
GCM2,GCM2
THBS3,THBS3
POLD4,POLD4
ATP1A3,ATP1A3
PCDHB15,PCDHB15
THRSP,THRSP
YTHDF1,YTHDF1
MBD3L2,MBD3L2
TDRD6,TDRD6
CCSAP,CCSAP
SART3,SART3
FAM170A,FAM170A
ALOX15,ALOX15
VSTM4,VSTM4
ZKSCAN7,ZKSCAN7
CRCP,CRCP
IFFO2,IFFO2
ZNF559,ZNF559
ECE1,ECE1
REV1,REV1
EPHA3,EPHA3
RERE,RERE
GIGYF2,GIGYF2
KLHL6,KLHL6
PDSS1,PDSS1
RFESD,RFESD
DHTKD1,DHTKD1
ABCC4,ABCC4
FAM96B,FAM96B
PEA15,PEA15
SLC6A16,SLC6A16
ZNF335,ZNF335
ACY1,ACY1
EXOC6B,EXOC6B
PQLC2,PQLC2
KRT39,KRT39
COPS3,COPS3
AMY2B,AMY2B
DNTTIP2,DNTTIP2
CYP4V2,CYP4V2
ENSG00000254706,ENSG00000254706
C2orf54,C2orf54
TEX261,TEX261
TDP2,TDP2
CDK5RAP2,CDK5RAP2
RASSF8,RASSF8
ZNRF1,ZNRF1
ST6GALNAC3,ST6GALNAC3
KRT35,KRT35
POLD3,POLD3
AMN,AMN
CACNA1D,CACNA1D
EID3,EID3
ENSG00000267552,ENSG00000267552
BRF2,BRF2
ACP6,ACP6
MAGEC2,MAGEC2
CSH1,CSH1
ODAPH,ODAPH
MTRNR2L13,MTRNR2L13
POLR3F,POLR3F
MAP1A,MAP1A
CCDC153,CCDC153
ELMSAN1,ELMSAN1
LGALS9,LGALS9
TBC1D16,TBC1D16
CXorf36,CXorf36
GDF7,GDF7
APOA1,APOA1
ELF1,ELF1
TSPAN18,TSPAN18
SNAI1,SNAI1
TAAR5,TAAR5
CCDC107,CCDC107
RABL6,RABL6
SSBP3,SSBP3
ZC3H4,ZC3H4
C1orf53,C1orf53
UNC79,UNC79
SAT1,SAT1
ABCC11,ABCC11
ADCY7,ADCY7
EIF4A1,EIF4A1
EDN3,EDN3
QDPR,QDPR
ANAPC5,ANAPC5
BMP8A,BMP8A
CDC42BPG,CDC42BPG
IGKV3-15,IGKV3-15
BMP5,BMP5
CLDN18,CLDN18
FAM183A,FAM183A
PROSER1,PROSER1
OR1E2,OR1E2
TRPM8,TRPM8
BAZ2A,BAZ2A
FLYWCH1,FLYWCH1
ZNF414,ZNF414
CATSPER2,CATSPER2
HDAC1,HDAC1
OR13F1,OR13F1
RHOBTB3,RHOBTB3
VGLL2,VGLL2
KCNK4,KCNK4
OR4F6,OR4F6
CCNT2,CCNT2
NUAK2,NUAK2
CMKLR1,CMKLR1
ISCA1,ISCA1
CLEC3B,CLEC3B
SAMD4A,SAMD4A
SLC10A7,SLC10A7
CHD1,CHD1
CA6,CA6
PEX14,PEX14
ELMOD2,ELMOD2
ABCB7,ABCB7
ATP6AP2,ATP6AP2
SF3B5,SF3B5
OLIG1,OLIG1
SEPT12,SEPT12
TMEM43,TMEM43
CPT1A,CPT1A
GPATCH3,GPATCH3
RANBP10,RANBP10
PGLS,PGLS
NFIC,NFIC
MED18,MED18
PIK3R4,PIK3R4
FANK1,FANK1
DYTN,DYTN
SUSD1,SUSD1
HGNC:27282,HGNC:27282
PPP1R26,PPP1R26
RBMS2,RBMS2
CENPU,CENPU
FUT1,FUT1
MPHOSPH9,MPHOSPH9
NGRN,NGRN
RAET1L,RAET1L
PTGER3,PTGER3
ILKAP,ILKAP
RSPO3,RSPO3
C6orf201,C6orf201
TOPORS,TOPORS
MXD3,MXD3
OTOA,OTOA
LGALS16,LGALS16
TTPA,TTPA
ADGRF2,ADGRF2
TIAM1,TIAM1
POMT1,POMT1
KIAA1191,KIAA1191
ADAM12,ADAM12
KLHL30,KLHL30
TNS2,TNS2
RASSF3,RASSF3
GABPB1,GABPB1
SETD4,SETD4
ZKSCAN8,ZKSCAN8
ZNF785,ZNF785
NOL8,NOL8
FRMPD1,FRMPD1
DICER1,DICER1
ATP6V0A4,ATP6V0A4
CR1L,CR1L
RILPL2,RILPL2
TRAJ52,TRAJ52
GABRA6,GABRA6
T,T
ARHGAP6,ARHGAP6
FIG4,FIG4
BTBD18,BTBD18
BEST2,BEST2
NUP107,NUP107
TMEM155,TMEM155
NHEJ1,NHEJ1
C2orf72,C2orf72
CSK,CSK
BHLHE40,BHLHE40
SLC39A2,SLC39A2
SPAG9,SPAG9
MAB21L2,MAB21L2
SLC12A9,SLC12A9
KRTAP19-1,KRTAP19-1
IGF2R,IGF2R
WASHC2A,WASHC2A
IGSF8,IGSF8
MRPS18A,MRPS18A
IGF2BP3,IGF2BP3
GTPBP1,GTPBP1
PLSCR4,PLSCR4
TRIM35,TRIM35
AHR,AHR
EEF1AKMT2,EEF1AKMT2
CALHM1,CALHM1
SLC22A18AS,SLC22A18AS
GNPTAB,GNPTAB
SPNS2,SPNS2
FLNC,FLNC
RUVBL1,RUVBL1
SSX3,SSX3
PTGER1,PTGER1
SF3A2,SF3A2
MAGEB6,MAGEB6
TUBGCP4,TUBGCP4
TRBV30,TRBV30
PKP3,PKP3
HRASLS,HRASLS
TIMP1,TIMP1
S100A12,S100A12
CACNA2D1,CACNA2D1
FBLN1,FBLN1
ODF4,ODF4
MRGBP,MRGBP
PRG4,PRG4
ERICH3,ERICH3
DDX18,DDX18
ATP5G3,ATP5G3
WDR55,WDR55
AARSD1,AARSD1
HSD17B4,HSD17B4
ZDHHC5,ZDHHC5
GIPR,GIPR
SYDE2,SYDE2
SRSF5,SRSF5
IFT57,IFT57
ZNF300,ZNF300
STEAP3,STEAP3
PSG5,PSG5
PSMC2,PSMC2
CLMN,CLMN
GALNTL5,GALNTL5
HSPA8,HSPA8
DPY30,DPY30
PDE7A,PDE7A
SETBP1,SETBP1
SERPIND1,SERPIND1
MMP10,MMP10
DUOXA1,DUOXA1
QTRT1,QTRT1
OGDH,OGDH
TTC9,TTC9
LONP1,LONP1
TMEM65,TMEM65
ENGASE,ENGASE
DPH1,DPH1
FAIM,FAIM
OR51B6,OR51B6
CBX5,CBX5
TTF1,TTF1
ENSG00000262560,ENSG00000262560
MMP25,MMP25
PHACTR4,PHACTR4
CRYGD,CRYGD
MKRN1,MKRN1
MMRN1,MMRN1
PRUNE1,PRUNE1
KLHL2,KLHL2
HGNC:33868,HGNC:33868
GALP,GALP
OR5AS1,OR5AS1
SMDT1,SMDT1
ATG101,ATG101
SYVN1,SYVN1
SPATC1,SPATC1
EBF4,EBF4
TBX10,TBX10
HLA-DRB5,HLA-DRB5
CCDC140,CCDC140
SNX30,SNX30
POLR2G,POLR2G
SS18L1,SS18L1
PCBP4,PCBP4
RPL28,RPL28
OR5K1,OR5K1
SNAI2,SNAI2
POLR1A,POLR1A
PTGDS,PTGDS
SCEL,SCEL
GPR37L1,GPR37L1
HS6ST1,HS6ST1
TTC33,TTC33
CYP19A1,CYP19A1
TUT1,TUT1
NXPH2,NXPH2
CLDN12,CLDN12
HGNC:28329,HGNC:28329
HSPA2,HSPA2
FILIP1L,FILIP1L
ENSG00000260836,ENSG00000260836
ENSG00000282040,ENSG00000282040
CXCL2,CXCL2
TRAV9-1,TRAV9-1
CD37,CD37
TBL1Y,TBL1Y
PRSS50,PRSS50
SF3B3,SF3B3
ZNF660,ZNF660
KATNAL1,KATNAL1
BCL9,BCL9
CCDC117,CCDC117
FMC1,FMC1
RTN4,RTN4
ELOVL2,ELOVL2
GALNT10,GALNT10
SHPRH,SHPRH
ADPRH,ADPRH
CLPSL2,CLPSL2
PDCD4,PDCD4
HGNC:33793,HGNC:33793
HAPLN3,HAPLN3
NDUFV2,NDUFV2
RAB11A,RAB11A
OSCAR,OSCAR
PRDM2,PRDM2
TMEM86B,TMEM86B
ANGPTL1,ANGPTL1
ZNF568,ZNF568
RRM2B,RRM2B
PCDHGA2,PCDHGA2
NDUFA1,NDUFA1
DPF2,DPF2
CAND1,CAND1
IP6K3,IP6K3
RPL36AL,RPL36AL
KCNMB4,KCNMB4
ALAS1,ALAS1
GABRA4,GABRA4
SCN3B,SCN3B
TIA1,TIA1
CR2,CR2
TSHZ3,TSHZ3
ANKRD18A,ANKRD18A
GUK1,GUK1
CT45A10,CT45A10
SYT7,SYT7
HLA-A,HLA-A
AFTPH,AFTPH
ZNF510,ZNF510
C9orf116,C9orf116
MRPL37,MRPL37
CALY,CALY
EZH1,EZH1
PPIP5K2,PPIP5K2
DPYS,DPYS
TBC1D3G,TBC1D3G
DYNLRB1,DYNLRB1
MLXIP,MLXIP
HGNC:27521,HGNC:27521
NR1D1,NR1D1
PALM2-AKAP2,PALM2-AKAP2
ANKRD1,ANKRD1
GFPT1,GFPT1
MYBPHL,MYBPHL
SLC50A1,SLC50A1
FRMD5,FRMD5
RAD51AP1,RAD51AP1
UBAC1,UBAC1
CYP4A22,CYP4A22
IL2,IL2
DAPK1,DAPK1
FAM91A1,FAM91A1
AGBL4,AGBL4
ANKHD1-EIF4EBP3,ANKHD1-EIF4EBP3
RSPH4A,RSPH4A
ACR,ACR
ALS2CR12,ALS2CR12
FAM71D,FAM71D
SIX6,SIX6
CHMP1B,CHMP1B
SCN2A,SCN2A
ADAM2,ADAM2
DLL1,DLL1
HDDC3,HDDC3
TMEM184A,TMEM184A
WDR64,WDR64
EED,EED
ZNF470,ZNF470
SYCP2L,SYCP2L
HTRA2,HTRA2
DONSON,DONSON
TANC2,TANC2
GABPA,GABPA
ZNF529,ZNF529
SNF8,SNF8
KLHDC7A,KLHDC7A
KPNA6,KPNA6
MECOM,MECOM
LRRC59,LRRC59
DNMT1,DNMT1
SLC39A5,SLC39A5
TBCB,TBCB
GCHFR,GCHFR
KCNJ12,KCNJ12
AKT2,AKT2
IL17RA,IL17RA
PYCR1,PYCR1
ATP6V0A2,ATP6V0A2
ATP5I,ATP5I
LIG4,LIG4
MCRIP1,MCRIP1
IMPAD1,IMPAD1
ZNF174,ZNF174
PLCL1,PLCL1
KMT5C,KMT5C
INS-IGF2,INS-IGF2
SETD1A,SETD1A
CIDEA,CIDEA
RPE,RPE
GRINA,GRINA
TEC,TEC
SREBF2,SREBF2
FBP1,FBP1
LMO1,LMO1
SPATC1L,SPATC1L
WFIKKN1,WFIKKN1
CGGBP1,CGGBP1
KRTAP10-9,KRTAP10-9
DMBX1,DMBX1
MEMO1,MEMO1
USP40,USP40
PCYT1A,PCYT1A
KHDC3L,KHDC3L
BLMH,BLMH
ZNF100,ZNF100
FKBP4,FKBP4
SEC63,SEC63
KRTAP19-6,KRTAP19-6
ARFGAP2,ARFGAP2
NPAS2,NPAS2
POU5F2,POU5F2
CIZ1,CIZ1
NUMB,NUMB
GDAP2,GDAP2
SPOCK2,SPOCK2
TAS2R7,TAS2R7
APRT,APRT
SBK1,SBK1
HRAS,HRAS
SCAMP4,SCAMP4
STX1A,STX1A
OR5B12,OR5B12
IGDCC3,IGDCC3
HGNC:15755,HGNC:15755
MAN1A1,MAN1A1
TRPV2,TRPV2
CCS,CCS
TRAPPC13,TRAPPC13
SLC2A9,SLC2A9
HMGB1,HMGB1
ENSG00000271810,ENSG00000271810
ST18,ST18
GABRQ,GABRQ
SCN4A,SCN4A
ENSG00000268163,ENSG00000268163
SIX5,SIX5
KRTAP4-3,KRTAP4-3
PIK3C2B,PIK3C2B
TEDC2,TEDC2
UBE2Q2,UBE2Q2
METTL21A,METTL21A
ZNF439,ZNF439
NXF2B,NXF2B
RNF144B,RNF144B
INTS6L,INTS6L
DBNDD1,DBNDD1
PPP2R2B,PPP2R2B
NPHP4,NPHP4
CHST2,CHST2
C12orf65,C12orf65
ZNF418,ZNF418
FUT4,FUT4
NUGGC,NUGGC
KRAS,KRAS
C20orf173,C20orf173
EYA3,EYA3
ZFP69,ZFP69
ELOVL7,ELOVL7
MMP11,MMP11
OR2T11,OR2T11
ZNF141,ZNF141
DARS2,DARS2
TTC4,TTC4
GSK3B,GSK3B
ARSB,ARSB
MYH6,MYH6
RHBDL1,RHBDL1
TERB1,TERB1
RHOH,RHOH
NTRK3,NTRK3
KRTAP21-3,KRTAP21-3
MSH2,MSH2
ALOX15B,ALOX15B
PLB1,PLB1
RPL18A,RPL18A
ELP3,ELP3
CYP2C9,CYP2C9
SMPX,SMPX
JUNB,JUNB
SPESP1,SPESP1
DERL3,DERL3
HGFAC,HGFAC
NKX2-6,NKX2-6
ZNF732,ZNF732
NKX6-2,NKX6-2
DAZ1,DAZ1
PFKP,PFKP
ICK,ICK
UBXN4,UBXN4
C3orf22,C3orf22
CCDC30,CCDC30
GML,GML
EIF4A3,EIF4A3
EFNB1,EFNB1
TM6SF1,TM6SF1
ENOX2,ENOX2
PHF6,PHF6
ABHD8,ABHD8
C9,C9
TRGV5,TRGV5
CBR3,CBR3
TBC1D22B,TBC1D22B
AURKAIP1,AURKAIP1
FLOT2,FLOT2
KCNS3,KCNS3
STX11,STX11
ZDHHC6,ZDHHC6
KIAA0391,KIAA0391
SPDYC,SPDYC
RCCD1,RCCD1
RFK,RFK
TSPAN13,TSPAN13
ZBTB1,ZBTB1
MESP2,MESP2
C1orf158,C1orf158
SCN7A,SCN7A
SPRY1,SPRY1
NAP1L4,NAP1L4
TCF7,TCF7
BTG4,BTG4
ERH,ERH
H2BFWT,H2BFWT
OR5K4,OR5K4
ATAD5,ATAD5
HSF2BP,HSF2BP
PF4V1,PF4V1
ORC5,ORC5
TEX38,TEX38
HACE1,HACE1
ZFY,ZFY
PPDPFL,PPDPFL
VASP,VASP
CLTC,CLTC
GRAMD1B,GRAMD1B
FBXL19,FBXL19
ZNF711,ZNF711
RAB39B,RAB39B
MST1R,MST1R
BBS12,BBS12
PWWP2A,PWWP2A
NDUFS5,NDUFS5
CD46,CD46
CYP2C18,CYP2C18
SRD5A3,SRD5A3
NDUFS4,NDUFS4
KIAA1211,KIAA1211
BCAP29,BCAP29
SHARPIN,SHARPIN
PRKCB,PRKCB
UBE2I,UBE2I
TAPT1,TAPT1
MYOF,MYOF
C20orf202,C20orf202
CRYBA1,CRYBA1
DIP2A,DIP2A
KHDRBS1,KHDRBS1
SCAI,SCAI
NISCH,NISCH
ENSG00000258973,ENSG00000258973
IP6K1,IP6K1
ENSG00000258830,ENSG00000258830
SLC39A8,SLC39A8
VPS36,VPS36
TRPM7,TRPM7
TNPO2,TNPO2
DAPK3,DAPK3
ENSG00000216921,ENSG00000216921
TARS2,TARS2
FSTL5,FSTL5
AJAP1,AJAP1
HNRNPDL,HNRNPDL
FLT4,FLT4
PRRC1,PRRC1
FBXW10,FBXW10
ATF4,ATF4
OPN1LW,OPN1LW
ANTXR1,ANTXR1
BMP10,BMP10
FERMT1,FERMT1
PLD1,PLD1
PGGHG,PGGHG
LETM1,LETM1
TICRR,TICRR
COMMD1,COMMD1
C12orf76,C12orf76
PDGFC,PDGFC
TTLL2,TTLL2
TRAJ18,TRAJ18
TXNDC2,TXNDC2
PRMT3,PRMT3
ITGAX,ITGAX
SNRPA,SNRPA
ZNF260,ZNF260
MRPS7,MRPS7
TAS2R1,TAS2R1
ZBED5,ZBED5
USP47,USP47
KIDINS220,KIDINS220
FAM167B,FAM167B
ABHD5,ABHD5
HOPX,HOPX
LIN7A,LIN7A
CRABP2,CRABP2
ZBTB45,ZBTB45
RPL17,RPL17
AGTPBP1,AGTPBP1
KCNK2,KCNK2
PNLDC1,PNLDC1
SMIM14,SMIM14
WNT7A,WNT7A
BUD23,BUD23
UBE2W,UBE2W
F2RL2,F2RL2
GPAT4,GPAT4
TRBV9,TRBV9
ZC3H13,ZC3H13
ODC1,ODC1
CD3EAP,CD3EAP
IGKV6D-41,IGKV6D-41
FN3KRP,FN3KRP
MPC1,MPC1
OR2T4,OR2T4
KLK10,KLK10
SLC24A3,SLC24A3
ZCCHC24,ZCCHC24
CST9L,CST9L
IRGC,IRGC
MTMR2,MTMR2
TNS3,TNS3
NLGN2,NLGN2
FAAP24,FAAP24
MARS,MARS
MFSD11,MFSD11
ATP5EP2,ATP5EP2
SMARCA5,SMARCA5
NPC2,NPC2
IGHV3-16,IGHV3-16
MAD1L1,MAD1L1
SLC4A9,SLC4A9
NARF,NARF
C5orf49,C5orf49
HACD3,HACD3
DNAJC14,DNAJC14
POLR2K,POLR2K
SEPT4,SEPT4
ZBTB3,ZBTB3
ENSG00000268193,ENSG00000268193
C11orf21,C11orf21
OGFOD1,OGFOD1
NSUN7,NSUN7
GTF2H4,GTF2H4
WFDC5,WFDC5
ATP10A,ATP10A
SMC4,SMC4
RASEF,RASEF
CLK3,CLK3
PALB2,PALB2
C6orf203,C6orf203
DCAF12L2,DCAF12L2
FNDC10,FNDC10
TRAF2,TRAF2
CLLU1OS,CLLU1OS
NOP58,NOP58
ZBTB8A,ZBTB8A
RILP,RILP
DHX16,DHX16
GAB3,GAB3
IL2RG,IL2RG
SRRT,SRRT
SEMA6C,SEMA6C
IQCJ-SCHIP1,IQCJ-SCHIP1
SPRR3,SPRR3
HMGCS1,HMGCS1
ZMYND11,ZMYND11
CHCHD2,CHCHD2
PLA2G4D,PLA2G4D
KSR1,KSR1
MAOA,MAOA
YY2,YY2
RXFP3,RXFP3
NKAIN2,NKAIN2
TRIM49,TRIM49
P4HA2,P4HA2
RWDD2A,RWDD2A
PALM3,PALM3
RNF41,RNF41
ST7L,ST7L
MAP3K1,MAP3K1
CASZ1,CASZ1
TRAJ57,TRAJ57
ARAP3,ARAP3
SLC18A1,SLC18A1
SIK3,SIK3
MECP2,MECP2
C9orf40,C9orf40
CHRM3,CHRM3
C6orf10,C6orf10
RPL10A,RPL10A
TRGV8,TRGV8
CHURC1-FNTB,CHURC1-FNTB
OR52N4,OR52N4
CLEC9A,CLEC9A
RELL2,RELL2
CARD19,CARD19
TTLL1,TTLL1
PHC3,PHC3
BSND,BSND
MYO1B,MYO1B
WSCD2,WSCD2
ZNF707,ZNF707
SSX2,SSX2
RLN2,RLN2
PRELID1,PRELID1
CREB3L2,CREB3L2
RBM33,RBM33
MRPL19,MRPL19
CPTP,CPTP
IKBKB,IKBKB
TFB2M,TFB2M
SH3BGRL3,SH3BGRL3
ZCWPW2,ZCWPW2
MXRA8,MXRA8
PRKD3,PRKD3
TMEM164,TMEM164
TNFSF13,TNFSF13
SLC39A13,SLC39A13
ANKRD34B,ANKRD34B
RGS13,RGS13
CALML6,CALML6
LYZL4,LYZL4
ZNHIT3,ZNHIT3
ADIPOR1,ADIPOR1
CDC42,CDC42
CLRN1,CLRN1
NCAPG,NCAPG
HGNC:24687,HGNC:24687
FGD2,FGD2
OR5I1,OR5I1
ZZEF1,ZZEF1
PFDN4,PFDN4
TOP2B,TOP2B
DNAJC21,DNAJC21
G6PC2,G6PC2
OR4K2,OR4K2
HGNC:35152,HGNC:35152
GPR158,GPR158
AP1M2,AP1M2
DGLUCY,DGLUCY
AQP4,AQP4
ENSG00000274042,ENSG00000274042
CLIP4,CLIP4
AGO1,AGO1
YTHDC2,YTHDC2
APOC1,APOC1
AIF1L,AIF1L
OR2AP1,OR2AP1
EML1,EML1
SYNJ1,SYNJ1
TSPAN7,TSPAN7
HDAC2,HDAC2
FIGNL1,FIGNL1
SLC44A4,SLC44A4
GRIK1,GRIK1
NTNG1,NTNG1
CKMT2,CKMT2
COX20,COX20
REX1BD,REX1BD
S1PR2,S1PR2
ATL3,ATL3
RNF121,RNF121
SIAE,SIAE
UNQ9370/PRO34162,UNQ9370/PRO34162
HDDC2,HDDC2
PCGF2,PCGF2
LAMA4,LAMA4
NOL7,NOL7
CDC37L1,CDC37L1
MATN1,MATN1
STUM,STUM
SCUBE2,SCUBE2
ERBB3,ERBB3
LGALS9B,LGALS9B
FNBP1,FNBP1
BLOC1S2,BLOC1S2
KITLG,KITLG
CHST11,CHST11
PNMA2,PNMA2
DDIAS,DDIAS
DGKI,DGKI
KRTAP12-1,KRTAP12-1
PXK,PXK
RBPJL,RBPJL
C17orf98,C17orf98
ENSG00000266076,ENSG00000266076
CDC42BPA,CDC42BPA
PDCL2,PDCL2
FAM196A,FAM196A
RXRB,RXRB
DEFB103A,DEFB103A
OR52M1,OR52M1
LUZP1,LUZP1
ICAM5,ICAM5
ZBTB7A,ZBTB7A
XKR3,XKR3
HGNC:31365,HGNC:31365
CCDC88B,CCDC88B
HOXA11,HOXA11
TRBV6-6,TRBV6-6
COA4,COA4
RPL4,RPL4
CLIC4,CLIC4
ITPKA,ITPKA
MOB3A,MOB3A
ARMC8,ARMC8
ZFYVE16,ZFYVE16
SSMEM1,SSMEM1
C11orf52,C11orf52
PLP1,PLP1
C2CD3,C2CD3
TAOK3,TAOK3
NPAS3,NPAS3
IGLV4-60,IGLV4-60
E2F3,E2F3
DNAH10OS,DNAH10OS
ABCC3,ABCC3
CHL1,CHL1
IQCJ,IQCJ
ZNF655,ZNF655
KISS1,KISS1
CETP,CETP
TBCD,TBCD
GRTP1,GRTP1
CFAP65,CFAP65
IL10,IL10
AS3MT,AS3MT
RPRM,RPRM
NAV3,NAV3
SYNJ2BP,SYNJ2BP
ENSG00000259784,ENSG00000259784
RPRD2,RPRD2
MCHR2,MCHR2
TRHR,TRHR
YTHDF2,YTHDF2
SESN3,SESN3
LPCAT3,LPCAT3
NARS,NARS
TMCO6,TMCO6
AFM,AFM
IFT81,IFT81
RPS3A,RPS3A
TXNL4B,TXNL4B
AOC2,AOC2
CBX1,CBX1
CNN2,CNN2
SCYL1,SCYL1
CIDEC,CIDEC
UGT1A1,UGT1A1
PAX5,PAX5
IGF2BP2,IGF2BP2
DESI2,DESI2
SDE2,SDE2
DIP2B,DIP2B
SIPA1L3,SIPA1L3
SLC25A44,SLC25A44
HVCN1,HVCN1
SERPINC1,SERPINC1
GPR162,GPR162
C8orf46,C8orf46
SIGLEC12,SIGLEC12
DRAXIN,DRAXIN
SYNGR4,SYNGR4
MEX3C,MEX3C
EPHA7,EPHA7
OR5D13,OR5D13
CDHR5,CDHR5
EEF1G,EEF1G
HENMT1,HENMT1
KCNH1,KCNH1
MTERF4,MTERF4
HBD,HBD
TTC9C,TTC9C
RABEPK,RABEPK
KRTAP3-3,KRTAP3-3
SERPINF2,SERPINF2
TRAM2,TRAM2
ACAD8,ACAD8
RALGAPA1,RALGAPA1
C1QL4,C1QL4
ASL,ASL
ENSG00000267954,ENSG00000267954
BMS1,BMS1
STAM2,STAM2
NPBWR1,NPBWR1
KIAA0408,KIAA0408
OR10H3,OR10H3
FAM217B,FAM217B
CPT2,CPT2
PLA2G4C,PLA2G4C
MIB2,MIB2
CAPZB,CAPZB
OR10J3,OR10J3
MATN3,MATN3
INTU,INTU
MBOAT4,MBOAT4
CALCOCO1,CALCOCO1
C12orf56,C12orf56
BTNL8,BTNL8
C21orf58,C21orf58
BCL6,BCL6
ZDHHC3,ZDHHC3
RFWD2,RFWD2
LIMD2,LIMD2
KDM4D,KDM4D
ADAP2,ADAP2
WLS,WLS
ENSG00000272869,ENSG00000272869
CWH43,CWH43
BRK1,BRK1
CTTNBP2,CTTNBP2
KL,KL
WDR7,WDR7
NDEL1,NDEL1
DOCK5,DOCK5
FSCN1,FSCN1
MFSD1,MFSD1
ELP4,ELP4
ENSG00000254979,ENSG00000254979
ACSL5,ACSL5
PRLH,PRLH
FRG1,FRG1
EIF3E,EIF3E
PITPNM2,PITPNM2
NMBR,NMBR
MAP4K4,MAP4K4
ATP6AP1L,ATP6AP1L
ZRSR1,ZRSR1
NAE1,NAE1
HERPUD1,HERPUD1
XIAP,XIAP
HEYL,HEYL
OTOS,OTOS
PTDSS1,PTDSS1
CAPSL,CAPSL
IGHV3-15,IGHV3-15
ZNF681,ZNF681
FAM171A1,FAM171A1
ARRDC5,ARRDC5
ALX4,ALX4
MYZAP,MYZAP
TOMM34,TOMM34
CCNG2,CCNG2
COBL,COBL
PIBF1,PIBF1
PGLYRP4,PGLYRP4
ZNF727,ZNF727
C19orf54,C19orf54
NOL10,NOL10
ABHD13,ABHD13
BDH2,BDH2
ATP5L,ATP5L
MTRNR2L1,MTRNR2L1
ARFGAP3,ARFGAP3
SPTBN5,SPTBN5
C1QTNF7,C1QTNF7
CDS1,CDS1
MT1M,MT1M
G0S2,G0S2
PROS1,PROS1
SCPEP1,SCPEP1
PARD6G,PARD6G
ZNF223,ZNF223
RNF148,RNF148
CCDC173,CCDC173
GKN2,GKN2
DNMT3A,DNMT3A
CXorf38,CXorf38
BCL2A1,BCL2A1
OR4M2,OR4M2
TRIOBP,TRIOBP
STX18,STX18
IL16,IL16
LDLRAD2,LDLRAD2
PLXDC1,PLXDC1
DUSP12,DUSP12
CHD5,CHD5
ACVR1,ACVR1
ECE2,ECE2
KRT9,KRT9
ZNF675,ZNF675
BPI,BPI
OSTN,OSTN
GAGE12B,GAGE12B
ABRAXAS1,ABRAXAS1
IFNA1,IFNA1
HGNC:32062,HGNC:32062
YPEL3,YPEL3
SYTL5,SYTL5
FER,FER
GLCE,GLCE
EVPL,EVPL
HEPACAM,HEPACAM
C9orf129,C9orf129
PREB,PREB
REEP1,REEP1
ABCA2,ABCA2
ASB16,ASB16
TRAJ30,TRAJ30
PIP5K1A,PIP5K1A
ZNF112,ZNF112
ADAMTS8,ADAMTS8
SELENBP1,SELENBP1
FGD3,FGD3
DGCR8,DGCR8
CACNG7,CACNG7
SEC23IP,SEC23IP
RTN1,RTN1
MCF2L,MCF2L
HEXDC,HEXDC
TMEM80,TMEM80
ZNF697,ZNF697
CCDC155,CCDC155
GAMT,GAMT
PROCR,PROCR
LRPAP1,LRPAP1
NCOA4,NCOA4
TUBB8,TUBB8
CCNG1,CCNG1
SRARP,SRARP
EIF5A2,EIF5A2
ZNF280A,ZNF280A
CEP57,CEP57
LUC7L,LUC7L
OR2T10,OR2T10
GATA1,GATA1
TKTL2,TKTL2
OR8H3,OR8H3
TEX49,TEX49
LLGL2,LLGL2
FAM199X,FAM199X
CNIH2,CNIH2
BHMG1,BHMG1
EOGT,EOGT
SLC36A3,SLC36A3
SSX4,SSX4
EEF1B2,EEF1B2
POFUT2,POFUT2
NOTO,NOTO
SIGLEC10,SIGLEC10
EHD4,EHD4
ABCA7,ABCA7
SH2D7,SH2D7
PAAF1,PAAF1
PSMG1,PSMG1
USF2,USF2
SET,SET
ETV1,ETV1
IGSF9,IGSF9
USH1C,USH1C
TC2N,TC2N
TMED10,TMED10
EIF3G,EIF3G
CAMK2N2,CAMK2N2
IGSF11,IGSF11
SPRR2A,SPRR2A
IGLV10-54,IGLV10-54
KAZALD1,KAZALD1
PKHD1L1,PKHD1L1
HGNC:7170,HGNC:7170
ANXA5,ANXA5
CHRNG,CHRNG
SELENOT,SELENOT
KDM2A,KDM2A
C12orf43,C12orf43
ACSBG1,ACSBG1
HGNC:34511,HGNC:34511
IQCB1,IQCB1
TGM2,TGM2
ENSA,ENSA
HAGHL,HAGHL
PSMC3,PSMC3
CDKL2,CDKL2
ING4,ING4
NECTIN1,NECTIN1
USH1G,USH1G
IL1F10,IL1F10
DIRC3,DIRC3
NWD1,NWD1
ENSG00000258691,ENSG00000258691
LCE2B,LCE2B
RPS6KA4,RPS6KA4
CCDC13,CCDC13
BUB1B,BUB1B
SLC5A1,SLC5A1
CDC42SE2,CDC42SE2
TBC1D14,TBC1D14
ENTPD2,ENTPD2
JPH2,JPH2
CCNB3,CCNB3
NLRP3,NLRP3
SLC7A4,SLC7A4
PQLC1,PQLC1
BECN1,BECN1
CHKB,CHKB
TMEM82,TMEM82
FATE1,FATE1
CXorf40A,CXorf40A
UGT1A7,UGT1A7
LRRC3B,LRRC3B
LRRC42,LRRC42
SAMD4B,SAMD4B
CD7,CD7
RHOT1,RHOT1
PHOSPHO1,PHOSPHO1
TSTA3,TSTA3
SNN,SNN
SCARF2,SCARF2
CCNL2,CCNL2
KAAG1,KAAG1
ENSG00000251246,ENSG00000251246
OR10K1,OR10K1
MYO1G,MYO1G
FTMT,FTMT
MBOAT2,MBOAT2
CTAGE6,CTAGE6
HGNC:34386,HGNC:34386
TRIM29,TRIM29
ACTR6,ACTR6
ARHGAP25,ARHGAP25
SLC30A10,SLC30A10
JAKMIP3,JAKMIP3
NABP2,NABP2
ENSG00000283515,ENSG00000283515
COL1A2,COL1A2
FBXO5,FBXO5
PRR23B,PRR23B
HGNC:31959,HGNC:31959
SIDT2,SIDT2
ZNF212,ZNF212
OR2V2,OR2V2
RNF141,RNF141
NECAP1,NECAP1
GALNT16,GALNT16
SLC35A5,SLC35A5
PLA2G3,PLA2G3
DNAJC30,DNAJC30
DPP6,DPP6
ENAM,ENAM
RAB33B,RAB33B
GDAP1L1,GDAP1L1
RNASE7,RNASE7
NOX5,NOX5
SPIC,SPIC
MMAB,MMAB
LARS,LARS
TRBV7-6,TRBV7-6
SLC47A1,SLC47A1
LMNB1,LMNB1
SUCO,SUCO
PRKRA,PRKRA
ZNF165,ZNF165
TFAP2A,TFAP2A
COX6A1,COX6A1
RXFP4,RXFP4
PATE1,PATE1
AMIGO2,AMIGO2
TMED8,TMED8
MUL1,MUL1
CALML4,CALML4
ATP13A2,ATP13A2
DCHS1,DCHS1
TRIM9,TRIM9
ZBTB21,ZBTB21
ADORA2A,ADORA2A
RAD23A,RAD23A
PTGS1,PTGS1
PEBP1,PEBP1
CDC23,CDC23
DEFB128,DEFB128
ATP5O,ATP5O
SP3,SP3
MAPK11,MAPK11
NFE2,NFE2
C16orf89,C16orf89
MMP2,MMP2
MBLAC1,MBLAC1
FAM103A1,FAM103A1
PGM5,PGM5
PUF60,PUF60
TBKBP1,TBKBP1
IGKV3D-7,IGKV3D-7
WWP2,WWP2
HRH4,HRH4
PRDM5,PRDM5
SPRYD4,SPRYD4
DCLRE1C,DCLRE1C
CDKN1C,CDKN1C
PSMG2,PSMG2
ACTN4,ACTN4
SF3A3,SF3A3
C2orf74,C2orf74
HMGB2,HMGB2
GFPT2,GFPT2
ZNF860,ZNF860
MFSD2A,MFSD2A
C12orf73,C12orf73
ELOVL6,ELOVL6
TRIM23,TRIM23
MUS81,MUS81
SLC35F2,SLC35F2
UTP14C,UTP14C
DCAF10,DCAF10
AKIP1,AKIP1
ENSG00000280571,ENSG00000280571
TRAJ11,TRAJ11
CPM,CPM
TOMM5,TOMM5
FAM84A,FAM84A
EFR3B,EFR3B
GAK,GAK
GPN1,GPN1
ZNF322,ZNF322
SERPINB4,SERPINB4
CSNK1G3,CSNK1G3
AGAP4,AGAP4
LTBP3,LTBP3
SH2D6,SH2D6
POLE2,POLE2
CLDN14,CLDN14
C20orf85,C20orf85
NSMCE1,NSMCE1
SEPT1,SEPT1
EPOP,EPOP
OR10S1,OR10S1
WIPF3,WIPF3
TMPRSS9,TMPRSS9
APOBEC4,APOBEC4
TRNP1,TRNP1
BCDIN3D,BCDIN3D
GRK6,GRK6
LIPT2,LIPT2
DNMT3L,DNMT3L
MCM10,MCM10
DDX54,DDX54
AEBP1,AEBP1
DIS3,DIS3
CENPC,CENPC
MRPL38,MRPL38
TRIM38,TRIM38
SLC6A20,SLC6A20
RHOT2,RHOT2
MTX1,MTX1
DCN,DCN
ANGPTL3,ANGPTL3
S1PR1,S1PR1
KIAA0556,KIAA0556
TLE4,TLE4
PIWIL3,PIWIL3
DNAJC6,DNAJC6
NTN1,NTN1
TYROBP,TYROBP
ENSG00000255835,ENSG00000255835
ERFE,ERFE
MPPE1,MPPE1
SH2D3A,SH2D3A
TUBB2B,TUBB2B
MFNG,MFNG
C2orf78,C2orf78
AGGF1,AGGF1
C1orf27,C1orf27
GABRB2,GABRB2
CSGALNACT2,CSGALNACT2
KCNC1,KCNC1
REV3L,REV3L
LECT2,LECT2
NDUFAF4,NDUFAF4
SYNCRIP,SYNCRIP
GRAMD1A,GRAMD1A
GPIHBP1,GPIHBP1
CHST9,CHST9
ZNF621,ZNF621
HPX,HPX
ASPSCR1,ASPSCR1
IAH1,IAH1
YBEY,YBEY
MROH7,MROH7
PIAS2,PIAS2
PARP10,PARP10
ODF2L,ODF2L
NTRK2,NTRK2
RPGRIP1L,RPGRIP1L
TLX2,TLX2
ZNF619,ZNF619
OR2T12,OR2T12
CD27,CD27
KLRD1,KLRD1
UBE4B,UBE4B
ISCA2,ISCA2
CFB,CFB
CPLX4,CPLX4
FGF5,FGF5
PCDHGC3,PCDHGC3
SLC6A6,SLC6A6
HNRNPUL2,HNRNPUL2
DEFB125,DEFB125
SEPT6,SEPT6
KNTC1,KNTC1
ENSG00000270033,ENSG00000270033
OR2M3,OR2M3
TAF1C,TAF1C
TRBV6-4,TRBV6-4
DIDO1,DIDO1
HGNC:6225,HGNC:6225
WNK2,WNK2
ELOA3,ELOA3
PDZRN4,PDZRN4
ZNF257,ZNF257
DUSP21,DUSP21
TTYH1,TTYH1
ZMYM4,ZMYM4
LIMS1,LIMS1
GLG1,GLG1
VKORC1,VKORC1
TRAV40,TRAV40
MYCBP,MYCBP
SPATA6L,SPATA6L
IL10RA,IL10RA
TRAJ56,TRAJ56
TRIM2,TRIM2
MTHFD2,MTHFD2
DND1,DND1
CLPP,CLPP
MCU,MCU
ARMS2,ARMS2
APOBEC3B,APOBEC3B
ACMSD,ACMSD
IGSF6,IGSF6
GPR146,GPR146
PCTP,PCTP
ITGA2B,ITGA2B
CFAP45,CFAP45
NPB,NPB
MTA1,MTA1
TMEM92,TMEM92
HDAC5,HDAC5
RNF103-CHMP3,RNF103-CHMP3
MTA3,MTA3
NFE2L3,NFE2L3
MYO19,MYO19
CTNND2,CTNND2
CNDP1,CNDP1
ITPA,ITPA
GLUD1,GLUD1
NOTCH3,NOTCH3
ZNF471,ZNF471
OR7G1,OR7G1
MSLN,MSLN
KRTAP5-7,KRTAP5-7
NCOA7,NCOA7
CRELD1,CRELD1
PKNOX1,PKNOX1
RHD,RHD
TBCC,TBCC
ATP13A1,ATP13A1
OR2A5,OR2A5
EFNB2,EFNB2
RNASE6,RNASE6
AP2A2,AP2A2
SPRR1A,SPRR1A
GDPD3,GDPD3
GALR1,GALR1
LIMS2,LIMS2
VWF,VWF
RASL10B,RASL10B
AQP11,AQP11
TMEM30B,TMEM30B
GNAL,GNAL
CSRP2,CSRP2
CTCF,CTCF
INSIG1,INSIG1
C1orf21,C1orf21
KCNA5,KCNA5
RMDN2,RMDN2
KIF27,KIF27
TBX5,TBX5
SLC9A1,SLC9A1
TRAK2,TRAK2
MYBL2,MYBL2
DNAJB8,DNAJB8
PCDHGC5,PCDHGC5
MMAA,MMAA
PI4K2B,PI4K2B
RSPH3,RSPH3
CHRNB3,CHRNB3
OR10T2,OR10T2
NR2F2,NR2F2
SNAP91,SNAP91
IL1RL2,IL1RL2
HNRNPH1,HNRNPH1
GNG11,GNG11
PLEKHG6,PLEKHG6
GRWD1,GRWD1
USP25,USP25
RAB1A,RAB1A
ATP5G1,ATP5G1
AGAP9,AGAP9
TLR10,TLR10
ESM1,ESM1
CCNY,CCNY
SOX3,SOX3
TEX28,TEX28
PDLIM2,PDLIM2
ENSG00000254732,ENSG00000254732
HPDL,HPDL
OR4K14,OR4K14
PSAP,PSAP
SSX1,SSX1
CCR7,CCR7
CCL18,CCL18
MKX,MKX
KRR1,KRR1
SPATA13,SPATA13
PEX11B,PEX11B
INPP4A,INPP4A
DBP,DBP
GPR88,GPR88
WDR73,WDR73
BLM,BLM
NAA16,NAA16
NOSTRIN,NOSTRIN
IGHD3-10,IGHD3-10
TRAJ46,TRAJ46
IQCH,IQCH
ACKR1,ACKR1
ZNF724,ZNF724
C6orf223,C6orf223
PPM1B,PPM1B
FMOD,FMOD
TRIM50,TRIM50
FZD5,FZD5
GEM,GEM
FZD1,FZD1
MS4A15,MS4A15
EPHX2,EPHX2
ZNF768,ZNF768
OR8K3,OR8K3
SLC27A4,SLC27A4
TAS2R9,TAS2R9
C15orf61,C15orf61
TMEM79,TMEM79
EAF2,EAF2
AKR1B1,AKR1B1
P4HA1,P4HA1
THAP8,THAP8
ZNF133,ZNF133
SSRP1,SSRP1
FLT3,FLT3
STK4,STK4
GGACT,GGACT
PBRM1,PBRM1
C4A,C4A
NOA1,NOA1
GLP2R,GLP2R
SYS1-DBNDD2,SYS1-DBNDD2
AMOT,AMOT
PSMB11,PSMB11
ZNF596,ZNF596
RPL14,RPL14
PHLDB3,PHLDB3
MCTS1,MCTS1
PHEX,PHEX
OR2M5,OR2M5
SAMD9,SAMD9
GLMN,GLMN
ACBD6,ACBD6
TP63,TP63
THOC7,THOC7
SAAL1,SAAL1
AKAP10,AKAP10
TRBV25-1,TRBV25-1
FXYD2,FXYD2
CCDC32,CCDC32
GAB1,GAB1
CDH13,CDH13
ABCC1,ABCC1
KCNB2,KCNB2
CYP1A1,CYP1A1
FBXO31,FBXO31
ADCYAP1,ADCYAP1
HSD17B13,HSD17B13
CYP4A11,CYP4A11
FOXO3,FOXO3
CALN1,CALN1
PIK3CD,PIK3CD
MMP7,MMP7
TMEM234,TMEM234
RNASEH1,RNASEH1
OR8B12,OR8B12
FEM1C,FEM1C
TCF21,TCF21
HPS1,HPS1
NPS,NPS
CCDC148,CCDC148
ZKSCAN4,ZKSCAN4
MRPS16,MRPS16
CERS4,CERS4
ZC3H3,ZC3H3
ITPR3,ITPR3
ZSCAN20,ZSCAN20
CDYL,CDYL
PRSS21,PRSS21
PRTN3,PRTN3
KCNC3,KCNC3
SEBOX,SEBOX
ZNF304,ZNF304
TAGLN3,TAGLN3
LIMD1,LIMD1
ACD,ACD
SRSF4,SRSF4
CFAP70,CFAP70
NGB,NGB
ENSG00000111780,ENSG00000111780
TRMT61B,TRMT61B
ARHGAP44,ARHGAP44
OR2B2,OR2B2
OR10D3,OR10D3
EEF2KMT,EEF2KMT
E2F6,E2F6
GAL3ST3,GAL3ST3
C1S,C1S
WDR91,WDR91
AMACR,AMACR
TMEM205,TMEM205
ENSG00000188223,ENSG00000188223
KRTAP1-4,KRTAP1-4
TAF1A,TAF1A
CIB2,CIB2
ADCY6,ADCY6
TATDN1,TATDN1
ANKS1B,ANKS1B
CTGF,CTGF
TMEM204,TMEM204
HSD17B10,HSD17B10
AADACL3,AADACL3
PNPO,PNPO
SH2D2A,SH2D2A
MNDA,MNDA
ZNF157,ZNF157
SH3YL1,SH3YL1
ZNF7,ZNF7
SLC44A2,SLC44A2
TGFBR2,TGFBR2
TAPBPL,TAPBPL
CFL2,CFL2
TOR1AIP1,TOR1AIP1
GALNT14,GALNT14
GOLGA8G,GOLGA8G
CRISP1,CRISP1
PURB,PURB
HNMT,HNMT
PZP,PZP
SH3TC2,SH3TC2
CTC1,CTC1
HGNC:28595,HGNC:28595
PPIAL4G,PPIAL4G
ACOT9,ACOT9
PHTF1,PHTF1
ACBD4,ACBD4
MGME1,MGME1
ENSG00000254692,ENSG00000254692
ADPRHL1,ADPRHL1
APOBEC3A,APOBEC3A
LY6G6E,LY6G6E
CELF2,CELF2
OR1J2,OR1J2
SLIT1,SLIT1
RTTN,RTTN
ASB14,ASB14
RPS6KC1,RPS6KC1
DHX58,DHX58
SUPV3L1,SUPV3L1
MAD2L1,MAD2L1
SPINK8,SPINK8
KIF5B,KIF5B
POLG,POLG
DISP2,DISP2
FRMD7,FRMD7
FBXO27,FBXO27
GDF5,GDF5
SPATA22,SPATA22
ZNF703,ZNF703
NDUFA7,NDUFA7
PRDM9,PRDM9
SLURP2,SLURP2
SAYSD1,SAYSD1
GDF10,GDF10
HELZ2,HELZ2
ZC4H2,ZC4H2
KIAA0355,KIAA0355
TOB2,TOB2
KIF3A,KIF3A
OR1A1,OR1A1
BARHL2,BARHL2
GPR17,GPR17
HSH2D,HSH2D
ENSG00000277005,ENSG00000277005
KCTD8,KCTD8
BDH1,BDH1
CDKN2AIPNL,CDKN2AIPNL
PPP1R1B,PPP1R1B
IRX3,IRX3
ARPC5,ARPC5
WISP2,WISP2
ADGRG4,ADGRG4
B3GALNT2,B3GALNT2
ZNF496,ZNF496
TNIP3,TNIP3
TTL,TTL
LNX2,LNX2
FAM76A,FAM76A
GTF2E2,GTF2E2
LCE2A,LCE2A
NDFIP1,NDFIP1
ARHGAP4,ARHGAP4
ZNF493,ZNF493
KIAA1755,KIAA1755
SMAD4,SMAD4
LHX6,LHX6
POU2F3,POU2F3
TMPRSS11B,TMPRSS11B
USP49,USP49
ERP27,ERP27
ENSG00000234719,ENSG00000234719
ZNRF2,ZNRF2
BRINP1,BRINP1
OR14C36,OR14C36
KLHDC1,KLHDC1
NIN,NIN
ZNF816,ZNF816
TRHDE,TRHDE
HGNC:26602,HGNC:26602
RGS7,RGS7
NUTM2F,NUTM2F
CERS3,CERS3
SPATA31E1,SPATA31E1
GIMAP4,GIMAP4
NT5C3B,NT5C3B
FAM200A,FAM200A
CARD10,CARD10
CCDC66,CCDC66
C21orf91,C21orf91
ERCC6,ERCC6
TXNDC11,TXNDC11
SLC26A1,SLC26A1
FSD1,FSD1
CPS1,CPS1
PLPPR1,PLPPR1
POC1B,POC1B
PEX5L,PEX5L
IAPP,IAPP
MSRB2,MSRB2
PASK,PASK
KLRC4-KLRK1,KLRC4-KLRK1
BEX5,BEX5
GPR119,GPR119
RCN2,RCN2
HNRNPCL1,HNRNPCL1
TENM2,TENM2
NSF,NSF
SLC25A33,SLC25A33
ZNF99,ZNF99
TMEM37,TMEM37
DSE,DSE
SPOCK3,SPOCK3
ARL5C,ARL5C
TPRKB,TPRKB
HS3ST1,HS3ST1
XAGE3,XAGE3
R3HDML,R3HDML
TCP11X2,TCP11X2
CMTM5,CMTM5
RBM18,RBM18
MEST,MEST
IRX1,IRX1
PABPC4L,PABPC4L
IQGAP3,IQGAP3
PRX,PRX
FAM83C,FAM83C
ACSM6,ACSM6
B4GALNT1,B4GALNT1
ANO10,ANO10
SNRPD2,SNRPD2
ASPG,ASPG
SMG8,SMG8
NOMO3,NOMO3
SLCO1B7,SLCO1B7
ARF6,ARF6
IPCEF1,IPCEF1
DAZAP1,DAZAP1
MED16,MED16
SRRM1,SRRM1
STX16-NPEPL1,STX16-NPEPL1
ENSG00000255508,ENSG00000255508
CAVIN2,CAVIN2
CRYAA,CRYAA
MICALL2,MICALL2
AZGP1,AZGP1
MAP1LC3B2,MAP1LC3B2
PTGER4,PTGER4
HGNC:32699,HGNC:32699
KIAA1324,KIAA1324
KPNA1,KPNA1
BBS1,BBS1
C3orf18,C3orf18
NACA,NACA
TRBV10-2,TRBV10-2
H2AFB1,H2AFB1
FAM169A,FAM169A
TMEM39A,TMEM39A
VAV1,VAV1
DHX29,DHX29
TMEM109,TMEM109
VWC2,VWC2
NOVA2,NOVA2
VPS51,VPS51
C3orf35,C3orf35
NR4A1,NR4A1
KRTAP13-1,KRTAP13-1
ZMAT5,ZMAT5
POU2F2,POU2F2
TEX2,TEX2
PCMT1,PCMT1
HGNC:23509,HGNC:23509
RAB40AL,RAB40AL
POFUT1,POFUT1
KLHL18,KLHL18
MAPRE3,MAPRE3
PSMD6,PSMD6
IGHV1-69,IGHV1-69
TESMIN,TESMIN
MAGOHB,MAGOHB
ZFP1,ZFP1
ZFP30,ZFP30
INPP5K,INPP5K
NUPR1,NUPR1
CYR61,CYR61
C1orf146,C1orf146
TFG,TFG
DSG2,DSG2
PSMA1,PSMA1
TOP2A,TOP2A
CACNA1B,CACNA1B
FBXO46,FBXO46
CLEC4A,CLEC4A
CDC26,CDC26
MRE11,MRE11
TCHP,TCHP
HCN2,HCN2
ZBTB48,ZBTB48
DDX50,DDX50
ADAM8,ADAM8
RCN1,RCN1
CCL24,CCL24
ZDHHC2,ZDHHC2
INF2,INF2
EXOSC5,EXOSC5
PRDM4,PRDM4
OR5F1,OR5F1
PDE1A,PDE1A
MIB1,MIB1
PHF7,PHF7
SPATA31A5,SPATA31A5
SMARCC1,SMARCC1
ACTL6A,ACTL6A
PTX4,PTX4
C14orf28,C14orf28
AMZ1,AMZ1
MMP17,MMP17
CLYBL,CLYBL
LRRC38,LRRC38
ABCD3,ABCD3
CLBA1,CLBA1
NDOR1,NDOR1
ZNF878,ZNF878
COQ6,COQ6
ACAP1,ACAP1
IGKV1-37,IGKV1-37
MAPK9,MAPK9
CNOT9,CNOT9
ORMDL1,ORMDL1
FAM170B,FAM170B
RTN3,RTN3
LAMTOR4,LAMTOR4
SMR3A,SMR3A
EFL1,EFL1
STX7,STX7
KMO,KMO
VEPH1,VEPH1
ENTPD1,ENTPD1
TTR,TTR
P2RY4,P2RY4
CLPX,CLPX
TFEB,TFEB
SNX32,SNX32
GAPDH,GAPDH
TPD52L2,TPD52L2
SBF2,SBF2
H3F3A,H3F3A
RUFY3,RUFY3
ZRANB1,ZRANB1
CDC73,CDC73
SPAG8,SPAG8
DAZ4,DAZ4
SEC31A,SEC31A
SST,SST
CSPG4,CSPG4
CD80,CD80
ZNF628,ZNF628
LGALS3BP,LGALS3BP
SUMO1,SUMO1
NAG19,NAG19
SLC39A10,SLC39A10
C5orf30,C5orf30
DNM3,DNM3
CCDC169,CCDC169
CAPRIN1,CAPRIN1
PYY,PYY
WASF2,WASF2
TRAV17,TRAV17
ZFYVE21,ZFYVE21
SLC12A5,SLC12A5
ZNF385D,ZNF385D
CAVIN1,CAVIN1
FGFR1,FGFR1
SLC25A38,SLC25A38
RBM23,RBM23
FOSL1,FOSL1
C9orf57,C9orf57
TRGJP2,TRGJP2
CCDC97,CCDC97
ZAR1L,ZAR1L
GGT6,GGT6
CCNH,CCNH
RBM26,RBM26
PTPRS,PTPRS
DGKB,DGKB
DDX42,DDX42
TNFSF4,TNFSF4
MAP3K5,MAP3K5
ENSG00000271698,ENSG00000271698
LMNTD2,LMNTD2
SEPHS1,SEPHS1
HMOX1,HMOX1
CC2D1B,CC2D1B
C3orf52,C3orf52
GPR108,GPR108
LRRC14,LRRC14
NANS,NANS
STATH,STATH
TRAJ54,TRAJ54
ADORA3,ADORA3
POLB,POLB
CCL25,CCL25
PCOLCE2,PCOLCE2
PNLIPRP3,PNLIPRP3
JMJD7-PLA2G4B,JMJD7-PLA2G4B
PIP4K2B,PIP4K2B
PI15,PI15
GFM2,GFM2
LRRC69,LRRC69
HIST1H2AH,HIST1H2AH
R3HDM2,R3HDM2
IGLV4-3,IGLV4-3
PLA2G12B,PLA2G12B
PSMB4,PSMB4
KRTAP3-1,KRTAP3-1
TMEM132E,TMEM132E
SULT1C2,SULT1C2
CYB5R2,CYB5R2
SPRR2G,SPRR2G
FGD6,FGD6
TRIM71,TRIM71
CTDSPL,CTDSPL
TCP1,TCP1
GABRA2,GABRA2
L1TD1,L1TD1
ENSG00000273217,ENSG00000273217
AP1G1,AP1G1
RGS16,RGS16
PCNX3,PCNX3
GALNT4,GALNT4
KRTAP9-2,KRTAP9-2
TRIM31,TRIM31
ANKRD18B,ANKRD18B
MRTO4,MRTO4
SLC45A1,SLC45A1
ENSG00000274944,ENSG00000274944
CCRL2,CCRL2
OR52W1,OR52W1
NPIPB8,NPIPB8
SLC5A5,SLC5A5
DNAH2,DNAH2
TUBGCP6,TUBGCP6
RBM41,RBM41
PDLIM4,PDLIM4
HSPBAP1,HSPBAP1
NME6,NME6
LRRC6,LRRC6
AKR1C1,AKR1C1
RAB3GAP1,RAB3GAP1
KCNK9,KCNK9
SIN3A,SIN3A
TRIM15,TRIM15
VARS2,VARS2
FAM89B,FAM89B
CYP4F3,CYP4F3
IFNB1,IFNB1
CLDN25,CLDN25
PPP2R1A,PPP2R1A
AP1B1,AP1B1
IGHV3OR16-10,IGHV3OR16-10
GDF11,GDF11
SLC25A16,SLC25A16
SLC35C2,SLC35C2
ARFIP2,ARFIP2
C5orf22,C5orf22
OAT,OAT
ZNF646,ZNF646
ARHGAP18,ARHGAP18
CPXCR1,CPXCR1
CDKL3,CDKL3
SAXO1,SAXO1
SRSF11,SRSF11
MRPS18C,MRPS18C
ENSG00000259171,ENSG00000259171
C16orf95,C16orf95
AMELX,AMELX
NDUFAF6,NDUFAF6
VENTX,VENTX
DNMT3B,DNMT3B
SDHAF4,SDHAF4
HESX1,HESX1
HLTF,HLTF
MAMSTR,MAMSTR
HSD17B7,HSD17B7
GBGT1,GBGT1
ACAD11,ACAD11
EPHA1,EPHA1
TEX9,TEX9
RAB40C,RAB40C
SPTSSB,SPTSSB
HOMER1,HOMER1
POLR2J2,POLR2J2
TRGJP,TRGJP
OR10G6,OR10G6
C15orf59,C15orf59
GPI,GPI
EXO1,EXO1
CATSPER3,CATSPER3
MYOM3,MYOM3
GINS2,GINS2
ADORA2B,ADORA2B
OR52K2,OR52K2
RFC2,RFC2
GHRHR,GHRHR
CYSRT1,CYSRT1
CNTN4,CNTN4
LCE6A,LCE6A
TIAM2,TIAM2
SEMA4D,SEMA4D
THSD1,THSD1
FAM120C,FAM120C
SLC2A10,SLC2A10
KRT71,KRT71
NTMT1,NTMT1
TBL3,TBL3
CHMP4C,CHMP4C
SCAPER,SCAPER
DNAJC16,DNAJC16
HMGA2,HMGA2
RBM6,RBM6
OSBPL3,OSBPL3
ATRNL1,ATRNL1
CFAP54,CFAP54
ERICH6B,ERICH6B
GTF2B,GTF2B
PDC,PDC
MALSU1,MALSU1
SLC1A4,SLC1A4
SPDYE2B,SPDYE2B
SLC6A18,SLC6A18
NUP54,NUP54
FAM229B,FAM229B
GTPBP3,GTPBP3
RAX2,RAX2
ZNF275,ZNF275
KAT6A,KAT6A
GPR82,GPR82
CD38,CD38
B4GALT1,B4GALT1
CDIP1,CDIP1
FAM46B,FAM46B
TMEM173,TMEM173
SYT11,SYT11
TRIM5,TRIM5
SLC2A4RG,SLC2A4RG
MEIS1,MEIS1
EP400,EP400
RORB,RORB
HSPB9,HSPB9
PPP1R13L,PPP1R13L
CHST13,CHST13
MRPL52,MRPL52
XPO6,XPO6
HBE1,HBE1
IARS2,IARS2
PRSS23,PRSS23
HAT1,HAT1
CLEC2D,CLEC2D
MRPS31,MRPS31
TICAM1,TICAM1
NAPG,NAPG
C21orf2,C21orf2
MESD,MESD
P2RY12,P2RY12
CSRNP1,CSRNP1
NOP14,NOP14
PAK3,PAK3
TSPAN5,TSPAN5
SLC35C1,SLC35C1
TSHB,TSHB
CDK15,CDK15
CHN1,CHN1
ST6GAL1,ST6GAL1
ROBO4,ROBO4
ANKRD42,ANKRD42
HOXA4,HOXA4
SCGB2A1,SCGB2A1
UCHL3,UCHL3
RMI2,RMI2
SMIM7,SMIM7
NUP43,NUP43
SH3BGRL2,SH3BGRL2
HOXB4,HOXB4
BANF2,BANF2
WDFY3,WDFY3
MTHFS,MTHFS
ABHD2,ABHD2
ZBED4,ZBED4
TMX4,TMX4
EML5,EML5
IFI44,IFI44
MS4A4E,MS4A4E
C16orf87,C16orf87
CDC40,CDC40
ZNF607,ZNF607
TMEM150A,TMEM150A
PIAS4,PIAS4
RAB11FIP4,RAB11FIP4
STUB1,STUB1
BRWD1,BRWD1
VSTM2A,VSTM2A
C16orf45,C16orf45
GAGE13,GAGE13
IGKV1-9,IGKV1-9
RPL37,RPL37
FAM189A2,FAM189A2
DNAL1,DNAL1
HIGD1C,HIGD1C
SIX1,SIX1
TCTA,TCTA
UQCRQ,UQCRQ
LHX3,LHX3
RAB23,RAB23
FANCM,FANCM
ALDOB,ALDOB
ATOH7,ATOH7
TAF1,TAF1
AEBP2,AEBP2
GEMIN8,GEMIN8
TMOD1,TMOD1
SLC45A2,SLC45A2
DMXL1,DMXL1
SYNGAP1,SYNGAP1
TMEM106B,TMEM106B
CENPX,CENPX
POM121L2,POM121L2
TRIM54,TRIM54
ARHGAP17,ARHGAP17
MRPL18,MRPL18
HBP1,HBP1
ZNF285,ZNF285
SH2D3C,SH2D3C
H1FX,H1FX
METTL12,METTL12
RPL30,RPL30
GJA4,GJA4
POPDC2,POPDC2
FASTKD5,FASTKD5
IKBIP,IKBIP
C1RL,C1RL
HMCES,HMCES
ATP2A2,ATP2A2
DDX49,DDX49
SYNPO2,SYNPO2
AGL,AGL
NCL,NCL
HMBOX1,HMBOX1
SAV1,SAV1
TMEM95,TMEM95
NUP160,NUP160
PTGFR,PTGFR
FLNB,FLNB
LCNL1,LCNL1
AMPD1,AMPD1
GDNF,GDNF
TBC1D10C,TBC1D10C
ENSG00000267952,ENSG00000267952
PLPP7,PLPP7
GLCCI1,GLCCI1
NDC1,NDC1
MGAT1,MGAT1
DEPDC7,DEPDC7
CREBZF,CREBZF
ZNF683,ZNF683
COG6,COG6
USP5,USP5
CREB1,CREB1
C3orf80,C3orf80
OR13C8,OR13C8
TMEM99,TMEM99
MRPL40,MRPL40
C1orf68,C1orf68
CT55,CT55
NUP214,NUP214
OR6M1,OR6M1
VIM,VIM
ZNF782,ZNF782
FAM3A,FAM3A
